2026-08-17T04:26:19.292Z FIND Found epoch range to explore:  1014 1018
2026-08-17T04:26:19.293Z FIND Found delinquent validators [
  'J1to3PQfXidUUhprQWgdKkQAMWPJAEqSJ7amkBDE9qhF',
  '6D9w8FRw5EFr5qtZEphPpughN3W8zc8p6zMXg4PFuaXL'
]
2026-08-17T04:26:19.294Z FIND Found reference validator CcaHc2L43ZWjwCHART3oZoJvHLAe9hzT2DJNUpBzoTN1
2026-08-17T04:26:20.058Z STAKES Found:  3934  accounts for delinquent validator J1to3PQfXidUUhprQWgdKkQAMWPJAEqSJ7amkBDE9qhF
2026-08-17T04:26:20.058Z STAKES Stake account 1VvKhDnkzWSCZVj9Dqpf2EUAa8ReVQMUTDWPN2Gnig2 is activated:  0.036778777
2026-08-17T04:26:20.059Z STAKES Stake account 1dkqS4xbFsY3WK8EHNkvWghVtKZoAprgZXLArUqEc9V is activated:  0.120733105
2026-08-17T04:26:20.059Z STAKES Stake account 1t3LkVMEMtkSnvukWfDAq5oeA2awnC6YsVWKQ6pi5E2 is activated:  0.01319142
2026-08-17T04:26:20.059Z STAKES Stake account 12336XxqJbKuXsn2HMCaLHjgPasTJNUQnir8bzWnvmEq is de-activated:  1.004429315
2026-08-17T04:26:20.059Z STAKES Stake account 12DciHN6dLPukLU9hqH8yBQzqAffx4qfafEquEyVMf7P is activated:  1.213152443
2026-08-17T04:26:20.059Z STAKES Stake account 12JXWnwWAvKxTLy4exN6rYtxJKiHehEFq2AHxEfsGDTA is activated:  29.889970681
2026-08-17T04:26:20.059Z STAKES Stake account 12Ne5fRx2mTaGDGq8H33TMK4nJqq2njMBP7ZHYBsZexC is activated:  1.213152443
2026-08-17T04:26:20.059Z STAKES Stake account 12UZwoEVmgR3JDDHazvDcSzQhVhnD14HohHD72WwU9ZA is activated:  0.023768008
2026-08-17T04:26:20.060Z STAKES Stake account 12X6kpMn29X1L3DeLfoJFMWsm6r8kmHB4M7Hw6whGg5n is activated:  1.213673277
2026-08-17T04:26:20.060Z STAKES Stake account 12peXWvGEGGHg5geDLU2BdYHo2UqJ1TasoCKFPVpe1UM is activated:  0.120841123
2026-08-17T04:26:20.060Z STAKES Stake account 12r6aTifC6sUh5cqnnnrxEHnGWQP1Cu583dPFU6WnvE7 is activated:  0.002282881
2026-08-17T04:26:20.060Z STAKES Stake account 1328jH63k9yyJx9gQw2wwxfeHQ9bLcyk7crXLQabgCjV is activated:  0.02472463
2026-08-17T04:26:20.061Z STAKES Stake account 1379wVzqnMfsMbsPyTUaCaVjonmY5gmHkZXMbPkUHHrW is activated:  0.155767212
2026-08-17T04:26:20.061Z STAKES Stake account 13HDZmi5fsK6ghWwHhC15Ghb5Cwhs1EFJNh1rtbfgQrB is activated:  0.120781261
2026-08-17T04:26:20.061Z STAKES Stake account 13RrTSDvN5jB6hpa83picX7Qcq91zYByJPKmvaou7YHN is activated:  0.002282881
2026-08-17T04:26:20.061Z STAKES Stake account 13SsFZnNVf3NcUsNv6eUXEuj7gHdUCzZK26aDkv6Wm8d is activated:  0.069533717
2026-08-17T04:26:20.061Z STAKES Stake account 13mWK4XEeSHbmMoeJwQwYJjd8YoDhywQK5p72dynaCpE is activated:  0.01164495
2026-08-17T04:26:20.061Z STAKES Stake account 13qB7nngrkUhhnzFhSM2ZiGLKQGxvATHYHxNEKYNp6vs is activated:  1.248553365
2026-08-17T04:26:20.061Z STAKES Stake account 13qvdP1LrrsWxSizrcdX1a2AANNhWUVd7EuFyPn9wn1y is activated:  0.021079275
2026-08-17T04:26:20.062Z STAKES Stake account 144EAtWdwyEDuxoHZy3bRnkJRPPWxbR1Z1BGBAkUmJgj is activated:  0.060228944
2026-08-17T04:26:20.062Z STAKES Stake account 148uaWksQM3cLQjvxpF9YaJDcKQPELGJh4anDqk8P454 is activated:  0.002282881
2026-08-17T04:26:20.062Z STAKES Stake account 14MsVk843Gjk77cQJb2rC47XqWwVHsxa88fMeQnnNejZ is activated:  0.012590307
2026-08-17T04:26:20.062Z STAKES Stake account 5CzcmdUdfKYQKDsQh8JS6h2D4vnmkW22CzrvhEdLTZQ is activated:  1.213673277
2026-08-17T04:26:20.062Z STAKES Stake account 5Kaxs4ounHrGAuS2iubrhP6uRAicmbfR2raA12Fsz6g is de-activated:  0.11014688
2026-08-17T04:26:20.062Z STAKES Stake account 5L9tfXjc8oJEPFMt3jzdGfkDwSzuYmQyAdzEn7wKGHM is activated:  0.200857433
2026-08-17T04:26:20.062Z STAKES Stake account 5PP39eMFr36qtBNNk9iEGFJvtqgzqmdJZPVEgJUQqzs is de-activated:  0.112028648
2026-08-17T04:26:20.063Z STAKES Stake account 6G7YsJ5m9uaWXKPmwnkM4aYExqrDysbMVFdT1XzsaFD is activated:  0.120733104
2026-08-17T04:26:20.063Z STAKES Stake account 6aJV53vS4hhNfz8VmLdocR7aNaEZtdxJXgPZ5wtNH9g is activated:  0.120733107
2026-08-17T04:26:20.063Z STAKES Stake account 6hUnzbtu7Go5xnDkXhvFyk8mczqP3n7bqkuAKsy7D56 is de-activated:  0.002282881
2026-08-17T04:26:20.063Z STAKES Stake account 7Xfy5AD7mUQYGAcXyv3PBjwiZVcB3B4SywBvyCPScoB is activated:  0.127250781
2026-08-17T04:26:20.063Z STAKES Stake account 7YGFBQGCFjzzpZc2pdLgtjmFSJsDrK6NqQHtpaDuZPC is activated:  0.060174193
2026-08-17T04:26:20.063Z STAKES Stake account 7rU3ZRbz1WV1YzMsZ66j4efeUv4ZJ4Dc6yzWUvyQ3vv is activated:  1.822442836
2026-08-17T04:26:20.063Z STAKES Stake account 8KeozMcwS9mGxLWGmf1rvJznuf3PANwoZHs4MufM4u5 is activated:  0.01164379
2026-08-17T04:26:20.063Z STAKES Stake account 8ZqcTqUvsrX8jAQkPkxjdB8wASeARyBtwWR3oWgQUXt is activated:  0.002282881
2026-08-17T04:26:20.064Z STAKES Stake account 9BKcZXkvS52HXUJoVAKHhpr55dRPusxjRqAMciWdqfU is activated:  1.216445103
2026-08-17T04:26:20.064Z STAKES Stake account 9Bi5nMxHPFdjMXkKAr8qeyTpEjVLUN3iN3tELiQZAFt is de-activated:  0.139418545
2026-08-17T04:26:20.064Z STAKES Stake account 9SVzrNXQwED4BquzdBqYtyAm21TsMuZesbtepEUeih7 is activated:  0.002282881
2026-08-17T04:26:20.064Z STAKES Stake account 9WnEWrPvp2XYQgESgYwMcSpFzmE5n9XhVqAfwGtKbPE is activated:  0.002282881
2026-08-17T04:26:20.064Z STAKES Stake account AkZdWgxbAauzMM5KFJ4V3P3ojUAqwKZiaJjrPrJJwgd is activated:  0.18428914
2026-08-17T04:26:20.064Z STAKES Stake account BDFgxMFxuZ1sZmxHGG5sc9MfUgfgK2NSLjfPFUzWiYt is activated:  0.01165352
2026-08-17T04:26:20.064Z STAKES Stake account BHEmWL65TpGu4wxENmZrSntVKf5F6Wh6J6AD8s8TVTp is activated:  0.023786482
2026-08-17T04:26:20.064Z STAKES Stake account BRU2yXZH1JjQ8QnKzruwAGn78QAdScoqxDptuhhp239 is activated:  0.102506822
2026-08-17T04:26:20.064Z STAKES Stake account BsTtKuY9paefSs9pqrqrHiyyYVosq4f4LE7wrT84hNU is activated:  0.035924033
2026-08-17T04:26:20.065Z STAKES Stake account BwsGGP2i7gPjGQ5HSaMy3qmCMWNvn58dmiNC1RWWMVB is activated:  0.011484333
2026-08-17T04:26:20.065Z STAKES Stake account CEhbQdpUzzTkQuFBX6pbtZYpaApbVxT5yx1PaWQtxxm is activated:  0.005575781
2026-08-17T04:26:20.065Z STAKES Stake account CKoaLUKFDt5EfVYmbFr2yvoeRf3AsU9b1sYJKEcQSPr is activated:  0.002282881
2026-08-17T04:26:20.065Z STAKES Stake account CYDQWVajWJmk9jdZK3UHLiG14UE91m8ZmG44yJCN4Vw is activated:  0.011632354
2026-08-17T04:26:20.065Z STAKES Stake account D879Pa4aT2vsQxi12oKKpnjx38DaX44R9r977z4ZdK2 is activated:  1.224532426
2026-08-17T04:26:20.065Z STAKES Stake account DdsMH4JPJp9s3ypGUkReJZfnYzgDuPFNyG2DnhcypH8 is activated:  0.011648945
2026-08-17T04:26:20.065Z STAKES Stake account Dk2XPd7HNv3hTm5FaXYyxYFusVJJAb1mPEonxJcqyai is activated:  0.01164495
2026-08-17T04:26:20.065Z STAKES Stake account EBexMme68tSyudKPeWRQ4FSFjLpMjMfy24RuZ1ud184 is activated:  3.312684264
2026-08-17T04:26:20.065Z STAKES Stake account ETMv8bFtWaT8zL2v5NhzhytnLTaXSYv6vwcbSHkcj6j is activated:  0.081108436
2026-08-17T04:26:20.066Z STAKES Stake account EbLcfduPGai5FVDmBghNdyASYJu2E7N23kwhpvd4GG6 is activated:  1.214193506
2026-08-17T04:26:20.066Z STAKES Stake account EhDoGCcnfhY1EZq1Gjg2ecpqDWVyDstyWTwzob6rZJj is de-activated:  0.002282881
2026-08-17T04:26:20.066Z STAKES Stake account F7gu8LiEhihhNof2GgmxXJZVaauZ1mxJa4TNTgS1n1c is activated:  0.120841123
2026-08-17T04:26:20.066Z STAKES Stake account FEMABaBbgGFXTs4SuHufRttAa3yrm3oYyuuEc5guF7h is de-activated:  0.201670641
2026-08-17T04:26:20.066Z STAKES Stake account FYPBLXeN7kAW362QBzCbd9faAVXiRWvwMe3S68vKuEE is activated:  0.010283128
2026-08-17T04:26:20.066Z STAKES Stake account GETHcZP3vQqG4pZRTgudnzsYCEyDayKbhaj6ATMHR51 is de-activated:  0.102733804
2026-08-17T04:26:20.066Z STAKES Stake account GVFHEEP2NGJbgzB5tzikJ1iV8ucT7iB75n6tjjiFYJr is activated:  0.011640899
2026-08-17T04:26:20.066Z STAKES Stake account GZLDfHgxehisLiwMd9SoJz1NsmQ9wxv4hh7R6fo3r9A is activated:  0.021566172
2026-08-17T04:26:20.067Z STAKES Stake account GnrmrzbutMvdraNB9dsuHv2VhrPysg3YDMFxMUL8gob is activated:  0.011644686
2026-08-17T04:26:20.067Z STAKES Stake account GvxLccpUkq2yVkkw4JQJZZgbXiN1AnFpRb82pg399Ba is activated:  0.002282881
2026-08-17T04:26:20.067Z STAKES Stake account HJv17iwGw3bhhgf3Xx9Fvb2x1UG8ztnkGeBE8tW1rQU is activated:  0.005580204
2026-08-17T04:26:20.067Z STAKES Stake account HWaTJ1ByRsyATciUKueBvkHKZghWd6ytauvMCXcuxuh is activated:  0.002282881
2026-08-17T04:26:20.067Z STAKES Stake account JEG2SbqiMJeL237FthQ29aCh4XAABFfbCngpsdQu3FS is activated:  0.002282881
2026-08-17T04:26:20.067Z STAKES Stake account JRsgFX9xiRobc7ACt4TqoQ4LKmKYEHE8Q4bxdCDp4YA is activated:  1.214819299
2026-08-17T04:26:20.067Z STAKES Stake account JbuSjCMMHnNK3MmnYnnaAMohhRWyHmf7tBjFFkTSA6H is activated:  0.604856378
2026-08-17T04:26:20.067Z STAKES Stake account KNaagM4ZNQxcv9MsC34CCRVYUWe15tupTVbM8hsGpEM is activated:  2.11967354
2026-08-17T04:26:20.067Z STAKES Stake account KTR5aokeQ1kHTtnQpiCcGjHXKwA1ijtkX3dmkBajkeG is activated:  0.021693966
2026-08-17T04:26:20.067Z STAKES Stake account KTpBrWfwuzQBuqJdYYb7RSMSAhhiK5FPHkqW53Bm4zD is activated:  0.060149312
2026-08-17T04:26:20.067Z STAKES Stake account KoiyJc36stUk7eaSXXpjcfRiXsvfV9EY4t7RAwCmWzY is activated:  0.010132963
2026-08-17T04:26:20.067Z STAKES Stake account KysMenzXmdA8wVVvMgLVSj2sRArP2zMc7ED1tnyES48 is activated:  0.002282881
2026-08-17T04:26:20.067Z STAKES Stake account L55SewoaZzkb6ahGt38NUgSyKdZZ2uan9QGGufsjmD7 is activated:  0.002282881
2026-08-17T04:26:20.067Z STAKES Stake account L74BdyM5MULpoH1DkgQHT7dMjBdBCBa2ZYMQf3Turky is activated:  0.261243877
2026-08-17T04:26:20.067Z STAKES Stake account LLGToEfnG6hBeKywsT9LrqaeG4V5R6H4FdubVfWX1ng is activated:  0.120883114
2026-08-17T04:26:20.067Z STAKES Stake account LRrbuZUcRtmSaF3Kqvvog7WwG8Z2ejZogZhYsDkHZw6 is de-activated:  9.082691735
2026-08-17T04:26:20.067Z STAKES Stake account LT22xoQ9THp7Z7ancWFYKTCxwEZFPVU4jKLKs1BNpEJ is activated:  0.002282881
2026-08-17T04:26:20.068Z STAKES Stake account LfeYfWVhmZWHTxmygrKykH7fCDAtnZdEbH7zzaqqRCm is activated:  0.120733104
2026-08-17T04:26:20.068Z STAKES Stake account LobHh2zFTvefAHdKvYtaviXzWnafbELrayUya4k7S7z is activated:  0.121785135
2026-08-17T04:26:20.068Z STAKES Stake account LudhF4WBDscyCyXVV4yWDjw3s4Vz94KwJ9aE8P69HKd is activated:  0.011635383
2026-08-17T04:26:20.068Z STAKES Stake account LwRrd57qhwdtJx29XQ1rFeoANswrHkRoFzxd65grheb is activated:  0.005312598
2026-08-17T04:26:20.068Z STAKES Stake account MuHEuTv8GQ9Apa3LbGC2Jn8ARavif9iKiQNMWuwkPsp is activated:  0.060174193
2026-08-17T04:26:20.068Z STAKES Stake account NCZQnxMxisYMi3eKYcFqwn4GdKv3bb2bCq79ke4LiFS is activated:  0.002282881
2026-08-17T04:26:20.068Z STAKES Stake account NGy8RHYRkNd5rzUxMSWWJto5Ds2x8yGhhoudtQGMhT3 is activated:  0.002282881
2026-08-17T04:26:20.068Z STAKES Stake account NbgDkCenfNbtVR81vinJA6N1yPemfe2zB7nFcfU2dTQ is activated:  21.587930917
2026-08-17T04:26:20.068Z STAKES Stake account NcXHwkG1QBVNTRSbCd1CM37GTWBiJYmvVjeaBGeSdwy is activated:  0.002545697
2026-08-17T04:26:20.068Z STAKES Stake account NoCLFFWhFR7yaHUo3JBPsNGyHXafUPVqVLsUznNp18k is activated:  0.002282881
2026-08-17T04:26:20.068Z STAKES Stake account NzGuY6g8s2VYXubQxCPtDfGtPoTvuKnNxgoyc32Ya52 is activated:  0.245679931
2026-08-17T04:26:20.068Z STAKES Stake account PVeVR3eEJm55hJQUTKKyDf1gTX2cWnW173P1svi8uqF is activated:  0.070252439
2026-08-17T04:26:20.068Z STAKES Stake account PWsEQtCZj5sYHf9CwbnkR8f9Jfo9xf2GXEWBEELYWc9 is activated:  0.004363648
2026-08-17T04:26:20.068Z STAKES Stake account PY7sXpPUvWR91vNJMGChQavTY5VBqKdpPDzK9i3N2HN is activated:  0.002549036
2026-08-17T04:26:20.068Z STAKES Stake account PYAKL3HpTc589sRHcCGQxApeUdvBdh98vGZFwYAtXvq is activated:  1.316601486
2026-08-17T04:26:20.068Z STAKES Stake account PsbXBXvbKVpUWvHxktTKabuQ5k9m7F1sM8uu5VzZ1La is activated:  0.120841125
2026-08-17T04:26:20.068Z STAKES Stake account Q11kndyZE9JD9rCmKNnZj3T6d9cuEcZ8K55oRP4qis1 is activated:  3.465465056
2026-08-17T04:26:20.068Z STAKES Stake account Q2Z5jjSx51TEe4kqDLawECy9jxzVFZmcd61M73VTWFV is activated:  0.002282881
2026-08-17T04:26:20.068Z STAKES Stake account QD8UEUzAYKUxvim5dpFocdkstZEKHdDSVDpBRytGQoY is de-activated:  0.101482461
2026-08-17T04:26:20.068Z STAKES Stake account QJSPiuyb3AorcdxqnPiegZrcw6uTbnKyj1A2X1QiSHL is activated:  0.011983969
2026-08-17T04:26:20.069Z STAKES Stake account QaAa5HLVzZSDXUu4fHjFCWpgjqscpRVTL7ximaVJ4P7 is activated:  0.12083777
2026-08-17T04:26:20.069Z STAKES Stake account RKFTECtEXPYiGoJoq4Bgkt9mDEnmYwr4edfyuqPK4Ea is de-activated:  1.840630194
2026-08-17T04:26:20.069Z STAKES Stake account RMd5DVTgpxG2uPRf41nYXh6TsXyJjmwyBErk9yiH7G1 is activated:  0.064157097
2026-08-17T04:26:20.069Z STAKES Stake account RkNtM1aT2ELpYY9e54xmuxX9PbJ7Wdxasc8QtAtDkLo is activated:  0.002282881
2026-08-17T04:26:20.069Z STAKES Stake account RoCkxpTjV8AE39ip1TeCsb6T16QmwyAcUBjztuVumW3 is activated:  0.119512492
2026-08-17T04:26:20.069Z STAKES Stake account RqvXUgtKZ7br4U2VW49GcLt98uRC8fJD2sVcX8mKujG is activated:  0.111520028
2026-08-17T04:26:20.069Z STAKES Stake account RxaaxceJzbACYe9f4vHc36W6jLXTdYAXJZGnVVpo1aH is de-activated:  0.017186761
2026-08-17T04:26:20.069Z STAKES Stake account SB6Zn5j39R7udE5dYjrj9zseHEi5Q9uSn5nf2UpH1Jz is activated:  0.004446635
2026-08-17T04:26:20.069Z STAKES Stake account SDemu8Q9ubCBgZiH1pT5eS9anT9ZGF6vQ1c3UKKsxjP is activated:  0.050225514
2026-08-17T04:26:20.069Z STAKES Stake account SV5XWNk8dB8HRjrxPm8Ajs2NaAcqs6jZoiAy6FPAmJU is activated:  0.008785564
2026-08-17T04:26:20.069Z STAKES Stake account SVysY7CJrSvbotB884o2vyaB4dH2LsVBW9nzGn1K4d5 is activated:  0.002282881
2026-08-17T04:26:20.069Z STAKES Stake account Ssf3796iWts2LUdyJgwx43sSgKdMZ2yWCRejWXWRdUY is activated:  0.025323783
2026-08-17T04:26:20.069Z STAKES Stake account Tu9ErJYZhM8A8XiiX7vLBKZJ4BFTLzQiaxwTyUD6ogP is de-activated:  1.003112065
2026-08-17T04:26:20.069Z STAKES Stake account U1iLEmbofibuJciuQqhyYiLbF5bKRFbzP7EJ2itD7aB is de-activated:  0.002282881
2026-08-17T04:26:20.069Z STAKES Stake account UBECMb7ih5iZVTBdvxjJPy9mzimJZYfmv5LKcQWyxX8 is activated:  2.121528401
2026-08-17T04:26:20.069Z STAKES Stake account UMqvq3A6Vzixb2ECcW2GhbcbxWX8Nb58umNJGvLtpVb is activated:  0.509875377
2026-08-17T04:26:20.069Z STAKES Stake account Ut3BqxECk7PM4yZiQwbXem37eHuMJDPcn9aSrVWUmDP is activated:  0.128056954
2026-08-17T04:26:20.069Z STAKES Stake account V5mKvkrRkqJtF5pFYoy4nnpMT4rJ1EKwQWdNoVt3CsW is activated:  0.060199068
2026-08-17T04:26:20.069Z STAKES Stake account V9NKGjpe1F4KJGUsd8X6NUJumyvCNFXQRW6aPiXHW3a is activated:  119.840463128
2026-08-17T04:26:20.069Z STAKES Stake account VXPgH16J2RWfZwyPbbfThGwwYAm5nnKAzwBj6vWQYGA is activated:  3.03387118
2026-08-17T04:26:20.069Z STAKES Stake account VieKGxuHSPdqFGSFCVeSuAfYD4Fu14qE7AyPohDJikF is activated:  0.003494437
2026-08-17T04:26:20.069Z STAKES Stake account WUyxtU8z1uXkav4H9fDWvymdnSe2DPxnsb88rZzBjZu is activated:  45.865273669
2026-08-17T04:26:20.069Z STAKES Stake account Xen52bZGTWsamtVgDLCLSJPM9Rh3D9mhiZPmkabK2qn is de-activated:  0.537868805
2026-08-17T04:26:20.070Z STAKES Stake account XnkkVhAVXv9z3UqpVAjrea7TnDf5w3vBzufDsDnjQjn is activated:  0.122579224
2026-08-17T04:26:20.070Z STAKES Stake account XsEGgqq5B1g3EyiWdHY8e7ievjZQcWEDqoAAsBBzNvH is activated:  0.002282881
2026-08-17T04:26:20.070Z STAKES Stake account Y724DmnHM5Qb62gYFQSrn95akMyzvPomCM9PU51yNh8 is de-activated:  0.100041599
2026-08-17T04:26:20.070Z STAKES Stake account Z886iSFdzWkRdvL2Y6odY35ARWtoLbCd3itjadPd8c5 is activated:  0.002282881
2026-08-17T04:26:20.070Z STAKES Stake account ZSuZXJGhwMfMkQZbPQgh8PcP8YczAJ1yh5FEwDHVwuh is activated:  0.606718844
2026-08-17T04:26:20.070Z STAKES Stake account a1s1wMB7ogJEuE7brUF6bP9o1q9vanaJJG7ini7hssA is activated:  0.241979975
2026-08-17T04:26:20.070Z STAKES Stake account a5Z5b6jBhMEA2qFj2f8Cyenpb73oAsSvQNwLJqdFMiW is activated:  0.003152329
2026-08-17T04:26:20.070Z STAKES Stake account a66kvZLuTfTPDSQpKexUwHZ4waaoDsxjywyrMpqAkM7 is activated:  0.300196511
2026-08-17T04:26:20.070Z STAKES Stake account a8HPdtX7MdbgRQwDfPcvAJywrF1i3YpDLDkgwH3Dhch is activated:  0.010744094
2026-08-17T04:26:20.070Z STAKES Stake account arU9iQvkxTYsvhZT5wBNoEHtJ9pjaU9o6XZPEFRroNY is activated:  0.120733105
2026-08-17T04:26:20.070Z STAKES Stake account ayZYwAsVpjSDiResyfcKSYxZBEwrfgdVq3kfk7XZExW is activated:  0.060172556
2026-08-17T04:26:20.070Z STAKES Stake account b5LAzum47PoPDXn6qUkbvWWEzRFmXywv7ySdH5Sine5 is activated:  0.120629009
2026-08-17T04:26:20.070Z STAKES Stake account bR9jL1jbAhRZ8jYExynBACH28VwemjMBpB9fsQiZvkJ is activated:  0.002889154
2026-08-17T04:26:20.070Z STAKES Stake account bTcfGvYJRkDzcuREmP45snuGNEY5ayYZFhaKwYc8PLC is de-activated:  0.152042289
2026-08-17T04:26:20.070Z STAKES Stake account btyGmNjni1dkWittbC6ikLPgPW2Vyy8vNzSwWGBLNQ6 is activated:  0.008937371
2026-08-17T04:26:20.070Z STAKES Stake account byQEUFFynqMY4THPji1hFtqhZKayBjKh5SqG6Uoa9bx is activated:  0.035895131
2026-08-17T04:26:20.070Z STAKES Stake account c2WjwDmLs45uikErDsmuSqo7F5CHZ9ewQwCx6zwRvJ9 is activated:  6.052209525
2026-08-17T04:26:20.070Z STAKES Stake account cHpsWMavwDwQonVwBhdjDsjMD51nWVV3tPLBs7EzHkx is de-activated:  0.701332602
2026-08-17T04:26:20.070Z STAKES Stake account cM9uuPFcNAV2T4zfBMLZdooN4eFxTQdd3BHwRXWfisK is activated:  22.701757744
2026-08-17T04:26:20.070Z STAKES Stake account cnEoZ3n2wPfVgRLSGYdNLwsWstmczWvZK7B2n1c3pa5 is activated:  0.067740529
2026-08-17T04:26:20.070Z STAKES Stake account czw3cswC4LDWLMCQCJHVfaczST2jXQ4DmFKnic6R68V is activated:  0.023777247
2026-08-17T04:26:20.070Z STAKES Stake account dVoUfV4mY9GH2eTFsMdouTJzSnTCEa8q4mBegRLszqj is activated:  0.060174192
2026-08-17T04:26:20.070Z STAKES Stake account dfEHz8ZY62t7K2HgggW8Kov6owRoNEunqAnyrS99UGa is activated:  0.023777247
2026-08-17T04:26:20.071Z STAKES Stake account eoWvuUfUpZT6ubaBcGriL7MsZZjUbLp7kUG24ToZyEd is activated:  0.002282881
2026-08-17T04:26:20.071Z STAKES Stake account erAUT8amaaafgjZ6dh6EnCSg2reLNycp2Gn3gHNjCWH is activated:  0.382883489
2026-08-17T04:26:20.071Z STAKES Stake account eyN3GKe7Q7BZbZtCSve6zR6DQzZsuRQv8hwuUoTSceY is de-activated:  0.10180948
2026-08-17T04:26:20.071Z STAKES Stake account fgRo3Wbqba9AygRCE2De2dvUBj1B8fhQSwK8gahhqGB is de-activated:  0.020696903
2026-08-17T04:26:20.071Z STAKES Stake account fzAuReZrmqBZw8ZbMYiQYgg97Spy2hyWpYhTN9Zebj2 is activated:  0.002823302
2026-08-17T04:26:20.071Z STAKES Stake account gELYYriLGJxD225Uyb5ZUQMRv15kag62MKbk1VUmesz is activated:  0.02983156
2026-08-17T04:26:20.071Z STAKES Stake account gWnNDwtX1rEDgxh2C6SfMC5Fpa3K74UnUEKPdAPJD4S is activated:  0.02651247
2026-08-17T04:26:20.071Z STAKES Stake account h6dSx7du4ficvCgYbsLgJ89ftBttSNoLQC6LnVsNfno is activated:  0.035909574
2026-08-17T04:26:20.071Z STAKES Stake account hWVsff6WVjoVtEqHuraBteM4NpDve379D3pJGwWjQng is de-activated:  0.100746984
2026-08-17T04:26:20.071Z STAKES Stake account hn6xavX5izxVbRUx96ZRihu2S6yCjFt7znxUwGjFprx is activated:  0.302886966
2026-08-17T04:26:20.071Z STAKES Stake account hoYZFPvU7p7bAmMtzyGNR3PNyNjVnhnPAvubjKFKhVV is activated:  0.008331712
2026-08-17T04:26:20.071Z STAKES Stake account hx3xxvZHqjV1tifKshCZbqBhTreKkibnQ4Nura8t75j is activated:  0.014671762
2026-08-17T04:26:20.071Z STAKES Stake account i6jDWv8JZ5VfyL5KxP5TTh5xgJaTeAqZXMGPbQhhEjc is activated:  0.120892018
2026-08-17T04:26:20.071Z STAKES Stake account i9PdbUcHLcAYy47EExZX3W3UhYVMGeJwZTUPf1nqvff is activated:  0.00315304
2026-08-17T04:26:20.071Z STAKES Stake account idNNm2ZcgPfUckMcD399SGHeonHUtenzTDTMyKQ8im7 is activated:  0.126141083
2026-08-17T04:26:20.071Z STAKES Stake account ip1c2b9QAjTAncimFYfhoRWVLhd9g4bsSHdUEGzFCKW is activated:  0.060479156
2026-08-17T04:26:20.071Z STAKES Stake account iz5ECJ9oB1aFYobn8wQtE8DAAD6apWiT8PUfu989LDS is activated:  24.25261768
2026-08-17T04:26:20.071Z STAKES Stake account izCGwxo63Af3GptMochbKJdRCRi5j9xYX18TqeGuyQo is activated:  0.056236437
2026-08-17T04:26:20.071Z STAKES Stake account j9SkgRGuqA5zKiYSxCuVxvLp6vq2bLBzJmqfVNzPjRk is activated:  0.127136903
2026-08-17T04:26:20.071Z STAKES Stake account jAWVT1ox48cHUi3qicNvWL2t8zfZXUaiLjzhKwMLJx7 is activated:  0.011644248
2026-08-17T04:26:20.071Z STAKES Stake account jXQbVai7gPwUUEtiGCMNCR7uEQiJU5vstshbFANPsDY is activated:  0.145117755
2026-08-17T04:26:20.072Z STAKES Stake account jbDZVAFPhi9KB23iEGApgm5HeWQFcR23Bk2rzPhr1QE is activated:  1.213152445
2026-08-17T04:26:20.072Z STAKES Stake account jfRcZNyBq2NCi5Ei7iofrgYJTVLyQaVQr4JqTqcxxws is activated:  1.215340086
2026-08-17T04:26:20.072Z STAKES Stake account jtpuzSo3WLyXmjB7EWxHqmk51fm5f4UuETN3VdRhoF5 is activated:  0.011636137
2026-08-17T04:26:20.072Z STAKES Stake account k24iKFa9K4RXFEu2kjszZ7D4tyw7EsDuzKYFQDLjXk3 is activated:  0.011488269
2026-08-17T04:26:20.072Z STAKES Stake account k3beq9gs7tBX3UbgHXe7GvRUHuqKiSpRNNduL5ekDWW is activated:  0.011648945
2026-08-17T04:26:20.072Z STAKES Stake account kPbrHPDH76gE8EfJZ6y7ZeizysjjwCB9K6uoZs8GU4F is activated:  0.678455053
2026-08-17T04:26:20.072Z STAKES Stake account kQSVMQKK1QhUjvJLCgBhndeLV1nPpSouFtmVgsLF58t is de-activated:  1
2026-08-17T04:26:20.072Z STAKES Stake account kpx9pruiHpQyppJpzEtpn6XvEMCB8Df6taF12rXxU19 is activated:  15.108992092
2026-08-17T04:26:20.072Z STAKES Stake account mBZ7DkasA1mR159ZJkTuX9Mqa6j4qr4T8F3fZo9JX2W is activated:  0.002282881
2026-08-17T04:26:20.072Z STAKES Stake account mrttFx6jKYYxXBPKg9chQi8UNvcfoWqCDKt8AWTP6EE is de-activated:  1.096410306
2026-08-17T04:26:20.072Z STAKES Stake account myKtpCihi3aFaecwn7FjwG11aXyKRFXkfEmS9Syc6dR is activated:  0.016846895
2026-08-17T04:26:20.072Z STAKES Stake account n6kJp3f7sKrgoXPidWHeUbtoscrBXvV6qzgDAbWm8Kq is activated:  0.092020281
2026-08-17T04:26:20.072Z STAKES Stake account nL9zWNQVxQMBtDhFhvwSV4yw9u1ioZJXW7iPUpQ7R5k is activated:  0.023768008
2026-08-17T04:26:20.072Z STAKES Stake account nmwiFdKgZUCmGh5pSm6nT3b8gsbr1dpkLYQ3bYA2Fbb is activated:  0.120892017
2026-08-17T04:26:20.072Z STAKES Stake account nvnvc89AsKzGxHjsUL6TQBVAoC9N8FfQnoUqMbyv16y is de-activated:  0.002282881
2026-08-17T04:26:20.072Z STAKES Stake account o68KGkuZAgZF5AqBWFdXrkb13LS4BZURKcTepT5BU2s is activated:  0.181576589
2026-08-17T04:26:20.072Z STAKES Stake account oVwkk9wJrkzYcvUptEtbq7fEtTrsjjuWex3Y5XkR4Qs is activated:  0.005264102
2026-08-17T04:26:20.072Z STAKES Stake account p2YXep9D8aZgvB5LZuw1HfgDkZuj9vaUVaSDbQAjFoL is activated:  62.975439662
2026-08-17T04:26:20.072Z STAKES Stake account p6VWYCTqnmk1SPyCrszc2TyQHhwq7soUn6v58jsjMGu is activated:  0.322152813
2026-08-17T04:26:20.072Z STAKES Stake account p9YdTXxHuDfh46NyduwK3aMbZb3JNf1mVQHsPi7qLnZ is activated:  1.214193506
2026-08-17T04:26:20.072Z STAKES Stake account pDm14A8BZgV7uuturJcvFXGyLYYZhSRY3JGPirfmU8M is activated:  0.002282881
2026-08-17T04:26:20.072Z STAKES Stake account pSkbsRWGcubzH1FQo9stRm83Mm7b47m9VYbHTKnWYnY is activated:  0.005575781
2026-08-17T04:26:20.072Z STAKES Stake account ppbL4e1mtAK8KXK5NDnxpajVaTY2RxLdP7KHTWLbap9 is activated:  0.148361221
2026-08-17T04:26:20.073Z STAKES Stake account qLiQDFhCw9XYaXLmF4kDemSiggbiojkUSh22tXmpgki is activated:  0.002282881
2026-08-17T04:26:20.073Z STAKES Stake account r3z5yUCMGMrKh6bqZq8bkX6RgU8jNzL1veiZtYHnfut is activated:  0.008345673
2026-08-17T04:26:20.073Z STAKES Stake account rAZv172RoEN9VEbCGZfEs5iKDekitng5p7USkaMsuDV is activated:  0.061098713
2026-08-17T04:26:20.073Z STAKES Stake account rEbgW2SjYxuRaWFw5u8Qhiew3L9SabzXWuvZBcT8Cky is activated:  0.060192762
2026-08-17T04:26:20.073Z STAKES Stake account rLzPX736B3yA25wqnQsTDX72znS8vLRef275VF4HRLJ is activated:  0.011636401
2026-08-17T04:26:20.073Z STAKES Stake account rUQP5UCvx3TExkdQYQQFqHoGtiyukYYVqwg3wVWHAsU is activated:  0.012386659
2026-08-17T04:26:20.073Z STAKES Stake account rekuFZS5pjgr7mwFdWjDP5F4C1f6sEESN8wyqS4ffZ5 is activated:  0.493626158
2026-08-17T04:26:20.073Z STAKES Stake account rgjca8Rp7PHJ1HncLA3VxYPwd3KPymbYd8Q3CpudjWg is activated:  3.644993228
2026-08-17T04:26:20.073Z STAKES Stake account rrUA27DQwCcFe2aKCKCGjj5SVhryDM3Gnv6c8pKD38U is activated:  2.877371999
2026-08-17T04:26:20.073Z STAKES Stake account sDSygeXmwzqsYSmtrQ45SDD8t4XMZZattbzEVxPm1XD is activated:  0.01164495
2026-08-17T04:26:20.073Z STAKES Stake account sJnZpEUgymtXCvdfQXNfvfnVnKzSzjmqd7jJJgKmpRr is activated:  0.087208505
2026-08-17T04:26:20.073Z STAKES Stake account sTgjZhzp2pRLTeWLYXksqyZyzg72eoTTwSu6Srja8Gi is activated:  126.188999074
2026-08-17T04:26:20.073Z STAKES Stake account stYWXAYXP2N5CETGg6FXXJUtDugqaGGwyCrSPoKqnGU is activated:  0.120729754
2026-08-17T04:26:20.073Z STAKES Stake account uYRV23jEgZBujF1hXFuKEnggRwScknBQ9PnurvcGUw8 is activated:  1.210036927
2026-08-17T04:26:20.073Z STAKES Stake account uhCHTBfq1vrSWxjrEyR3nVFHB49uMrHftvojqMS6kCH is de-activated:  0.00442893
2026-08-17T04:26:20.073Z STAKES Stake account ukWYcqcT3LCcBw4hJxQ9FCLp3aMXSRPVPQpHNV2shfV is activated:  0.002282881
2026-08-17T04:26:20.073Z STAKES Stake account usS4khTqGWSAAzzSZthcUCpCJ7QzZjtQsd2ECxMha6T is activated:  5.97181732
2026-08-17T04:26:20.073Z STAKES Stake account vMzi4KVxV7stSZM1gpTi1peDctmBzTFegKRRLCn1Xxr is activated:  0.120892018
2026-08-17T04:26:20.073Z STAKES Stake account vREeRLLKR25UdVENnGHTvapMgj5FZyXzBgsiv1k7DMD is activated:  0.002282881
2026-08-17T04:26:20.073Z STAKES Stake account vb773o7Wn56VPfZ6WMtHWQGo3zRhyxd3qVPChPYxj65 is de-activated:  0.095188051
2026-08-17T04:26:20.073Z STAKES Stake account w3gWicup79xMsstp3aVz7gUbGWM4gDL1Fd19deqNeVs is activated:  0.061412802
2026-08-17T04:26:20.073Z STAKES Stake account wFbw8Kmdhsnu1oPZDWBMBUXHehMeNfxzWXVYFmapuY4 is activated:  0.605908845
2026-08-17T04:26:20.074Z STAKES Stake account wGgh3rSV9fF3i6AzFv4ymoST1uG4gYDM6dg77BJY6P9 is de-activated:  1.153817788
2026-08-17T04:26:20.074Z STAKES Stake account wHmxxzqMJr7dT8CQYmK366qX6Xk14V3MkVr1T4B6UAR is activated:  1.215338734
2026-08-17T04:26:20.074Z STAKES Stake account wQTX7ubDn3asNndywQa84EBZbm88jdZopy68S6Cc27Y is activated:  0.181417484
2026-08-17T04:26:20.074Z STAKES Stake account wfRGvzK7sxdfu9368H8whsxgCMjGA2xnEn7w1dpt71V is activated:  0.605116639
2026-08-17T04:26:20.074Z STAKES Stake account xRddWNi3xwZoPHJz3z98Ey9g1C68mDpvKbJePnciKRW is activated:  0.019866565
2026-08-17T04:26:20.074Z STAKES Stake account xSUdVrebz98eQZAxVp1grXTqPyBqzSvhKtsRiuab9cf is activated:  0.011877193
2026-08-17T04:26:20.074Z STAKES Stake account yGWD2iDE1DRrPJoRX9UtStUAdzbLBH68Vx6Qc3Sgq9t is activated:  0.120892018
2026-08-17T04:26:20.074Z STAKES Stake account yYcPbMnaUBUa5meAnfzJ1sEpEwNb7ggpHBq8qp7DnKA is activated:  24.127950888
2026-08-17T04:26:20.074Z STAKES Stake account yayLHGbMrigk3Gr31S4yffiPsHgD4aZbXgtqpgN4Pdg is activated:  0.01164495
2026-08-17T04:26:20.074Z STAKES Stake account yqedkwX3hF6Q14gX9gZ15kM3hp3NohyiHLW4EjgCX9i is de-activated:  0.102713261
2026-08-17T04:26:20.074Z STAKES Stake account yzPgeyLCPPvzQ7nRbunnpkAfAoL2h13mCdwYn9Gk3RH is activated:  0.12083777
2026-08-17T04:26:20.074Z STAKES Stake account z2PEFF3PXUtXGXETtwveXiTxy9rmPvDszcQ5T5w6deJ is activated:  0.062999549
2026-08-17T04:26:20.074Z STAKES Stake account z4KWQGLgwBvcLqoYdsr8i117GN6X3yKNJqQeUvzaj2a is activated:  0.023796979
2026-08-17T04:26:20.074Z STAKES Stake account z5fv6En25ibcZPeF8PL6tw644dWQgXZBdhBs8abQdFG is activated:  0.036859381
2026-08-17T04:26:20.074Z STAKES Stake account zACCZg4NAzxEWmm11c1yETaYb673ZFYbQoqcbxGp8Wf is activated:  0.011636401
2026-08-17T04:26:20.074Z STAKES Stake account zjauTMsFiTDRL2bsqrgSfdXpp2sb72ZnAPTNpFeud63 is de-activated:  0.010010519
2026-08-17T04:26:20.074Z STAKES Stake account 21BPTESMJ9M96R6phm6Dk68qqhK7C6rGSm5gQULXLyQ4 is activated:  0.002282881
2026-08-17T04:26:20.074Z STAKES Stake account 21JsVwDjdCWXfTxzqmPiHjEex2GqgXWAPZKu9JHjAUVT is activated:  0.002282881
2026-08-17T04:26:20.074Z STAKES Stake account 21jQXK8PJRQ4y4E3w9E7DUVGwKmE5S3bU48PZpdSViWu is activated:  0.002282881
2026-08-17T04:26:20.074Z STAKES Stake account 21mFw9rmzKBe1cbvDCXZA5t2Et3EV9F26kX6JW9zE8vR is activated:  1.222515903
2026-08-17T04:26:20.074Z STAKES Stake account 21mozkq51Ff1kz6jNWTT9cqwCgkc2BiZ24YeN61vtEMR is activated:  0.011640635
2026-08-17T04:26:20.075Z STAKES Stake account 21r2oHzLbSCMQPLPkZ8RoxMnb9DEQtUnMXSpT4qbvX8j is de-activated:  0.01556097
2026-08-17T04:26:20.075Z STAKES Stake account 21xSTwYvi5u3qMWfqVCaZkLzTJeTDr83nCNxfAmveToz is activated:  0.120790158
2026-08-17T04:26:20.075Z STAKES Stake account 21zH6mHoz1Pc5iaiffuis3oXtoyZKTBewBhJb6JHLrDU is activated:  1.213673277
2026-08-17T04:26:20.075Z STAKES Stake account 22QnWzmSXMNbm1MFLzcaV3e7PGVzaorjk9aZGG6YmiGf is activated:  0.302757728
2026-08-17T04:26:20.075Z STAKES Stake account 22gonNkN5suCBRgfuF7HFTzKeFFKHvKa2sYhw2HMy8Yy is activated:  0.120841123
2026-08-17T04:26:20.075Z STAKES Stake account 23dsEYqhS62dpRPzLKTowRt4KBtqgETWCxfbJG4NxBD6 is activated:  0.120892019
2026-08-17T04:26:20.075Z STAKES Stake account 23fc2ydS89ePfbcVL2zXhPedP92ETLzsyAb8BS8xD1Pj is activated:  0.830807651
2026-08-17T04:26:20.075Z STAKES Stake account 23n7Nb1ZL4HVDRVRBN8t63Ko9nMoFhKybTkvcK9ndpb9 is activated:  0.002282881
2026-08-17T04:26:20.075Z STAKES Stake account 23tF6wiHk31A7KzHW9XU8Co6hbDoyi8sn2Jzt5UJ4izz is activated:  6.190715565
2026-08-17T04:26:20.075Z STAKES Stake account 24W6diT75PcH1xqBkjTGmVLVLTfMJfNpgZjc6DmjMdYi is activated:  0.120733105
2026-08-17T04:26:20.075Z STAKES Stake account 24szXxXzJtkyoLGesHiqzX94Rg4NPddDpPBk3iPTACey is activated:  0.010166847
2026-08-17T04:26:20.075Z STAKES Stake account 252iGzSBF8WwA3XvPqxF6p8Mc5gqxi4ZyP43u36qpQMD is activated:  0.002282881
2026-08-17T04:26:20.075Z STAKES Stake account 25KrcmCWozVTbQVFZpdMu53m74N3UsMgqB42dkgeozks is activated:  0.120790157
2026-08-17T04:26:20.075Z STAKES Stake account 25QS2BdVAVKkq4GVXioMhQbHsmyewBhBmTfSWmsoTZ6C is activated:  0.014424759
2026-08-17T04:26:20.075Z STAKES Stake account 25TXd4BwrJFJiGfqDWZnyY8C2dzXq6curbdfwhUHiHZp is activated:  0.011648945
2026-08-17T04:26:20.075Z STAKES Stake account 25erfotgHRuHzjRMgwNvkHFYPkz6FNMznLbjiaBuMKtG is de-activated:  0.063809675
2026-08-17T04:26:20.075Z STAKES Stake account 25gyURQ2VH9TMeFKpvuQv9zgo5fhy2sYvqKXX48cWK1o is activated:  0.242301638
2026-08-17T04:26:20.075Z STAKES Stake account 25y7jMRceKr5hjC3N1siQkAXZVQSDgh7v8LGe81FXfFe is activated:  0.025323783
2026-08-17T04:26:20.075Z STAKES Stake account 26SzrYXfiYL5pFPAWSg8aVSGLnnxXpkppDKVmKj6n4SY is activated:  0.01319142
2026-08-17T04:26:20.075Z STAKES Stake account 26TaTVZQNPFnCoqvZWy5fNoWHpXAzFgNZ3H9x2K7s5py is de-activated:  0.572591488
2026-08-17T04:26:20.075Z STAKES Stake account 26UfvPTPGk8P1wt1T5JpEn1nsoT3vs5PPdqRQbiS17qK is activated:  1.193885718
2026-08-17T04:26:20.075Z STAKES Stake account 26ea6YEwjcrFAFVPrF4nVpDX6TiUBuJodHkBomVBn9mE is de-activated:  1.082283031
2026-08-17T04:26:20.076Z STAKES Stake account 27Wgxi8sfujAZkhjyyqQvXX1JRyTBrmd7Tr4VMTvwN3T is activated:  0.002282881
2026-08-17T04:26:20.076Z STAKES Stake account 27rjjTKMN397tmPGApPRc83VH17ZxHdt5sgYckEk8e6U is activated:  51.424089043
2026-08-17T04:26:20.076Z STAKES Stake account 27xMEY1FDca7VYeSmExgGVvCg7fmLd6xZHoeP9rDx3jp is activated:  0.242198615
2026-08-17T04:26:20.076Z STAKES Stake account 27xjQTfdXaptXsA2MjRfeC6UPFTrAWgDohN2T83fA6BX is activated:  0.242095464
2026-08-17T04:26:20.076Z STAKES Stake account 28RZmxiyt8bhLTFy4CVJ3dzZcM4ssetHt8fiFj8UnGPn is activated:  0.120790158
2026-08-17T04:26:20.076Z STAKES Stake account 295Gwn8d7VQUuN8qRJj7SbBiezz2Wh8fn4Qq39WhqQZo is activated:  0.002282881
2026-08-17T04:26:20.076Z STAKES Stake account 298qNYUi4H9bca682YwaWShS5HdB4KZqPSnxw5E35SLq is activated:  0.060174194
2026-08-17T04:26:20.076Z STAKES Stake account 29Crw8JvWwXE7uWyDW6UXfPyFDJA7EhHVL9Jy87Ebssh is activated:  0.181514062
2026-08-17T04:26:20.076Z STAKES Stake account 29SsUnPq3rY3hrBq4CmmcpEy2PBHtFKE9HErRGaiMoiP is activated:  0.120786807
2026-08-17T04:26:20.076Z STAKES Stake account 29cgyUatZAsH9ctcYPgzTM34SNcDEatjxhmCF6z6Q7H2 is activated:  0.011644686
2026-08-17T04:26:20.076Z STAKES Stake account 2ADjCJi8yGZ9vccqaGCr7MNiENpHow73MrupGqP9HQHo is activated:  1.217559361
2026-08-17T04:26:20.076Z STAKES Stake account 2Ag3S4YFLm5P6eG23XkdHnZjt1t4Kh77Fqvm19F7pxgM is activated:  0.002507968
2026-08-17T04:26:20.076Z STAKES Stake account 2Akae3RMbpAkwhT4aS14jy4anTXZikTeD76a4zxWw8oc is activated:  1.42167689
2026-08-17T04:26:20.076Z STAKES Stake account 2An1FNPrtbhngWztsfZen3MjPNJ4kiobR1mfjaDYbH5M is activated:  0.008345547
2026-08-17T04:26:20.076Z STAKES Stake account 2B2SkdxZavNxaPWhwTuMxVZeeVrtaV5iN2vRx44R82LD is activated:  0.325527441
2026-08-17T04:26:20.076Z STAKES Stake account 2BinC9idf3tPbyXjLNuQLnMZsHXvFARpAR6KRYYi8K8K is activated:  0.043955116
2026-08-17T04:26:20.076Z STAKES Stake account 2BtGbefXduGheH7ebmFMCyF3EQeSTazGF9XFDzk2CuK1 is activated:  0.120733106
2026-08-17T04:26:20.076Z STAKES Stake account 2BtNYzw1ZYYaFgtmsGR3nnHYVbjumoMaYHxU3cBdWTp5 is activated:  0.002282882
2026-08-17T04:26:20.076Z STAKES Stake account 2C3TjCM2hXmS1TajU11VFSiv8t4Pgu8cEd3qS8uVzERc is de-activated:  0.004827455
2026-08-17T04:26:20.076Z STAKES Stake account 2C5ujWtWPoLn4Apv3YHpw6iStpn985pgXXep3pKNuVNQ is activated:  0.002282881
2026-08-17T04:26:20.076Z STAKES Stake account 2CLHqRNAKtVfScPw1N5v5BJMXmnrtahm9MTNXRqkUrtF is activated:  0.01164495
2026-08-17T04:26:20.076Z STAKES Stake account 2CLbiyRpjE3wPFzStqmvwRJNBdKPzWRjm6H1AyTGXhu6 is activated:  0.012585348
2026-08-17T04:26:20.077Z STAKES Stake account 2CNcrEv8b1Z3woaHwNGMi4yqA2A5TwSaLb7QKWhK26iJ is de-activated:  0.010061726
2026-08-17T04:26:20.077Z STAKES Stake account 2CcsTXzCgrW12DW1jufdbQdgYFAixrb78H8NK86jCY4x is activated:  0.201464702
2026-08-17T04:26:20.077Z STAKES Stake account 2ChtvtLLvcUffmyVMfmtZKJH7CMEz9swp7NNUWmLr5Dk is de-activated:  0.106253797
2026-08-17T04:26:20.077Z STAKES Stake account 2CpMzHLcVxcnJaEApQETMynwZXZa67MZNabRpiN8V44N is activated:  0.002282881
2026-08-17T04:26:20.077Z STAKES Stake account 2D11BbRoiwRPbNCdTfJmmSzgBunBxdwbNJRXQsQ4YpMa is activated:  0.12089202
2026-08-17T04:26:20.077Z STAKES Stake account 2DApHzh5Rsskq18MZb9wz5G2MXV36r783QgfB9SxWNce is de-activated:  0.017183707
2026-08-17T04:26:20.077Z STAKES Stake account 2DSqoT7N2XPfT4kw6tBTJuuvb4oJCpq8JXztxvEurzwz is activated:  0.013807998
2026-08-17T04:26:20.077Z STAKES Stake account 2DYMEytwfBkfYpbhuYA7hUnT9KmN4sezMj6J1vc1HFz7 is activated:  0.032017745
2026-08-17T04:26:20.077Z STAKES Stake account 2EB99ZVh5oGF4PxxXyAXpgBN3d9o37AGaok4pX6cTB5d is activated:  0.002282881
2026-08-17T04:26:20.077Z STAKES Stake account 2Fd89Gg71QM542ktUKfwiowPFpMCPjmkXTg2xCxuVALs is activated:  0.011636137
2026-08-17T04:26:20.077Z STAKES Stake account 2FtwCfQyEVojNpM7hhVgoR8cAmBaxK1BRTtHLntaiqmU is activated:  0.011636401
2026-08-17T04:26:20.077Z STAKES Stake account 2G5EC17dDK6wNsJ4ya8FZMAkmVmkuCazCeGVyDTJgL6M is activated:  0.002282881
2026-08-17T04:26:20.077Z STAKES Stake account 2G5PyRkgVSjRhavy3KwjBxNSXShFmHsd2RHKpWnHcbLm is de-activated:  0.012871781
2026-08-17T04:26:20.077Z STAKES Stake account 2GPBAqDQN1R5YEpJCEZ8oXXc9G5ENiRGNxFm9UQ3f2L6 is activated:  0.011648945
2026-08-17T04:26:20.077Z STAKES Stake account 2GQS8jDWfVWiKvHJrPR43EjF45yJWg4f7jiYMfze4WyR is activated:  5.65985473
2026-08-17T04:26:20.077Z STAKES Stake account 2GTmJ3bh8T2NH1cQ9KFaQVzmMGfZYrdBRWcwZDFQTaVa is activated:  0.266209082
2026-08-17T04:26:20.077Z STAKES Stake account 2GmuvXfUvYNRv8g7ysuq38EEF2Ey1p3Z6PLfLczhY5Bt is activated:  1.2148193
2026-08-17T04:26:20.077Z STAKES Stake account 2HBJZrEx9a3hgrta5fyohm4wdCbxbL99HMWpeGDnUjoY is activated:  0.004102903
2026-08-17T04:26:20.077Z STAKES Stake account 2HibVQYXe8fHf7rgqME7FKgppoMm7KooWKXqJyVj9FSP is activated:  0.253467788
2026-08-17T04:26:20.077Z STAKES Stake account 2HqFV81u3BVdUZHDwFxRXz49MaVM9L4Ro1ymHcHBx91d is activated:  0.004102903
2026-08-17T04:26:20.077Z STAKES Stake account 2JFfY5nTm1DtEvfZP2hvokAtgNf94YYhkxZH3r5e37hj is activated:  0.08776904
2026-08-17T04:26:20.077Z STAKES Stake account 2JLzFkpTiwcq1MNTbTHqMf6rexhVZk9rTW4z1Z1MaCSc is activated:  3.643887221
2026-08-17T04:26:20.077Z STAKES Stake account 2JYFk3g2WLpYvR5fiNPtVajBZrskMxdKdh1VaUiWH6X5 is activated:  6.076677545
2026-08-17T04:26:20.077Z STAKES Stake account 2K8egKkxBHGD8LA1PJ8vsrQYNvEqGUML5SUzR1tzfBQR is activated:  2.428028938
2026-08-17T04:26:20.077Z STAKES Stake account 2KSRw3rGi6rWE4FSsNQcnK9rpMXkLLbt53uFdv9rVgQ7 is activated:  1.212569458
2026-08-17T04:26:20.077Z STAKES Stake account 2KWsCDCg1WK7N4r8ESSUiV1zBhSvxFR9RAwcz1dz1wtm is activated:  0.231591112
2026-08-17T04:26:20.077Z STAKES Stake account 2KqioqphzMd55dCzJVfoprSPaa1XBeeEiMkNTdRSDAZ9 is activated:  0.676243113
2026-08-17T04:26:20.078Z STAKES Stake account 2L9chaaoqXL87aaxtJgqkEBAoq6455rnGFXFwqZCqjCu is de-activated:  0.050199858
2026-08-17T04:26:20.078Z STAKES Stake account 2LNfsEcV25Ysn8PHjkBPrgHJqd2N3CzVV6QGjsKAgPAw is activated:  0.023795244
2026-08-17T04:26:20.078Z STAKES Stake account 2LXPm4azUpygy1GRaxvQLBYiv795A1tHHbsQdco85gVL is activated:  0.605647064
2026-08-17T04:26:20.078Z STAKES Stake account 2Lk9D6NsFysBxXcZb8HJgP9Kj1rrEscgah3GGva6XrFc is activated:  0.002282881
2026-08-17T04:26:20.078Z STAKES Stake account 2LxkX2TN8A2Hyvz5FzkbeKgBLmQK8FvoJKe7qBwLESeu is de-activated:  0.104922647
2026-08-17T04:26:20.078Z STAKES Stake account 2MFf1pgfLEZUH28M5ponCH4taJKPwcmboRbQcYftEsMj is activated:  0.01319142
2026-08-17T04:26:20.078Z STAKES Stake account 2MQSdzfdYzUEwpmJibKUWuhRuzM3H5Sy9PALoG9zTpPL is activated:  11.684978144
2026-08-17T04:26:20.078Z STAKES Stake account 2MZRbzp9uRwR43FnGZSp817oYANYBXPZX9UVGBvNQyCE is activated:  0.002282881
2026-08-17T04:26:20.078Z STAKES Stake account 2MZS3MkvesZCLB9xyLLQzhGs9HbvnGTR6p1PnjAbuZxA is activated:  0.365686216
2026-08-17T04:26:20.078Z STAKES Stake account 2Mb1XkZ4dTHioNCz2xe4kqhaVkZrC8PTSsUcCXNDQD7Z is activated:  0.062280831
2026-08-17T04:26:20.078Z STAKES Stake account 2NAshW7jSTM7wyNz6N4iDkJh8DEU6UhdgWjoQuFbWZiW is activated:  0.002282881
2026-08-17T04:26:20.078Z STAKES Stake account 2Nfc8K1rkpyxsZi5Ghw11de3mHubTCZEi2Cb63iWPaxU is activated:  0.002282881
2026-08-17T04:26:20.078Z STAKES Stake account 2NgugbE5LRkD5f3uPG4H6aJ2jzpSTVfuMGBrhSL2jEsW is activated:  1.212569457
2026-08-17T04:26:20.078Z STAKES Stake account 2NkAuBXvpRKEMzz9LXFkDDUFayh5H6rCSoafMz6WU95F is activated:  0.011636137
2026-08-17T04:26:20.078Z STAKES Stake account 2NpEQT8pCwj9PN9SkngquyR5fb1FfJpv6PxJsWb5guzC is activated:  1.213673278
2026-08-17T04:26:20.078Z STAKES Stake account 2NvVQq4Tw26fRcjEVZ85qyZeT8MtQddAiL8B5M3W7H83 is activated:  0.192003048
2026-08-17T04:26:20.078Z STAKES Stake account 2PFnTZ3ydZzhj426vDdPMiFUpHNXKMFmcdy8phnVEePg is activated:  0.150825835
2026-08-17T04:26:20.078Z STAKES Stake account 2PSWVq9UCGyZw5FSXRuzigBsWS7DRxCQbCdANRg3MuhH is activated:  0.002282881
2026-08-17T04:26:20.078Z STAKES Stake account 2QXMgepwLFUzwjQZLLsQpbNcE1NjgNPNDQD7xJkpB5D4 is activated:  0.002282881
2026-08-17T04:26:20.078Z STAKES Stake account 2QhdMf9425XHVMoKUTmqDj2p1u64kCVQphzka9D7oCf2 is activated:  0.060149312
2026-08-17T04:26:20.078Z STAKES Stake account 2RPP2S2Js36skZ9WEmtdScjshujLpy8bKR1R2mLjV6ES is activated:  199.653808325
2026-08-17T04:26:20.078Z STAKES Stake account 2RPyyoY73brqENqi3zcV9WV6BFBYB71Eo3LUpHjMqKwZ is activated:  0.302886966
2026-08-17T04:26:20.078Z STAKES Stake account 2RYGt7UZCRrwcMC6ks2kNa4RDDdnW7sJQwniZXh2ugQp is activated:  1.213673278
2026-08-17T04:26:20.078Z STAKES Stake account 2S5ML64EyPsLTMVxVEguKva1YdxvrTH6rxH1ZN1qUSeo is activated:  0.002282881
2026-08-17T04:26:20.078Z STAKES Stake account 2SKgKut5Fm8CKyQWpEkeB2Xn3vdcLAckoA7toWKdL9iE is activated:  0.124102995
2026-08-17T04:26:20.078Z STAKES Stake account 2SZS8ZnEY9HDy91otVZFft3qxNkyjAp1RTRiB1F6VcrE is activated:  0.002282881
2026-08-17T04:26:20.078Z STAKES Stake account 2TEoUPRmiS66zcqQ4FkGj3Q4qoykwo98xmnh5BTuvY3a is de-activated:  11.080246058
2026-08-17T04:26:20.078Z STAKES Stake account 2TYxKRSBEM9BLFULhDna9QcKEY1WUEFUfMqhAvpJTRaT is de-activated:  0.228282881
2026-08-17T04:26:20.078Z STAKES Stake account 2TfChRce9sksQa7AQ1ySvAx5tWd3fAHYDfVdLctkbFjf is activated:  0.002282881
2026-08-17T04:26:20.078Z STAKES Stake account 2TowuRpxw9XswZgJXFDcQZDzZeGC7t9D42LyAftuUCAg is activated:  0.002282881
2026-08-17T04:26:20.078Z STAKES Stake account 2TygYrodTrWdtaWpV4N42514A9BqroRFYq4Bzb5xJ9qn is activated:  3.64388722
2026-08-17T04:26:20.078Z STAKES Stake account 2U5hnqLrsCHSfkrhQEymhHd4ka2MTfZWnadNzQAk4SLv is activated:  0.007739471
2026-08-17T04:26:20.079Z STAKES Stake account 2UEWGAHN2ENhsP4h8JfrJyjsQ9tPdyQpS9x8VjAm1URH is activated:  0.01636769
2026-08-17T04:26:20.079Z STAKES Stake account 2UGqnR9a1xc64j5K8CUj3urXAzyPCHZDEpr8bW7fCUt5 is activated:  271.836422549
2026-08-17T04:26:20.079Z STAKES Stake account 2UTiiSd45w1YCYFCKu5QYmGC9FNJ841sZUT3T6xBvUzM is activated:  0.005580204
2026-08-17T04:26:20.079Z STAKES Stake account 2Ub1oBmBk2uXriMFd273PfAghPs2m5VLZGumrwjd9XZT is activated:  0.002282881
2026-08-17T04:26:20.079Z STAKES Stake account 2Up8ChAsSrSj6n5kNo3iASueKV9WWpTPmrbotgBwgDqq is activated:  0.012590307
2026-08-17T04:26:20.079Z STAKES Stake account 2V28B8jpoQVdWMsRXxyxurykr3pFdXBXV1TTpobmpw7M is activated:  240.93856426
2026-08-17T04:26:20.079Z STAKES Stake account 2ViTiUFVt8ecqpsztBGUuXtHTPXxJTaHab1u6Mx9uFSK is activated:  1.170287353
2026-08-17T04:26:20.079Z STAKES Stake account 2WEAY3kdnoGndhzBBpKmCkBU34fzMQJkQjwW1E7jCCca is activated:  0.131887485
2026-08-17T04:26:20.079Z STAKES Stake account 2WUZ8pd9PbBjcf3BhY17ZWMbHTMbzMX76FvpW7yu7GX4 is activated:  1.101202591
2026-08-17T04:26:20.079Z STAKES Stake account 2WeA51kD2iRSadcGcXHGVTyEg3FmaT4aom9kJFsPNAGH is activated:  0.011285427
2026-08-17T04:26:20.079Z STAKES Stake account 2WswTLTsYqAWAuo75Jo6YRiRayLWALrRdqkAzcZBHd72 is activated:  0.242198614
2026-08-17T04:26:20.079Z STAKES Stake account 2Wy4aMqSj5gGEC5jbzLMWgGGME3rLqA3k1mLmBYcAj1w is activated:  1.354252457
2026-08-17T04:26:20.079Z STAKES Stake account 2X5TaEo1pd32R3y8ud8nqBmHYwWpXMxSMy8ak79RKXEN is activated:  0.120892019
2026-08-17T04:26:20.079Z STAKES Stake account 2XUuPe4h7CpgyJDyE9tk7TcmeJmTyJBjCtDJgfEvUJ42 is activated:  0.061703406
2026-08-17T04:26:20.079Z STAKES Stake account 2XZ6vEnDeQC9AJQte6wBejdQsNmyNc1ivrc59uqyB6Hh is de-activated:  0.110558015
2026-08-17T04:26:20.079Z STAKES Stake account 2Xb5nuUQZ1VSerYu6kKsQcUq6JqSizEnfZzCvkqYtAZF is activated:  0.115621169
2026-08-17T04:26:20.079Z STAKES Stake account 2XgpDPofs4qKFH3Rwj62xFP4ZK8V1vbVBYYAgtuzN8t2 is activated:  0.035784663
2026-08-17T04:26:20.079Z STAKES Stake account 2XxXJDiVeL4PhAar4cenBHxbKTrVTg932fi8L8Qp9va8 is activated:  0.12083777
2026-08-17T04:26:20.079Z STAKES Stake account 2YCPmA9aUPjfaEuYgqpeUx1oQN2fPcf7o6KY66t6Uo5p is activated:  0.01440904
2026-08-17T04:26:20.079Z STAKES Stake account 2YNDfB9wgyxVKVwz3y5MeLBN5dB8jcG7RDaJgPwJvMnJ is activated:  0.003324659
2026-08-17T04:26:20.079Z STAKES Stake account 2YaUhnWoub5NARiyRBvYFpqhoxtkmrS75zsRy6Xu6evR is activated:  11.386277016
2026-08-17T04:26:20.079Z STAKES Stake account 2Yg8F29RjXp7itnqzDsqXXXxZeR2uHfus8pCFmwtUck9 is activated:  1.214193506
2026-08-17T04:26:20.079Z STAKES Stake account 2YmUenvyHAqDYr6Yzh2VV7X5ARdtSPeaGYKcyLk8Pz7T is activated:  0.30301605
2026-08-17T04:26:20.079Z STAKES Stake account 2Z4eb5dSJeuh8ZYmgBacfbb9myJ5nCWCt7fHxqvkeJ4a is activated:  0.120888663
2026-08-17T04:26:20.079Z STAKES Stake account 2ZJaaVmLmymafnScMUc9exnX9HLcotmqDh7sxkcFK2xz is activated:  0.166765744
2026-08-17T04:26:20.079Z STAKES Stake account 2ZcbnUef7C7b2qpcuGa21yTkcFnz9VmoLTVXZ4q4136N is activated:  0.262310866
2026-08-17T04:26:20.079Z STAKES Stake account 2aAJGNQorgiSvfd7NQ2dgRJVutMzm6LR2EBWChTXN6NX is activated:  0.607030955
2026-08-17T04:26:20.080Z STAKES Stake account 2aCqUQrqs89vsRAj6KVaCdK9Vz4inJ2BzynhEnYApjs4 is activated:  0.018054293
2026-08-17T04:26:20.080Z STAKES Stake account 2avvuhrXDeUbCr8v2VC1mWDnHAcg6NbwELxqdDp1VW7H is activated:  1.203949651
2026-08-17T04:26:20.080Z STAKES Stake account 2bMc1DFeweteJ3vBG4T7R8S7UXveVmEKXpbTSQHZuyuK is activated:  0.011640899
2026-08-17T04:26:20.080Z STAKES Stake account 2bTxGoL1B7cEWY72ykzzDHYMvMKDCLWHqsPB3Sb1QRDx is de-activated:  1.11404718
2026-08-17T04:26:20.080Z STAKES Stake account 2cCf1jaw1ArqbNL9RbWqvm58eMhgpNhHJEDPmX9E5J13 is activated:  0.060199068
2026-08-17T04:26:20.080Z STAKES Stake account 2cUcc4vkkoz62783VJqQ6AEL5tN94h3z22pwmmTU4XNB is activated:  0.634737747
2026-08-17T04:26:20.080Z STAKES Stake account 2cV64LMjNxPs7DaYh8pQuP3yNBgn7DLxh9Ra9fDabhfv is activated:  0.010916805
2026-08-17T04:26:20.080Z STAKES Stake account 2cjArAfHCrxd7GTnSAy87qRc7T1MyPovAhZTYZYWU1gV is de-activated:  0.022599048
2026-08-17T04:26:20.080Z STAKES Stake account 2d6iiuCaS3dDiaxDDVfX1NtMq1M7gvBcAq1Ax1neP89H is activated:  0.013016956
2026-08-17T04:26:20.080Z STAKES Stake account 2dAGE9sww4NLpwYR6KMBzyQbwuVevQhHkfeHewEYGxfY is activated:  1.212535248
2026-08-17T04:26:20.080Z STAKES Stake account 2dJ66jyMaA5F6C6Zpc1i7QU9XHj67krrpBDHB1mKXCwZ is activated:  0.081495827
2026-08-17T04:26:20.080Z STAKES Stake account 2eD9nHp4J8BimGkgkKCVvMTzBoYNWWqxyba8PXpJTyR4 is activated:  0.011640899
2026-08-17T04:26:20.080Z STAKES Stake account 2eE8vaVW9ABKJ5Ucrq1hpdy24H1hK5zDdaEd79SCQQM9 is activated:  0.120733105
2026-08-17T04:26:20.080Z STAKES Stake account 2eJLreGXXnNwVpvkrY3WjPg2p5RdSoMTV26kPgiSH35F is activated:  1.339151217
2026-08-17T04:26:20.080Z STAKES Stake account 2eMB1KZj8mYeBx7RwzaCzaLHGT87cgs9qeGVEFUvxPtv is activated:  0.01284851
2026-08-17T04:26:20.080Z STAKES Stake account 2eNrJeeCMuYfF1Gp4tR2qEpBW1bpdtddu31HZwbvvv8q is activated:  0.242301639
2026-08-17T04:26:20.080Z STAKES Stake account 2eVL9cZiEjMvPMmpEHqCNcY264DhhjQSiuQRqKzDacvb is activated:  0.035940429
2026-08-17T04:26:20.080Z STAKES Stake account 2ew6p4a36Sr8cC2LrfAQts2WCsZvu4SqVJSyZw4ycL2E is activated:  0.011640899
2026-08-17T04:26:20.080Z STAKES Stake account 2fBiJxwsti7UdYfBo5AotDzqKLZM7F4FdVhqJ8JUBNdz is activated:  0.120790158
2026-08-17T04:26:20.080Z STAKES Stake account 2fF4zqB2LhZ5Zz7owezudUvJhjucSH9LjZeB7DDUJs21 is activated:  0.061705612
2026-08-17T04:26:20.080Z STAKES Stake account 2fNFRfZcf7gNevdnVRZR3HyEacQPAZHXezHFJL14jeEk is activated:  1.214193507
2026-08-17T04:26:20.080Z STAKES Stake account 2fV2iidyY37TLwMY8PFtFpfPpY64MF8VyHb5SieDERjx is activated:  0.011644686
2026-08-17T04:26:20.080Z STAKES Stake account 2fX4poXwuaUVYmPzdu24VLRrBx4hTtMm141LYrL8pmDj is de-activated:  0.202581984
2026-08-17T04:26:20.080Z STAKES Stake account 2fmSWRsnQ7NtHQcxDErUTjPkTgHMR1YiVnHAw1VrLViH is activated:  12.034582656
2026-08-17T04:26:20.080Z STAKES Stake account 2fvbGzpkzuWS98344XRGkPDNq8DdttAEkPi1zHtqwGYU is activated:  0.017447258
2026-08-17T04:26:20.080Z STAKES Stake account 2fwi8dekZbmzYx1v6GjwxXteLf6Wgye2mbQQfxLhLeB7 is de-activated:  0.089439034
2026-08-17T04:26:20.081Z STAKES Stake account 2fyQAqQvbKdPLJrH5aQcQbvCLzY4xBNB5bLyaSmCa27U is activated:  0.014431286
2026-08-17T04:26:20.081Z STAKES Stake account 2gPCPgfbqJze1Tzgn6okp2ZYSYZfd37o2F9Mu2vycz5c is de-activated:  0.054653768
2026-08-17T04:26:20.081Z STAKES Stake account 2gZBDpSYVHgWN4eC3zH2Khz9kU9Ri5vjmcsRuhPJxgg1 is activated:  0.146199855
2026-08-17T04:26:20.081Z STAKES Stake account 2gemEuE9n87rs5x26FHSWJNE7vyKQfSkTAGbKcmDAbWN is activated:  0.011852327
2026-08-17T04:26:20.081Z STAKES Stake account 2gymdz2vJptx3k8xhjh8m9S7mqPCWXNDuwJHMaZ2Lfd2 is activated:  0.011484333
2026-08-17T04:26:20.081Z STAKES Stake account 2h8CXVcpGDBVhd4cJdTJdqextuim2UQDsEjGrwkiDj9p is de-activated:  0.00228288
2026-08-17T04:26:20.081Z STAKES Stake account 2hBQA9xe52j4ic25Dys6r8NtCiY3M4Qssca6ziUEDzNM is de-activated:  2.725431859
2026-08-17T04:26:20.081Z STAKES Stake account 2hLUAtzKhwGNW3Frd5pfuQA93AeRnkHuPHduEfncAt4k is activated:  0.002282881
2026-08-17T04:26:20.081Z STAKES Stake account 2hewpFaNVEkY4rEP7w2Qinqia92uzttqbidFoSvjygBL is activated:  0.120790158
2026-08-17T04:26:20.081Z STAKES Stake account 2hnVLttDQUsJQWXnwbWQJAMd55xDsdc3uzfjQLq41oE4 is de-activated:  1.145262992
2026-08-17T04:26:20.081Z STAKES Stake account 2i3nagpBX8MMGhuN9uvb2C2qSferu1WVfChwrAnbgjx7 is activated:  0.023146732
2026-08-17T04:26:20.081Z STAKES Stake account 2iM2fBEdJm9toK3xjfToErEcshTfLJ9QuAvGgNkRsxBZ is activated:  1.443745214
2026-08-17T04:26:20.081Z STAKES Stake account 2iMnQ27vWz39kkiESstoL6keLgguwjC6DErJXsBer3j3 is activated:  63.007296402
2026-08-17T04:26:20.081Z STAKES Stake account 2iptiaRvxKq8KUJ4bhdAE8mqGhnVwVDSyo3ho8d95y65 is activated:  1.214819299
2026-08-17T04:26:20.081Z STAKES Stake account 2isHonTn93Sfo27XAmC1MExMikY4NkJVrkTDXuWvStxs is activated:  0.011640441
2026-08-17T04:26:20.081Z STAKES Stake account 2jJaJsFp73WY2ubuD9KpdiQ15ubygQzKM3Ui4SjY4mZw is de-activated:  0.002282881
2026-08-17T04:26:20.081Z STAKES Stake account 2joVCLL6ATpzxY8Va74Pftm3XKQnMGCoUJWvw4Q4d3Cj is de-activated:  0.03072216
2026-08-17T04:26:20.081Z STAKES Stake account 2jzA8xXZ6pvy85wGmij3CfXeYjP4McjQDVdV18TB3gKb is activated:  1.214193507
2026-08-17T04:26:20.081Z STAKES Stake account 2jzu6KVj6AjYnByorPe3vTTcX2GU6hNC3jKBbourzy9X is activated:  0.005575781
2026-08-17T04:26:20.081Z STAKES Stake account 2kGG4ML5P2vm6RpYMuNKdUxH5ey4VQxQyvyYpk8eLcRc is activated:  0.242425583
2026-08-17T04:26:20.081Z STAKES Stake account 2kU6XNT9biQpuohnjn5iKYV8ustXj3ZJjstWRWF8z9Cj is de-activated:  0.022435749
2026-08-17T04:26:20.081Z STAKES Stake account 2kxd9doRf7qMTDPPfV3mCpXqRrdShMrXbVvsgG6kBrcX is activated:  0.08421059
2026-08-17T04:26:20.081Z STAKES Stake account 2mE8tNTeJJsT78Y91dePEJAkg1HGzCdP73SXaWZBbpJr is activated:  6.072254707
2026-08-17T04:26:20.081Z STAKES Stake account 2mL61pfC5ijSfz1m3vzka8Nawn8VDYJQHxGdUJFindkV is activated:  0.010989845
2026-08-17T04:26:20.081Z STAKES Stake account 2mVkCFnu5gxMZY4CXr28tiAZnz7tAox8LtFgy2Wx2GZY is activated:  0.015015743
2026-08-17T04:26:20.081Z STAKES Stake account 2mZSRXVWrAPDw8UJjGquE53giMrLqfF9aUvuXSf2iag2 is activated:  0.002282881
2026-08-17T04:26:20.081Z STAKES Stake account 2mbCGdBZf2tG9SodTKS7TzK2mLmDQSHg4fjHh2rAxiBV is activated:  0.120526815
2026-08-17T04:26:20.081Z STAKES Stake account 2mg8ZSYUntbhRiKn5iUyaVHoJuQugX4Nxw5zpYwtxuhA is activated:  0.096530609
2026-08-17T04:26:20.082Z STAKES Stake account 2mggzkPx6UKtjebGTmR18MHAjzXnUyvZvjzfC9TNBsnW is activated:  0.048839393
2026-08-17T04:26:20.082Z STAKES Stake account 2mh2MUns8LVhHuLfQPAyPURdr3k36gjYpbHwWWa7o2My is activated:  6.001593142
2026-08-17T04:26:20.082Z STAKES Stake account 2mypk3nyZY6ps58kJ5wFcivii9bSQ9QvrGDLAnAYSwHZ is activated:  0.002282881
2026-08-17T04:26:20.082Z STAKES Stake account 2mzJzgnZrKYJJzN8cVdiNAMcCMjPi7rBP1sz2fz2wPAc is de-activated:  0.010523174
2026-08-17T04:26:20.082Z STAKES Stake account 2nNHJuSYe38T5BoNCxgJnafcXEPgPTAUbvAsqU6tkUQb is activated:  4.847275997
2026-08-17T04:26:20.082Z STAKES Stake account 2nfqQHzXms2dTEWWNy59xh4Cgds77GD1tg4TNPdC1VtB is activated:  1.201383618
2026-08-17T04:26:20.082Z STAKES Stake account 2o2QpvdYLnzkKyJPTwwJN6tqzidTtJn9Fs8pi3eyd9Y9 is activated:  0.009718636
2026-08-17T04:26:20.082Z STAKES Stake account 2o8MtsyNZ72AAT7EsfsrURCBdHQWAjz9bz8MQMtaZa6Q is activated:  0.032583167
2026-08-17T04:26:20.082Z STAKES Stake account 2oF79W78Z15gV36ga9xFRWEAHsbyWUJg7kW3FZkP7vT6 is activated:  0.606442307
2026-08-17T04:26:20.082Z STAKES Stake account 2oqznKk3j7tdWWN1e6rV5kWVB31pBjDsNgybVjb9c8FX is activated:  0.168833832
2026-08-17T04:26:20.082Z STAKES Stake account 2prDBizqgHrfmpubmZCva9P7JWiE9oGFeFXTcxu9Mp6w is activated:  0.004102133
2026-08-17T04:26:20.082Z STAKES Stake account 2px6bUCRvXZZqLXTiotj2YWfdHZ6oRNdrd6qom3BkgWZ is activated:  0.007741246
2026-08-17T04:26:20.082Z STAKES Stake account 2qBEo9aAjzfY4UPm15JYYtVKDsSoGFNn54aGfQiiZqE2 is activated:  0.014426081
2026-08-17T04:26:20.082Z STAKES Stake account 2qwjaqxdgdMCWNoJKc2x2vnpAMVdmfwTBrZkV5TYbfpR is activated:  0.245072958
2026-08-17T04:26:20.082Z STAKES Stake account 2rc3oQXpiApvEGjHrGtzzyRaAU9tRdHTPToAdv8QbpYg is de-activated:  0.00877408
2026-08-17T04:26:20.082Z STAKES Stake account 2rsCD7h1HzJnfHuwEDNfQuRYdedHzociKejpE1x7tyGv is activated:  0.002282881
2026-08-17T04:26:20.082Z STAKES Stake account 2rtvewL7FGhaYzn3HUtSgCcBqs35rdqV9jg9NeTmAwQn is activated:  2.939534799
2026-08-17T04:26:20.082Z STAKES Stake account 2s9Rn9PAqZnfnYE3qwrr4wTxzxSa5eSh1ngFSxnYsZ5s is activated:  1.274396672
2026-08-17T04:26:20.082Z STAKES Stake account 2sRLxGGAvjkzaT8w3eJE2rdzowm2xP2uF3xJikRKBqpm is de-activated:  0.161791728
2026-08-17T04:26:20.082Z STAKES Stake account 2sViHDapVuPFfcVC6ihMXmgXQTT1dzFPGLbWQwMCpjZY is activated:  0.002282881
2026-08-17T04:26:20.082Z STAKES Stake account 2sXJg1S9kmQyesxPoTLNodAcBdrffACo7GPeFvktTkj1 is activated:  0.002282881
2026-08-17T04:26:20.082Z STAKES Stake account 2srHbX1JmLpGzu7HHqNUcEg5Ybat3ufERvcykZvqAGb3 is activated:  0.242425583
2026-08-17T04:26:20.082Z STAKES Stake account 2ssGz2evMoi3xGN9pQQfVzLoBaWSp8L8mZubzmHhBQw2 is activated:  0.25053576
2026-08-17T04:26:20.082Z STAKES Stake account 2ssk3C4jzTAp3K5GADGJyz6kWgKC71DUT7uVNNjSGpdo is activated:  0.120892017
2026-08-17T04:26:20.082Z STAKES Stake account 2su4w5gi4YqAqKuLsSnP6wg5muE6TUH9ynKVPpzAqMeJ is activated:  0.061124009
2026-08-17T04:26:20.082Z STAKES Stake account 2tFJSdQ2QsDijJmG3t8LzZorYCYKgkzuZ6pwyQtyZrrD is activated:  0.002282881
2026-08-17T04:26:20.083Z STAKES Stake account 2tMUDKzmCPH7D8tt5y9Gu64Bdx96opJQamktdysaSu87 is activated:  0.433573622
2026-08-17T04:26:20.083Z STAKES Stake account 2teAWYjryrqRDoRjVsqgQehphQxFbdeTGU92gjYxTNTo is activated:  0.30301605
2026-08-17T04:26:20.083Z STAKES Stake account 2u6sM3qH7eV9GE4E6gmo9dwAqnDcR6V2CSfEkVHnak1n is activated:  0.011636401
2026-08-17T04:26:20.083Z STAKES Stake account 2u8x3oi3aB7kShexSw1TN9nWoq6kwN4W2aTiR2QbGZj9 is de-activated:  0.00228288
2026-08-17T04:26:20.083Z STAKES Stake account 2uL6WgV1gSJo2GqTYDc7pVpYVqqT9h8rR9QCxqEDEU7R is de-activated:  0.556531382
2026-08-17T04:26:20.083Z STAKES Stake account 2ueh6Xt4xU8fY1W46nNmtiTsecdRpaaUHvuVWvipzXb1 is activated:  0.003495008
2026-08-17T04:26:20.083Z STAKES Stake account 2utgsyRafcV4YPs8s7ZNfkG2hnG3D6FtMSNZPitsTZvV is activated:  0.028829502
2026-08-17T04:26:20.083Z STAKES Stake account 2vJ9BLesq95a77HZPaHor4CAsNWrMXohbPALV5phjabw is activated:  0.120733107
2026-08-17T04:26:20.083Z STAKES Stake account 2vMTC8g6ANZ1NZ5vJDfaruAiGQKpJF8NSTtHogUivGko is activated:  0.100511778
2026-08-17T04:26:20.083Z STAKES Stake account 2vaNWMGM3r42PDb7FhPnNyvxL6CgY5un2Mxom5izm2Pa is activated:  0.303016051
2026-08-17T04:26:20.083Z STAKES Stake account 2vo5raPnF7x5XvTapxEKE9vjSQ7ViK6BQcWcyYNjhM7o is activated:  0.605863543
2026-08-17T04:26:20.083Z STAKES Stake account 2vsFamgmAypARvHRmqfvnBDwmRE5EKFbNEzU3veSvGWj is activated:  0.181563128
2026-08-17T04:26:20.083Z STAKES Stake account 2wFBdMHkywsAXaXarfLPLJqXfpaDwcmzQ2KFJpaBY2AJ is activated:  0.002282881
2026-08-17T04:26:20.083Z STAKES Stake account 2wK7yhmyQx4QFApW6jPdC78cSpFrsP4T5C8LFWTe7zRY is activated:  0.021087374
2026-08-17T04:26:20.083Z STAKES Stake account 2wvbZqLFWZieWBhv7ZysD6pmD8u8Uek21dvNNXggST6Z is activated:  0.01320137
2026-08-17T04:26:20.083Z STAKES Stake account 2xDsj6CiVgq1zigYJoF5pJiKNsHCAaU3uZTKoUrQZsvE is activated:  0.002282881
2026-08-17T04:26:20.083Z STAKES Stake account 2xMU93jvXGBh5xdkf2AjHBf4GU7s2btamKiZwzqzQpz2 is activated:  0.490418288
2026-08-17T04:26:20.083Z STAKES Stake account 2xMaeJdBLW5qVcAvBTHVsTGTJc8ezP96EZRyekCCWAXF is activated:  0.010767175
2026-08-17T04:26:20.083Z STAKES Stake account 2xynb9nt7VX645FLihogfv3Wro1NyiJ2GXSJ6FLiaqm6 is activated:  0.120733104
2026-08-17T04:26:20.083Z STAKES Stake account 2xzHrcnkZPzd5odnTaQ7FzWhD9BcwYPXuSSLpyMSnnYE is de-activated:  0.009795268
2026-08-17T04:26:20.083Z STAKES Stake account 2yTijoJySCVK5HkJvexFwMMLVYUqqCaShG87BLPkcj1v is activated:  0.840773544
2026-08-17T04:26:20.083Z STAKES Stake account 2yjCMPvuDPhRBN62X39ShLJLC65jm9x7hFBa65f1eaYZ is activated:  0.002303233
2026-08-17T04:26:20.083Z STAKES Stake account 2yp1ujH9b64hqPausXUkQJQLAuvufs5L8YK29SVXDDbj is activated:  0.606459387
2026-08-17T04:26:20.083Z STAKES Stake account 2zAFg28GLv5ttXdAf8AxvKWbSvBkThCbqsEoYTAzLFLm is de-activated:  0.240695793
2026-08-17T04:26:20.083Z STAKES Stake account 2zQ9EFhNHWhVjjDkoXAfD4LWTVZhu9nTzLQhVQekLf7E is activated:  0.002282881
2026-08-17T04:26:20.083Z STAKES Stake account 2zcHEtomwX46d8ifHEWbNbLFuEudZThsUupAR4QsABPN is activated:  0.120790157
2026-08-17T04:26:20.083Z STAKES Stake account 2zdoj47hq3Fh7ufcUgb8Gh3gCywK9xSJVLBBuYEpgRna is activated:  0.002282881
2026-08-17T04:26:20.083Z STAKES Stake account 2zvgQBZj9b5CzQv8bXqjtujqithApZbF3SBvVLn8qLu8 is activated:  0.002282881
2026-08-17T04:26:20.084Z STAKES Stake account 31GrCMNWMCW1VzGaUn8s8Bqm4UYkX35nHEvibUKCEXeU is activated:  0.120888664
2026-08-17T04:26:20.084Z STAKES Stake account 31GrSxDyNxvXQoywif5cE1bNYuuLTSqgQoqNeR6NtSba is activated:  3.613527333
2026-08-17T04:26:20.084Z STAKES Stake account 31SR7sAEB2gzmQmBAKgMUNfddPaa4TyReXpnaemzTkjW is activated:  0.028355545
2026-08-17T04:26:20.084Z STAKES Stake account 31Vwz8DsJuh3PfN5pVzrGfsvBLPDQVnPZTuG7hHfD8G3 is activated:  0.120720202
2026-08-17T04:26:20.084Z STAKES Stake account 31dUGZRPYzfyvLvJ8bUCs37thRmV9aJp3oRTDQyBVBzy is activated:  0.007139811
2026-08-17T04:26:20.084Z STAKES Stake account 324nxvwtmn9mtEKznfySczQiJoqdxXNN33qu2EcacE4f is activated:  0.123725704
2026-08-17T04:26:20.084Z STAKES Stake account 32BRFRop296npQ4yEwFgdN84je6vmCmdsKS9VPgQhn4a is activated:  0.002282881
2026-08-17T04:26:20.084Z STAKES Stake account 32RmmtN3WExgK38m5zkxQ25U5idsq117kbxPayWMAXxy is de-activated:  0.382588213
2026-08-17T04:26:20.084Z STAKES Stake account 32jcu6X4oLkoJRZ43vjHCFqSDrec6AMcHd1gTPWxiw3P is activated:  0.870146876
2026-08-17T04:26:20.084Z STAKES Stake account 32oAXczvyfo9frAV5om3wDj29qSUkyT43SEmRE5HCkMd is activated:  0.011640899
2026-08-17T04:26:20.084Z STAKES Stake account 332cGS1EMQ4Vx6h4fMtdER9ziH5vf6LejpN133fTs1ou is activated:  0.002282881
2026-08-17T04:26:20.084Z STAKES Stake account 33MPBJUnrSGhKC6DqUhqRWNEA7yhGr6pMU8T6qTR34r6 is activated:  0.060096369
2026-08-17T04:26:20.084Z STAKES Stake account 33XcsDNV9S29buxKPoCe52Us1t5WNX89P97vpaNHLAbP is activated:  0.002888851
2026-08-17T04:26:20.084Z STAKES Stake account 33oK9tLBLXcGjAe78ynZnDRm2SJPaDxT3cUZvQhqgp2N is activated:  0.002282881
2026-08-17T04:26:20.084Z STAKES Stake account 33pSfEQsF3yMwdAnoVKWjLoALFxnbn9aLCWKtpzHcuJC is activated:  0.011648945
2026-08-17T04:26:20.084Z STAKES Stake account 33w1SsjYVSWvEFPb548dKaPfPnicP7fNaSxZT76JUWbF is activated:  0.034542572
2026-08-17T04:26:20.084Z STAKES Stake account 33wY9skuYviwvuQ3A5mNicMMuVK2GvauJQjKC3Ea7XTQ is activated:  5.971451787
2026-08-17T04:26:20.084Z STAKES Stake account 33zpCeKWkRsVoYh2b1rch4YcbkZPagj58VHZnxmfwjtW is activated:  0.011640899
2026-08-17T04:26:20.084Z STAKES Stake account 34anHGsyf1XrufdRNnY47vHVRqUaXB5W8hSQi7ygGbo9 is de-activated:  0.011592368
2026-08-17T04:26:20.084Z STAKES Stake account 34teLcSgDF1JsUANg1tsE41vy1A8NiTaCAcWhkPv26Va is de-activated:  1.989292357
2026-08-17T04:26:20.084Z STAKES Stake account 34uuhAWHQ4Um8xmLU5eK1Kh7TTpVtg38zKhHPfUnuDuS is activated:  1.214193506
2026-08-17T04:26:20.084Z STAKES Stake account 351hBpyjW69Qs23ymeQsDfmUiU3Y6x3D4x3Q8PeAX8tF is activated:  0.120892018
2026-08-17T04:26:20.084Z STAKES Stake account 352HEgJjxUioPTPDVtWer5jcLdx8DY5AhcaH3sEyuHJ7 is activated:  0.120841124
2026-08-17T04:26:20.084Z STAKES Stake account 35FKiKwDcKWEzRcgqRTx5WN3VTnu8mG7DdgbVj3ePi3o is activated:  1.335115886
2026-08-17T04:26:20.084Z STAKES Stake account 35gvM8sDQcqbRVnqZPwoKJ3bv6dWqnXWw4mHm7eKE2Kf is activated:  0.002282881
2026-08-17T04:26:20.084Z STAKES Stake account 3695CPWPARwoVk2wVx3ZLqf4LiX95EnarjTDhi6195Ra is activated:  0.120888664
2026-08-17T04:26:20.084Z STAKES Stake account 36NKoNyCxS8jqSDgVhHDjKyYMXHMqZZnFJrSYGMbVr2P is activated:  0.023757662
2026-08-17T04:26:20.084Z STAKES Stake account 36S1qKyFgnmjw2mwPWsbLMcp7CU78HuMzMdfkpoZPayt is activated:  113.466957501
2026-08-17T04:26:20.084Z STAKES Stake account 36nqJLi1oWqzEdXacgYxR3CkUB7Ue11nF7hF9oPHjqL2 is activated:  0.011640899
2026-08-17T04:26:20.084Z STAKES Stake account 36tS43dZgP4a5KX5UBVX8i98GiPJxGsm9RjpQWcLHgjy is activated:  0.011648945
2026-08-17T04:26:20.085Z STAKES Stake account 36wccHu2nDPhJQ3SaztTtXknRbKzsJjZxw3C9Mvdreyn is activated:  0.276279863
2026-08-17T04:26:20.085Z STAKES Stake account 37JJNDUoGWgM7mZhezjBs34fUGzfN8eoTPzA6TVPX9rU is activated:  0.002282881
2026-08-17T04:26:20.085Z STAKES Stake account 384wd5W6b9PkCZoZFeGe38wzoRZZnqTiNMYmN8Ug7P6H is activated:  0.048403598
2026-08-17T04:26:20.085Z STAKES Stake account 38Ri6WKc1U93jHfRB29sY8aT3v9zmzy3tbfG9RCEmbjL is activated:  0.01164495
2026-08-17T04:26:20.085Z STAKES Stake account 38ssWFNinGbz6XNTrJwsyr99ytHdPAVZ3mEmNH2627qD is activated:  1.21363904
2026-08-17T04:26:20.085Z STAKES Stake account 3992CDQJstxt5p7Fo2kTn6ykLSLVDRXVrEXvKh5P8cso is de-activated:  0.049359251
2026-08-17T04:26:20.085Z STAKES Stake account 39acQGiTBrj5gp5ezEbFu2wDBaXp4V2DG6a2Bf9PBT5x is activated:  0.242198617
2026-08-17T04:26:20.085Z STAKES Stake account 39dcE2Zpk97AkUDGRaUUv1PdijjxKnVntueuHm9YnwVU is de-activated:  0.032907604
2026-08-17T04:26:20.085Z STAKES Stake account 39sFeBTCRmGYgRDFNnHTCWBoATrqoz2EqKAciBFaLyEY is de-activated:  1.022171719
2026-08-17T04:26:20.085Z STAKES Stake account 3AMfCPrWQFDFqeLssVty6EQBcFJEfCHZqNxhtRfN3YFr is activated:  0.241973197
2026-08-17T04:26:20.085Z STAKES Stake account 3AQk4kMAXUsxYBkqPVroryfkzcfvnwM3oSxBE9Z4yZbU is activated:  0.120953286
2026-08-17T04:26:20.085Z STAKES Stake account 3B1rPUhtcowkGezBsuHPxuSi3w995bVcy6oHdAy4nDCU is activated:  6.073542455
2026-08-17T04:26:20.085Z STAKES Stake account 3B9GaHYXKXyYBLXg8FdgHaYFBbuV31kGeZQh7YzVmdvm is activated:  0.035909574
2026-08-17T04:26:20.085Z STAKES Stake account 3BAr2sKnnbteMkdpgbufZ38M5j2gmeELWSbyMPkoWg4v is activated:  0.051909993
2026-08-17T04:26:20.085Z STAKES Stake account 3BDReG5PEbXrE3zyjVW94yTEETCjoeuAfMVdw6SBoFPi is activated:  0.035908623
2026-08-17T04:26:20.085Z STAKES Stake account 3Bei79NTRhj5uU8vER1YEWcEsmd8KDArSUiNzhAPpBag is activated:  0.302974799
2026-08-17T04:26:20.085Z STAKES Stake account 3BhHEHUEKzQcVWvYEzJKiB2pa5Wqnjbx58gc6MqhbjAu is activated:  0.012594748
2026-08-17T04:26:20.085Z STAKES Stake account 3BrqRUvXoDJTVQP5dLA8uiK9Hx2NmHXokRK4uX8zQem5 is activated:  0.060199069
2026-08-17T04:26:20.085Z STAKES Stake account 3C5KcBLvVWB5Sg86SFL2YmGSZZhMmR9qoW5XDBgsfPNF is activated:  0.00639625
2026-08-17T04:26:20.085Z STAKES Stake account 3CHtxNdzbaeUhH8NgtsJPeUX3EuAcNY5rnX2jSEKFet5 is activated:  0.002282881
2026-08-17T04:26:20.085Z STAKES Stake account 3CPizLYaMiKGh9vnRZmKzRxzkyKinxgYBJPqMPG9pU8K is activated:  0.019381264
2026-08-17T04:26:20.085Z STAKES Stake account 3CbVXyrnJLVrYkESptey5rTGQtcEoXx1LLwHNUKY5vEZ is de-activated:  0.100486439
2026-08-17T04:26:20.085Z STAKES Stake account 3CjxJut5vKZb1JfAmoYHmzxFS6PAJ1fof8B67juGEvAn is activated:  0.029840396
2026-08-17T04:26:20.085Z STAKES Stake account 3DCTk2ERx9eanzDathXUQHHF92qZXrcPjqUyJMAU5ebD is activated:  0.135127952
2026-08-17T04:26:20.085Z STAKES Stake account 3DDZhSZjc1cJzp3jvcBGTZVgCLT5R4pFntvoGz5H1SVG is activated:  0.192094461
2026-08-17T04:26:20.085Z STAKES Stake account 3DPJmXH1CpwG1Hy9iUhPJUuQDiVVuxirZ1xgWiFueFtA is activated:  0.281226925
2026-08-17T04:26:20.085Z STAKES Stake account 3EMXbQgXdnnJS89W9Py4gMEoH44vEdqiTb55AM5fdiGY is activated:  0.029817531
2026-08-17T04:26:20.085Z STAKES Stake account 3ETGFyyYnF4qSQUWA1qkSgmQ4Z6648dBELQgiacu4jUj is activated:  0.003495008
2026-08-17T04:26:20.085Z STAKES Stake account 3FCGR5v3Qw4NzKPJbv4rapXeZSAnFL9yRZVb9yAAttMt is activated:  0.302757727
2026-08-17T04:26:20.086Z STAKES Stake account 3FcuL7i5UPXz14hfZbZcPoMkBX6bWE88hvnLP5uypo1m is activated:  1.214193506
2026-08-17T04:26:20.086Z STAKES Stake account 3Fjd9C9pi6ixtJZdf4hDaTdeu27T4MDPuP7VkgETgDi8 is activated:  0.023894112
2026-08-17T04:26:20.086Z STAKES Stake account 3FpchLfv3CptxeZ6WbfJtzUKrtrZkz72AyBYxw788f3P is activated:  0.002888897
2026-08-17T04:26:20.086Z STAKES Stake account 3FqivHuQwR7opC9nJXsikoGUGNXECa9ryjSBouEnktSZ is activated:  0.010542969
2026-08-17T04:26:20.086Z STAKES Stake account 3GSKJcbZKgTY1Y1G1CgVrF58uqb9sLXTMiE1W3QoXFBw is activated:  3.5779788
2026-08-17T04:26:20.086Z STAKES Stake account 3GkUCNZy2J7y496rFUxHLDHQVMA2qqK24FB82jRY8PE3 is activated:  0.060222635
2026-08-17T04:26:20.086Z STAKES Stake account 3GoyqNm7er4XWpq7jxJUe6JpAPrbfvqVysBPDMRbHSXH is activated:  1.234030975
2026-08-17T04:26:20.086Z STAKES Stake account 3GuGPwv2zm6pD4BV2X6VnuSjZzkfAYKgHXhHbbTerUPM is de-activated:  1.010255298
2026-08-17T04:26:20.086Z STAKES Stake account 3HFsCsQ47JJMYvQ55LuwXJs8wXTSTt8dn6DLGPyUhEgh is activated:  0.182268363
2026-08-17T04:26:20.086Z STAKES Stake account 3HJaLArTRFNt8YB7wFs7xF9cEPBFBTLzEqLsnBGaqxN7 is activated:  0.038057211
2026-08-17T04:26:20.086Z STAKES Stake account 3HzSakPcXQyiDnxDD9uo3EbsjMLnZhxunmgYnZhKTinU is activated:  1.214159254
2026-08-17T04:26:20.086Z STAKES Stake account 3J4MRMJw8UynoGkm3NbDoRcDwvfE7cc3CPWwJ5WkHuDi is activated:  0.006530421
2026-08-17T04:26:20.086Z STAKES Stake account 3JHwK5ca6UJE7j7Zqnc4tTXDMeXnNAHXZYqg5zUvVrSi is activated:  0.101853925
2026-08-17T04:26:20.086Z STAKES Stake account 3JmZcvKkca4N4FeRi87WBCvHpBZUBVHosH8rjWX9Gy2D is de-activated:  0.059887367
2026-08-17T04:26:20.086Z STAKES Stake account 3JwbgXrYqeGiTzdDnrxoREC7Z7f5Vvf1bdY7Zzy1heQQ is activated:  1.214061607
2026-08-17T04:26:20.086Z STAKES Stake account 3K12MieRQ3k7RJfLruNHbrEdfuXqtAGDzdiTS3MAWBCU is activated:  1.212437722
2026-08-17T04:26:20.086Z STAKES Stake account 3KBuSgePrHKDWWQB5RDXG39ZEc1HFwmj46VQSqf7X1TX is de-activated:  0.004083715
2026-08-17T04:26:20.086Z STAKES Stake account 3KMAegQEdUFs9S1Sff1Dk6Nx3J5et37Y85C6kJVTCD3A is activated:  1.213152442
2026-08-17T04:26:20.086Z STAKES Stake account 3KQizqHD3zRaU5wkNQbAoUyFgiVR28zoHZ8yNSDcdn3d is activated:  1.213673277
2026-08-17T04:26:20.086Z STAKES Stake account 3KYbEssptckSvnTPUPvKNLiZX8hKadGdHMebBhrTx72E is activated:  0.065370314
2026-08-17T04:26:20.086Z STAKES Stake account 3LCR4jtSuESJQGTynTztLy5pFAB7rTaxRx2kCnQJtgQ5 is activated:  0.01164495
2026-08-17T04:26:20.086Z STAKES Stake account 3M2ZysYzmDYrnotDNXrrRheryHM43op7nkxfv8kVriT2 is activated:  0.120837771
2026-08-17T04:26:20.086Z STAKES Stake account 3M6F1V26Qsxs54NB8hbv2eyR8uQJUdhMSBynrKUZ72o4 is activated:  0.120790157
2026-08-17T04:26:20.086Z STAKES Stake account 3MFYe966Eh8pEYE8jA7UZ8xYu9CRbH4qnA46z3D8cnFC is activated:  0.002282881
2026-08-17T04:26:20.086Z STAKES Stake account 3MJixqrsWrzXzxAfQqrPAsW2LJ8GK65ufqZD3ZvVUdUi is activated:  0.214790081
2026-08-17T04:26:20.086Z STAKES Stake account 3N67cHSeaUewqbmQNsZTQsxhAWk7n4hvog1c8QtuHmCT is de-activated:  0.00484003
2026-08-17T04:26:20.086Z STAKES Stake account 3N6rYgtpAsoRtg28PxpKBr1UsRidDt4svxpKuetPzVjz is de-activated:  0.107619393
2026-08-17T04:26:20.086Z STAKES Stake account 3PAmsHiF81DhHGGA8JMo5MYn1VhCd33dtQMCsg25aiWj is activated:  0.120841124
2026-08-17T04:26:20.087Z STAKES Stake account 3PNp4gUx4kDN6PpGCUCPcbY2A51evAQgN2ExKA1R6eEn is activated:  0.014493125
2026-08-17T04:26:20.087Z STAKES Stake account 3PSK8YfGByqyhtRfWok6wrKSd3jAaSwJR5AokJy47Txg is activated:  0.424461094
2026-08-17T04:26:20.087Z STAKES Stake account 3PikXDFPoA3WMYvT2xWpobX3FJD3SkY8Cf4QjH4nggvg is activated:  0.011644686
2026-08-17T04:26:20.087Z STAKES Stake account 3QWawW5za3Gcoh4oSSiQtmUKECA5V2MQfMMj9W4eSFgn is activated:  0.120841125
2026-08-17T04:26:20.087Z STAKES Stake account 3QYLhVZpycVSAueThoGPXTUwPjZrV69u92HCsWXiEtwM is activated:  0.002282881
2026-08-17T04:26:20.087Z STAKES Stake account 3Qb7Ah68XpkYXjVJZxSshUB1YDQCPHwR4XfwAZGSvnJa is de-activated:  0.005107115
2026-08-17T04:26:20.087Z STAKES Stake account 3QjZLDEnptu5cKfF1aPS2NLQMmPFEWcgTDucVvTVQTJY is activated:  0.060199068
2026-08-17T04:26:20.087Z STAKES Stake account 3QqT6E6FgAf5spzfDwW3CYwi2WkEDHGtASwzD8CBvooH is de-activated:  0.288806064
2026-08-17T04:26:20.087Z STAKES Stake account 3RBUdYfL2nu3ns4xYLNirApZt6WeiZwXT8jc8VtEz5k7 is activated:  1.215923029
2026-08-17T04:26:20.087Z STAKES Stake account 3RPuSDcoNZ47No3BWmdNhgXQxbnPYzkzPYqo6EbzEsNb is activated:  0.048075475
2026-08-17T04:26:20.087Z STAKES Stake account 3RhT5E7n5Ma987tpodTPaZVYzmd8Z1SAY6HsjP8BgYnB is activated:  0.002282881
2026-08-17T04:26:20.087Z STAKES Stake account 3RyiBujHkNLqMswvvRBQt5Howy3aTTRgELEJRK4BbNq8 is activated:  0.011487526
2026-08-17T04:26:20.087Z STAKES Stake account 3SAZ9vTrN8fc7oF31eQrdDW7VXPNCAWnarBLn5CR8qYE is activated:  3.645664707
2026-08-17T04:26:20.087Z STAKES Stake account 3SAvhhCow8yZTPa4tazkyMjp4jFurCqVkaGJsk8opp84 is activated:  0.388245371
2026-08-17T04:26:20.087Z STAKES Stake account 3SRDQD2GJK9mKa5yERm4XVMTafrdo7AXwDmrvpEJtqX8 is activated:  0.01164495
2026-08-17T04:26:20.087Z STAKES Stake account 3SXDAZAUFHWe4VoBZYnLzhkhJAde52javCHAgG5VC6aY is activated:  0.607030954
2026-08-17T04:26:20.087Z STAKES Stake account 3SysiEyxTHfVMbajxyMntmYRPNgqc12P1HThDa86i5N2 is activated:  0.603007222
2026-08-17T04:26:20.087Z STAKES Stake account 3T4um8yWEpCTsJfrpJWYoUkUT2FrhGR3k87GNY1QChFA is activated:  0.120790157
2026-08-17T04:26:20.087Z STAKES Stake account 3THXoXtmeubgV97nzLaFwfk1p7SruWYTnRhnfmQ3yJzA is activated:  0.303016051
2026-08-17T04:26:20.087Z STAKES Stake account 3THxcBmC219BBGaeiLc3esyDm2TAy8hfpHbUZb31bqZ8 is activated:  0.002282881
2026-08-17T04:26:20.087Z STAKES Stake account 3TKSA1NN6JUcCLh17xBp1v97hT2tjNAxddULNT9keLRH is activated:  0.005837344
2026-08-17T04:26:20.087Z STAKES Stake account 3TRFw9xdhccnqzV1oBdg9XEtfH3yB2feH6GE2Bp4eVTV is activated:  0.607013862
2026-08-17T04:26:20.087Z STAKES Stake account 3TgGkPE6wWtxJ887SYuq9pGAiJXnbFDMBcNw7dVgAuzL is activated:  0.015021227
2026-08-17T04:26:20.087Z STAKES Stake account 3Tmp65oBsWFL8NpyRbptwcfwHXwfcGaCYftXUaAoRZ4M is activated:  0.011640635
2026-08-17T04:26:20.087Z STAKES Stake account 3Tpk34SevFBQG1wn1kMLgEuK6K6LUmMiX8egthLTMppp is activated:  0.005580111
2026-08-17T04:26:20.087Z STAKES Stake account 3TrPwWvU329TGCMKgBibN5NvQ1aRoGbVdfEeYsW1pcBb is activated:  0.012599177
2026-08-17T04:26:20.087Z STAKES Stake account 3Tvw3SVetVxdaugeAKdojQcDmQpPdNjVfxFvcTNxC2B4 is de-activated:  0.002282881
2026-08-17T04:26:20.087Z STAKES Stake account 3U7YWxyAFrB2xYiTA1QfZEiX1J6j6y81edxJbFf71BWH is activated:  1.214819299
2026-08-17T04:26:20.087Z STAKES Stake account 3USRr1WKopyxzgPkTwizdZJJzX6ixfFAmPqbF6UBzxAu is de-activated:  0.010003825
2026-08-17T04:26:20.087Z STAKES Stake account 3UWDYwg8Tz2bbAQSDPV5iUEcpQxzbz1e9H73M1U1m6ZA is activated:  0.00774184
2026-08-17T04:26:20.088Z STAKES Stake account 3UpELmwxURSsUg2Ug9swpbqR7KUTnAAKfU9niZZgxTns is de-activated:  0.562224981
2026-08-17T04:26:20.088Z STAKES Stake account 3V2rk7r3crWFFWxR8YGEAiR9M6kq1YD9RFnwXBpygK52 is activated:  0.132160795
2026-08-17T04:26:20.088Z STAKES Stake account 3V6MBFMGu4tyrJpMGTu23SpYuMUA4WNcKxhcxkWtX73L is activated:  0.002282881
2026-08-17T04:26:20.088Z STAKES Stake account 3VAFWyUhbLkW8N6t2WeWu19SVkaoNhCQsLsWCb7PNNXd is activated:  0.011640899
2026-08-17T04:26:20.088Z STAKES Stake account 3VHVx8SvfYqo1haiky3Nm1VtTYjA5h6SRwbbapbtiWj1 is activated:  0.002282881
2026-08-17T04:26:20.088Z STAKES Stake account 3VHYtxH5tZBGCXFVyPRYJPbczbmBe3knmiasM9gqAfUL is activated:  0.024100556
2026-08-17T04:26:20.088Z STAKES Stake account 3VoZ9pmgjSnSRfsgMYpXEXBzhf8jLzdVDQfR4FoHtG7S is activated:  0.027760146
2026-08-17T04:26:20.088Z STAKES Stake account 3VvWXgVLeUxqtbxA216QsbAHQvQviuWGcJZWf5Drzf8o is activated:  3.582842395
2026-08-17T04:26:20.088Z STAKES Stake account 3WCyj2kRMDVDYMkXDUerAt78bxAeea3sjDiHFK8Q1UxG is activated:  0.242425583
2026-08-17T04:26:20.088Z STAKES Stake account 3WRiNKEd8TGUvgc82M5XgBXuU2k2Ke94UnLE9c3oY7bL is activated:  0.595410694
2026-08-17T04:26:20.088Z STAKES Stake account 3WSpigV981KKuMWxLBokE8j3wyZ45ooQkRmMuQ4AmVQ1 is de-activated:  1.177759127
2026-08-17T04:26:20.088Z STAKES Stake account 3Wbx7MkZXBQkMCSThj9reBYkPzsExwStjSiTGP9HyRDs is activated:  0.011648945
2026-08-17T04:26:20.088Z STAKES Stake account 3WyQmToYni3d8HHcoduJTPnPrXmVgD9ncLetqFQVTBJP is activated:  0.120841124
2026-08-17T04:26:20.088Z STAKES Stake account 3XV4qtv6ZM5iQonki3oZhcaXyHKZ7eu48yHazK5TVBFn is activated:  0.002282881
2026-08-17T04:26:20.088Z STAKES Stake account 3XbWHdcX8qcR6FZt7LhTxNzaQnEQbSBfQepHknvtyTkv is activated:  0.002282881
2026-08-17T04:26:20.088Z STAKES Stake account 3Ym51iVFajqgTEPPFq1iSra4L4q2JtfudHJsfNskvVom is activated:  23.155286907
2026-08-17T04:26:20.088Z STAKES Stake account 3YnT79rxuKmrS3hr6MWdeoVP3sYGi4m4uugRR3YgVVJ5 is activated:  0.120841124
2026-08-17T04:26:20.088Z STAKES Stake account 3YsCGELein7MynEJLSomthCrcEzZQYbBJqp39TTHhabh is activated:  2.429070619
2026-08-17T04:26:20.088Z STAKES Stake account 3ZUswssmxtrwxSfjf6CwB2TFBPgP1FS6uFZohQcyf4th is de-activated:  0.003355244
2026-08-17T04:26:20.088Z STAKES Stake account 3ZXNTWzdQ27rsT8QS6izwiJeR224CfkE9A4HoPe4UQx2 is activated:  0.002282881
2026-08-17T04:26:20.088Z STAKES Stake account 3ZnNwVwEEN1U3Dc6VkXLBnVyi74TmmwkfZSExbGW2aDu is activated:  35.147621688
2026-08-17T04:26:20.088Z STAKES Stake account 3Zwut8ABQpdUTyQGjt8SnQKdhwuaVD3VyfS8p89jk4g5 is activated:  0.035923082
2026-08-17T04:26:20.088Z STAKES Stake account 3a8x8HJtZzFTLksXeAE9sWfJpoQN1e7j8yMTvBdYYryt is activated:  0.01438243
2026-08-17T04:26:20.088Z STAKES Stake account 3aXGLZoMC2A7UwM21trFBwq8ennrkQ2cKdrBVDKLfvwH is activated:  0.002282881
2026-08-17T04:26:20.088Z STAKES Stake account 3b657jCNNgaU8XeA5cXbEGPPmc4E2PD1j9WXNtrhpAAh is activated:  0.120790159
2026-08-17T04:26:20.088Z STAKES Stake account 3bZpeencMLHfiBk46gvcfFnEP3tdbB15PrAdkLQKX2Fi is activated:  0.060121451
2026-08-17T04:26:20.088Z STAKES Stake account 3bc8Bm3CUa82kUUj6b9kx94nUmmhu7BTDzSUwzCUXDm1 is activated:  1.213152445
2026-08-17T04:26:20.088Z STAKES Stake account 3benCHyLvMpC8yjTkvAoX8edPZvdXaN7TtV1s2eqeNiT is activated:  0.00424166
2026-08-17T04:26:20.088Z STAKES Stake account 3bo5XLRwyhhbMQNeL6soA7F3YUQYNBbcfrE5DkNXaf1x is activated:  0.120733104
2026-08-17T04:26:20.089Z STAKES Stake account 3bsXyXRHU4dCBBQuH3e5HvJ9i9jfBCGQCfdummPAaFSD is activated:  0.002282881
2026-08-17T04:26:20.089Z STAKES Stake account 3cU9VM6w4iwnXBrLPhiYVi3myuYDdoU6QQZwjXJFUc4R is activated:  0.120892017
2026-08-17T04:26:20.089Z STAKES Stake account 3ckZVGJpJizRYviTFJwtneR98QJaKWNKSX2ZLnM9bE6R is activated:  0.002282881
2026-08-17T04:26:20.089Z STAKES Stake account 3cosqGFLmcC6h1UpDFWWp9rB4mvfF29xg7J3GyGijDx6 is activated:  0.003495539
2026-08-17T04:26:20.089Z STAKES Stake account 3cphSLDEgw35pPj7BNncejewsNLFmLY7Q7oVbwA269sk is activated:  0.120892017
2026-08-17T04:26:20.089Z STAKES Stake account 3cpzYBBPhsupfjnc6ZGVUM35d31ZAYCja2AbNn3ha2tG is activated:  0.007135194
2026-08-17T04:26:20.089Z STAKES Stake account 3cqur82ggKdLnnjnG7wcosRGDZZxKpj9712JEteSxqKQ is activated:  0.002282881
2026-08-17T04:26:20.089Z STAKES Stake account 3dV6rDp5hQm9rn55u1myg5X7MYgtMGwjJsgXqg1YfJqD is activated:  121.047268116
2026-08-17T04:26:20.089Z STAKES Stake account 3eZua4Wqym9scfvoHnFymJTovLAsmsRtnH1ZzT3sR9c6 is activated:  0.002282881
2026-08-17T04:26:20.089Z STAKES Stake account 3ekjYDS5GQtPfHevn6jqKrRjD3zL96F8rVcP7ebWN58Z is de-activated:  0.006034617
2026-08-17T04:26:20.089Z STAKES Stake account 3fS21y5Mm2z22zNyjEpoD4RH1gW8tqh2UeNQViHpvZQb is activated:  0.007736869
2026-08-17T04:26:20.089Z STAKES Stake account 3fkaL6fc5bcj8ZQK4t9k4CydZkBfvy6K92TxsehucH7F is activated:  0.002282881
2026-08-17T04:26:20.089Z STAKES Stake account 3fshSjhSYmwaGYZUonpfnyVh8pvSVZkTKjoDZftaub5N is activated:  0.005575781
2026-08-17T04:26:20.089Z STAKES Stake account 3ftn5it7c4BD67f3TJ2zXG4RsGCBPdVzKpw2fMACpPLe is activated:  119.931634842
2026-08-17T04:26:20.089Z STAKES Stake account 3g6M237T7oxo9B35aZXQGY6ZjNXo4ssjn1kema6due3o is de-activated:  0.105871917
2026-08-17T04:26:20.089Z STAKES Stake account 3gGTowUQtbjBKgu566HGexzRivB1Yvux5JzVoyPjChna is activated:  0.006524732
2026-08-17T04:26:20.089Z STAKES Stake account 3gMR78AdNM4Z6Vb25tdqJEEGJEyjwGvYGKEjYbaKdMdi is activated:  0.182546426
2026-08-17T04:26:20.089Z STAKES Stake account 3gPzE5qvAthjCjoyzVuBZ6acx2W7b3WogwAhiAJVBq1u is activated:  1.229118311
2026-08-17T04:26:20.089Z STAKES Stake account 3gU8AEHUt2gY8ymFwdcyY7KBk7XNWnaeb6bZ5Lck6cVT is activated:  2.148094529
2026-08-17T04:26:20.089Z STAKES Stake account 3gXgtkSSRSTfxj8whPViQNrh1QZ76mnTebw3GPrcSA3F is activated:  0.002282881
2026-08-17T04:26:20.089Z STAKES Stake account 3gZ1Cw1afdxksU6mN66S2PqEhMD2yycGDRwU39iX4rRo is de-activated:  0.002282881
2026-08-17T04:26:20.089Z STAKES Stake account 3gsqX1yYTsFcL4A3J66BAvQJw7XF7phnBZZ9Vx1ZeByU is activated:  0.011648945
2026-08-17T04:26:20.089Z STAKES Stake account 3h8dYvcm6wZW9fbxbeJ3so5nzGSZoBkvMs2gFvifJZth is activated:  0.023796979
2026-08-17T04:26:20.089Z STAKES Stake account 3hFZhp8HMwDTisGFFXtkr7y6XudkYU5oxuXwn37ZeHwK is activated:  0.002282881
2026-08-17T04:26:20.089Z STAKES Stake account 3iSeySGsJ8cmd4j7DWeUoFYt8Ajq5gkbeJguKB3YWkPm is activated:  0.081574259
2026-08-17T04:26:20.089Z STAKES Stake account 3iYGTDVRwqx1EvLVUEs56oxaXJvkwErJ6JymhentvsmX is de-activated:  0.002282881
2026-08-17T04:26:20.089Z STAKES Stake account 3iboxnzxGBQ8ABR2UbqfTpb2FLgpAyY6XAG7kLvhYmNQ is activated:  3.67192486
2026-08-17T04:26:20.089Z STAKES Stake account 3jj8Ex1yN95fe8mAidz41kRG86vmdH7KJrZFbEVi4pJV is activated:  30.331815288
2026-08-17T04:26:20.089Z STAKES Stake account 3jocHrLwj5bCsqX9PPqrKX5DknbT4YmyLznNLk7TjBkk is activated:  0.002282881
2026-08-17T04:26:20.090Z STAKES Stake account 3jyfLGVeT5jS3S3p5mVf2pq4pHRWPeMHpd51qM4jWK22 is activated:  0.035924033
2026-08-17T04:26:20.090Z STAKES Stake account 3k5w1Q4sgR5UqPWYL1qLvZeoCfWUVzH2xyjqJK6ovSvY is activated:  1.705162328
2026-08-17T04:26:20.090Z STAKES Stake account 3kGgskSeq2uNR6NKbXAXboGT8qpFGMx4PXavwM5kTMYD is activated:  1.335688206
2026-08-17T04:26:20.090Z STAKES Stake account 3kNMjfAf8CJ6PzW6xNaKDqYh7PBQPTwxVzCgfccHJJ7J is activated:  0.004102133
2026-08-17T04:26:20.090Z STAKES Stake account 3kPXWJN4L2MDJcvc1XhpqCN1CFjXk8Cf6z9nQPTVUqpV is activated:  1.335115885
2026-08-17T04:26:20.090Z STAKES Stake account 3ktFfgjYJhbmKwvfFrUAmhjU5RQ8vpko4gLTWc7Ptg3p is activated:  0.118859973
2026-08-17T04:26:20.090Z STAKES Stake account 3kym3bBvwmdkwhedDDLuFFdE48mw2Hk1YhbhXjqf917r is activated:  0.606718844
2026-08-17T04:26:20.090Z STAKES Stake account 3kyvc9t1jofRqyP7NpJncNAiaViMwDhTjxTLc2Q59s4A is activated:  0.002282881
2026-08-17T04:26:20.090Z STAKES Stake account 3m3dv3GvBCzorBmLx8WYCqHtwrShuX1m8kvKF3d5CM7W is activated:  0.026524818
2026-08-17T04:26:20.090Z STAKES Stake account 3m4Y9DcAnT9RZFYg1FGaWo7Zb5UhTFugoxhHZsiqWCHD is activated:  0.002282881
2026-08-17T04:26:20.090Z STAKES Stake account 3mxaif9hfeXzUUtw9RvQPriTSPrPvxeaVH8RRjVnPMqu is activated:  0.002282881
2026-08-17T04:26:20.090Z STAKES Stake account 3nS2XnC6Pjje3oRuuiJAoeDVa8tsKZ8EnC6NUc1hzx6n is activated:  1.123038923
2026-08-17T04:26:20.090Z STAKES Stake account 3njw8EYzUTSBwpTbmSv9qebxWG6zN7fB5UAgvpqi2G9y is activated:  0.002282881
2026-08-17T04:26:20.090Z STAKES Stake account 3nu3xJYwSptSLNUM86iTTz6sojdTuwLzyw8yoi2swHG8 is de-activated:  0.002282881
2026-08-17T04:26:20.090Z STAKES Stake account 3nuYwqGVCksfQusMpbjM5aSt5CpiurYXTrz9hGJYmk5M is activated:  0.060121451
2026-08-17T04:26:20.090Z STAKES Stake account 3o9PuLU2WvKJ2H3KqZgSBwwPCaKDdH1MGnmovcpWYudJ is activated:  0.005613525
2026-08-17T04:26:20.090Z STAKES Stake account 3oAjfiswafZogwGCQpcg9ahMgU8k5J8E3Mbr1Eu7of4m is activated:  0.241979976
2026-08-17T04:26:20.090Z STAKES Stake account 3oYDV5NXf1ZMZMjCdGvQhrhxF2U4nLmogh6vvSdZwyYm is activated:  0.002282881
2026-08-17T04:26:20.090Z STAKES Stake account 3oZWgbxmSxd82kyS3J1R6HHJy6D638D6iBWVQXMWsmq6 is activated:  0.304435204
2026-08-17T04:26:20.090Z STAKES Stake account 3ogjM7C81xJDc9AfiJxTmehUoAvtLg1yyjqjLMDtydsQ is activated:  0.280418877
2026-08-17T04:26:20.090Z STAKES Stake account 3ornE9dXBFa2kK6w6Rh5A4SMcs81oudVrJJZ6xRLgjFZ is activated:  0.101198277
2026-08-17T04:26:20.090Z STAKES Stake account 3p6pBe9HgP1yQScbdb5YAdzBJ3Qm5eWwdohaDjK27PKJ is activated:  0.01164495
2026-08-17T04:26:20.090Z STAKES Stake account 3phfk2cL4K1EsUC4Z9gLvV9oUrcfP1Z41sWfXVLo73en is activated:  0.002282881
2026-08-17T04:26:20.090Z STAKES Stake account 3q12DhEYNvGr7J8UonbSfu441BnyuQPn88ba8zjjQC4z is activated:  0.242289882
2026-08-17T04:26:20.090Z STAKES Stake account 3q62piVmnVw9uWEMu9G4B7RaMcugcVxoogAoUD1zrQpM is activated:  0.540392714
2026-08-17T04:26:20.090Z STAKES Stake account 3q63kAa3eYsk7raZJdg1kmKzSEV62xpD3EpX2KQZDWn3 is activated:  0.002282881
2026-08-17T04:26:20.090Z STAKES Stake account 3qEMQp9Y4ZDSmefkq3yQNGX7UVj6Nqs71Qc3bhDJW6HY is activated:  0.363401732
2026-08-17T04:26:20.090Z STAKES Stake account 3qKM5dRqqCvzbS61EUN6GTEpDUJVqKwLLoqh9LGoNVnc is activated:  0.12078126
2026-08-17T04:26:20.090Z STAKES Stake account 3qLpDvkEGzvsWh8cEFi5kd1cigS2tsMaANwb8yLHQrM1 is activated:  0.606459387
2026-08-17T04:26:20.091Z STAKES Stake account 3qMkqvgrQkqUSP9eoevvAfqNpDfbQdgJScB1sHpufUSK is activated:  0.01016491
2026-08-17T04:26:20.091Z STAKES Stake account 3qV1prPPw4wV7d3xsdYNwUMm1wzLWFi7ssvMJWgofvix is activated:  0.002282881
2026-08-17T04:26:20.091Z STAKES Stake account 3rXXiCMYZ2P7XCQf3L1Da1NTLDVMyJKbjNNGtvGxwA9W is de-activated:  0.50067869
2026-08-17T04:26:20.091Z STAKES Stake account 3sAtdbHndbermGt96eZW2EwgCpdWV85efgV12PGaDdh5 is de-activated:  1.123744859
2026-08-17T04:26:20.091Z STAKES Stake account 3tAerhqZwMqpzBx1ebEi5YFRWDSmUEfS7thJBQYXPY1N is activated:  0.166547897
2026-08-17T04:26:20.091Z STAKES Stake account 3tM1VFGF5FAA7tLeWFak4ykrKrpmeKBti6p36r13xQjX is activated:  0.048041866
2026-08-17T04:26:20.091Z STAKES Stake account 3tVnDk6gn12gV2XPEeumaenHAbux7k2B5DPpNDibNDgV is activated:  0.607030955
2026-08-17T04:26:20.091Z STAKES Stake account 3teaynYzPARjiiJxKAMs3KmQF1JkPJp1kC6NgEBBJXt2 is activated:  0.023755323
2026-08-17T04:26:20.091Z STAKES Stake account 3tqxFwFdE66iKj5yGP4iAKam111pfqyTZmjt27qN8ijw is activated:  1.212569458
2026-08-17T04:26:20.091Z STAKES Stake account 3tqyz2jzNLQjsLhTi92AWTuikp3TPAYqLLaHvLVEZGDK is activated:  0.01164495
2026-08-17T04:26:20.091Z STAKES Stake account 3uBFr9CNQP1ofBbGZtpG3ivdfYd1LUGdHuuEe3jRvBnH is activated:  1.2148193
2026-08-17T04:26:20.091Z STAKES Stake account 3uHbjdmsqssuYoBg8gHQn19vxxL79ZP8kg8iU2kkHCwE is activated:  0.120790158
2026-08-17T04:26:20.091Z STAKES Stake account 3uKaBiba5hWtp9cXZPf69xLf9D2HWs2xFcxaHfrzExxq is activated:  0.011550097
2026-08-17T04:26:20.091Z STAKES Stake account 3uXPKtj4dhVQqngLGEqR1uRPJL8ssRLGiY7irNYvtgKx is activated:  0.120790158
2026-08-17T04:26:20.091Z STAKES Stake account 3ufaAcmrNEUm4xj47PngGpCGFMZREB8SavRojPqtcmV8 is activated:  0.03951531
2026-08-17T04:26:20.091Z STAKES Stake account 3uoQkHdbRMBCp6dsUwbkFcb9AY52ebJF9MM9HuQtRikY is activated:  0.123447778
2026-08-17T04:26:20.091Z STAKES Stake account 3vFEE2fD1Gfu7EwwQfo9jXy5ESxNZJHUbGaTgQucmhFQ is activated:  0.036566023
2026-08-17T04:26:20.091Z STAKES Stake account 3vLdooh6BPa3JjBv4hzvUN6Mrekb6NqQVge8YuXBoSMm is activated:  0.002568488
2026-08-17T04:26:20.091Z STAKES Stake account 3vNRKUobU8N4WvHGLtLyhcQb3FpKMJ2B2DbK22jWZAFM is activated:  0.060096369
2026-08-17T04:26:20.091Z STAKES Stake account 3vxwSJD8LYmb4QDx25SNU3QTbwbk561UHpSxSCZnuxHQ is activated:  0.206736653
2026-08-17T04:26:20.091Z STAKES Stake account 3wRfsPQgKNzWu72DFqme1fuNtxZSazoydsKjJkHsCAJo is activated:  0.002282881
2026-08-17T04:26:20.091Z STAKES Stake account 3wu63PX6FiuZhzrU63EgbQKpa7SWVx2ychFaFoxFxBWV is de-activated:  0.10143509
2026-08-17T04:26:20.091Z STAKES Stake account 3x5cvjx7U9tNAVoWSQuQNCHRKML49FrkT84cRfahsh1j is activated:  0.060149313
2026-08-17T04:26:20.091Z STAKES Stake account 3xUp5Q2E3saPmoPvmJxREaoENsLCcvCsMTFA6s5S3wWh is activated:  0.242095463
2026-08-17T04:26:20.091Z STAKES Stake account 3xZz4X2hMzso8z2UjUZaZfgDvyeFw5P51F3t2Vbw81R9 is activated:  0.002282881
2026-08-17T04:26:20.091Z STAKES Stake account 3xxy39fquai2CggLw6B4V3AuGsHbAV4cBfHz5zgD5HLc is activated:  0.002282881
2026-08-17T04:26:20.091Z STAKES Stake account 3y3e2hCH1cZ5AeNMkMstVMWzhcgVDWdVDuAr371v5ofQ is activated:  0.023540809
2026-08-17T04:26:20.091Z STAKES Stake account 3yRvvBoE889eK7yigkPhrWfwkSChdiVSbixiC52ur7im is activated:  0.06363251
2026-08-17T04:26:20.091Z STAKES Stake account 3yvgdm8x124Jafjir9YzBApe6AN7KytGtbJQKTpoHy4i is de-activating:  1.186693367
2026-08-17T04:26:20.092Z STAKES Stake account 3z3Jgp9uLYdWdJfeS2K6xAMRccfejKuKaYwhpU3FSAXU is de-activated:  0.010147086
2026-08-17T04:26:20.092Z STAKES Stake account 3zD8jiC42biWD6xhFymXT65UuoEE5892HvtnpYTQVVXL is de-activated:  0.03058167
2026-08-17T04:26:20.092Z STAKES Stake account 3zLKjS4B8U18b7mGrricFAv399YeKgBNxfsWAJKk6yeC is de-activating:  0.159267251
2026-08-17T04:26:20.092Z STAKES Stake account 3zTHZzHUXvAM7rAxXbBkGAnw7Y3UTsSyT6wgWQ9xCT7A is de-activating:  1.054115733
2026-08-17T04:26:20.092Z STAKES Stake account 3ze5tTcr6qMyycK8xtgk7z4vN5oxfhJYG2pegCtybkEi is de-activating:  0.120720203
2026-08-17T04:26:20.092Z STAKES Stake account 3zqUeudwuDqqAoNAWr3TAVu65xqEcpynNApxL19ABLjZ is de-activated:  0.027558901
2026-08-17T04:26:20.092Z STAKES Stake account 41RKixC2GAQr6r8CyAky9Dep4w2xBWHi7ipWaZggDTCt is de-activating:  0.004707453
2026-08-17T04:26:20.092Z STAKES Stake account 41aDCFU4L9Pt5uPYDisxdk2bfT2ZC3U7ikoy1CBXgGZ5 is de-activating:  0.002282881
2026-08-17T04:26:20.092Z STAKES Stake account 41gdbzGZpJ5BFy3u1ot91XGxs1aWs9MtSKvvrUPccEH7 is de-activating:  0.120888663
2026-08-17T04:26:20.092Z STAKES Stake account 41hPGe4wmTpg2PvHLwqZQiqGHW35GZhC7qZDwdeTfkqu is de-activating:  6.079286436
2026-08-17T04:26:20.092Z STAKES Stake account 41m8pXwcYo2osS2ybFiz5RnA7tZczzv9eHjoFN1iqqUp is de-activating:  0.120841123
2026-08-17T04:26:20.092Z STAKES Stake account 422jEjT6cNqQYuEUexsWV35DjEUVnjek7xaqcwrdfBXw is de-activating:  1.213673278
2026-08-17T04:26:20.092Z STAKES Stake account 42AEZpm3dhUWZSpkUsy5xjPwL3UJsitjMdunaQjkRAxt is de-activating:  0.606133871
2026-08-17T04:26:20.092Z STAKES Stake account 42TrRMxMHeWbWEwLNsHRhHbfVVGf79EKxXTSJtj1i8rn is de-activating:  0.002282881
2026-08-17T04:26:20.092Z STAKES Stake account 42aBiaDrfWm8GCbkK6TMTCnGeDkNzahqJEXPbWvQeNJY is de-activating:  0.92220915
2026-08-17T04:26:20.092Z STAKES Stake account 42bBM45PvNbnYbLo8UzZSkLtgeUiAb7BqfqjQXnnJXU8 is de-activated:  0.00228288
2026-08-17T04:26:20.092Z STAKES Stake account 42prVSZvdqVECnfYQLrHi1Sas4KyS8AAa4TjNVsxSxoN is de-activating:  6.014731193
2026-08-17T04:26:20.092Z STAKES Stake account 42qeJnLz1MpntWjDFhaLkizJjcL63Foax4LGoU3CRYjy is de-activated:  0.165086869
2026-08-17T04:26:20.092Z STAKES Stake account 42tz8cQXV4YwZSbppmRibCb3eGzWBkGWThPTnmZnMNAz is de-activating:  0.002282881
2026-08-17T04:26:20.092Z STAKES Stake account 431Deo286zEuQ7Get1zBHhqGiJR4bWWqS3KQoysD53qw is de-activating:  0.002282881
2026-08-17T04:26:20.092Z STAKES Stake account 43E1mqkkuB7BMfmxFs2tFaiM5whLu7zmqVgNqbobagsT is de-activating:  0.312794395
2026-08-17T04:26:20.092Z STAKES Stake account 43NEv2NQrWpXHHgjd52zpqTmbjCmXt65Hig6da7GoZb9 is de-activating:  0.027152331
2026-08-17T04:26:20.092Z STAKES Stake account 43cFsXxVM5Fms42HvMkFFPoQy5Vy9jmWA3pUHsieuznD is de-activating:  0.004709793
2026-08-17T04:26:20.092Z STAKES Stake account 43hPHSx2Fa3KAp7S5YLzVUpthtZGtsUjx5hkzeUH6ZaC is de-activating:  0.011992057
2026-08-17T04:26:20.092Z STAKES Stake account 44AKTDWVDpaeh3X2QfPUrQTrQpxgC9yV8cqeX2eFVWrA is de-activating:  0.002282881
2026-08-17T04:26:20.092Z STAKES Stake account 44DXG8gd1m1YrY1QJuMjfyJPgiuZCdapk4aeKw5sKWEt is de-activating:  0.003152264
2026-08-17T04:26:20.092Z STAKES Stake account 44Efkg3GSex6y8eSM8n51WsFynmzGyUhXKrCnfkoMj1M is de-activating:  0.030171575
2026-08-17T04:26:20.092Z STAKES Stake account 44Mi9S6bi6WjHb8oVSFNHtHRbQxEa3Fgws36Y5jBk6Js is de-activating:  0.120786806
2026-08-17T04:26:20.093Z STAKES Stake account 44SJX8K8pGDpzMtjkQVeTgX38NbXrq49KQnSof6VS3bN is de-activating:  2.425636761
2026-08-17T04:26:20.093Z STAKES Stake account 44ULWKB9Awzubotke82AxHVGXfxqTYGmcCHog3xRAmbB is de-activating:  0.011624148
2026-08-17T04:26:20.093Z STAKES Stake account 44pfpb1Jz2P9WgbHi21fR8wmQ9Pn32ZXeBhnNLqdK3wE is de-activating:  2.382323687
2026-08-17T04:26:20.093Z STAKES Stake account 44xgtzu621Ga5uj1xRFGs3iccN6wQxozjDuYYyiKjZuC is de-activating:  0.005581888
2026-08-17T04:26:20.093Z STAKES Stake account 451UyKm6LVjpc3uzqfeozcRc1pGvRF9VH6xuhFwzYxww is de-activated:  2.205731868
2026-08-17T04:26:20.093Z STAKES Stake account 45L8gtTNioTKzzDbF9aDSKs9Lhd9v915ni67XiJaDZui is de-activating:  0.120841124
2026-08-17T04:26:20.093Z STAKES Stake account 45QEWCksZjRSgc1b5QLBG8wWTJEPyAc5FeEh98yTXhQD is de-activating:  0.062888577
2026-08-17T04:26:20.093Z STAKES Stake account 45QRb42T6oPCX6MPnzqNNAjM61bhRAmPZQgCHASr1hfE is de-activating:  1.212569456
2026-08-17T04:26:20.093Z STAKES Stake account 45cqjVzVpbFQoaLDU7Kzn2mJrjfYKgEeTPD4BjseYaYD is de-activating:  0.242198615
2026-08-17T04:26:20.093Z STAKES Stake account 45hcxwQn2AAt5pJhHwhEkJLvpr6B6XTKJLKgJaynYcdb is de-activating:  0.002282881
2026-08-17T04:26:20.093Z STAKES Stake account 47HvamvzT4Xooq5KGVj7HVgDoYFpSuKXrHwoqVXzaz5c is de-activated:  1.023923345
2026-08-17T04:26:20.093Z STAKES Stake account 47bCexdzbHeNkDANTaJgo2L4Lf6J3cLUmFATcyCHqQQE is de-activated:  0.020317473
2026-08-17T04:26:20.093Z STAKES Stake account 47fMrvxUh1NHBBCrVqTLnZJb8dFQcNx17n1T1vYJVPih is de-activated:  0.023541965
2026-08-17T04:26:20.093Z STAKES Stake account 47xzrfE65dsvjbQFEXmkAJbC9tAiQZx8fC77Jq6NSrvv is de-activated:  0.100042572
2026-08-17T04:26:20.093Z STAKES Stake account 485zb39Jg5sHsFzfumktfaXYwLDY8M4SGT3KN8BWxa5w is de-activated:  0.107224914
2026-08-17T04:26:20.093Z STAKES Stake account 48B6GDwBU1Au1f7JaSBd31A7xTKX5gUcVt7eGDAxkqUM is de-activating:  110.294121311
2026-08-17T04:26:20.093Z STAKES Stake account 48FFnaksstqotrHNX2EveYquKi87umB8yUKpVwfaEUxQ is de-activating:  0.24230164
2026-08-17T04:26:20.093Z STAKES Stake account 48Y5EmDube15BPrzmKEpt9N7Mn5NmDQy3F268ke4nyDz is de-activating:  0.002282881
2026-08-17T04:26:20.093Z STAKES Stake account 48k4fty1cwXGHx1H29cr8SvdhSFsDKJYbwXxp6itFjaT is de-activating:  0.120841123
2026-08-17T04:26:20.093Z STAKES Stake account 48yNUKG4Uv3vstv46NfHP9V3Ptca5E5W9khrfaWSDHVG is de-activating:  0.002282881
2026-08-17T04:26:20.093Z STAKES Stake account 49RPCUE7mY2GUasFv34aTJBcqKcnhGnr7X1aXgccsnTs is de-activating:  0.060228945
2026-08-17T04:26:20.093Z STAKES Stake account 49z6qE3RkLVaVU4DyGk63nUtbvhsTeK1rSdes3DMG5VH is de-activating:  0.01866747
2026-08-17T04:26:20.093Z STAKES Stake account 4AJn59caPbDYQjpCBa217NgGQSUrkFPfPe6fzPk8h3pi is de-activated:  2.194796462
2026-08-17T04:26:20.093Z STAKES Stake account 4AL5U5WSuYQDLSpVysVDrjMNEKvwnDADXcfnaVvchcXL is de-activating:  0.026556634
2026-08-17T04:26:20.093Z STAKES Stake account 4ArgwBAVimBkzAugnrKG1VQQtx5MSniZu1f3v1zCxDsm is de-activating:  0.120790157
2026-08-17T04:26:20.093Z STAKES Stake account 4B5CjTuUsDXUwx85jJhC6QuWkCpuvkbdSs6qudS97pg5 is de-activating:  0.011648945
2026-08-17T04:26:20.093Z STAKES Stake account 4BBNMvU8d5AsvaMZhpLiM956Yjp7cjqq3Mi7Gz7FxpZY is de-activated:  1.07962571
2026-08-17T04:26:20.093Z STAKES Stake account 4BE8ArSei6a7wdGcWRncb2G7dxnxNcJYbQbTJY39sxKZ is de-activating:  286.688366796
2026-08-17T04:26:20.093Z STAKES Stake account 4BU8kijp5FfwPcBBdE6J9wHeFYx1d9V4G1nEYQbdVEAt is de-activating:  0.061705085
2026-08-17T04:26:20.093Z STAKES Stake account 4BkDKN5NyXqSGKr4JmtkXQXaCsHi9iN35h9oyLBV8JSn is de-activating:  60.713899671
2026-08-17T04:26:20.094Z STAKES Stake account 4BpDXyRb8Rkxj7fVuhzmpn44zqN3RxwBxapSq2iSZ2cj is de-activating:  0.048663123
2026-08-17T04:26:20.094Z STAKES Stake account 4C4purCr4paSF2kgcLyY7KPr3zu467KBCTvrcwaLzbEP is de-activating:  0.002282881
2026-08-17T04:26:20.094Z STAKES Stake account 4CDSVkLhGzYdJazR18e6cxddkxLg6PG2dCVTYrPm4mKm is de-activating:  0.058530346
2026-08-17T04:26:20.094Z STAKES Stake account 4CTBXiuLBVWS74zTGMDr4oT3XTeUuhMvX2CYcbaNJ3HH is de-activating:  2.428028936
2026-08-17T04:26:20.094Z STAKES Stake account 4ErCN6wBY3qLmftmqQpGguE3APzvAamqtuDe1zzyqPST is de-activating:  0.319929551
2026-08-17T04:26:20.094Z STAKES Stake account 4F34thduFF8prcZAwkZKdTY58zBecQJCg4aGER4wXpYp is de-activating:  0.010389683
2026-08-17T04:26:20.094Z STAKES Stake account 4FaG8yptSZicNh8ManAbfqAxyMtGeSWgCmqBcCPCJDHp is de-activated:  0.41367459
2026-08-17T04:26:20.094Z STAKES Stake account 4Ffv3h9tg9FGEiwZfGPrzfdxW7NzSAZLva8VD5Qznngd is de-activating:  1.220190976
2026-08-17T04:26:20.094Z STAKES Stake account 4G7ZeYeX6K3vzktw3EyHYC5ojSTFoRWfaHi8nxJee193 is de-activating:  0.220767875
2026-08-17T04:26:20.094Z STAKES Stake account 4GA4graatkp8z4Lu8tivK8ES4jgqw1To4vXX9sLC6Ai3 is de-activating:  0.022907222
2026-08-17T04:26:20.094Z STAKES Stake account 4GNj3NMzvZz4Pj3CFmkip2xvnmCHWiS2JMXmPVG3bGuE is de-activating:  0.245353742
2026-08-17T04:26:20.094Z STAKES Stake account 4GW1cHX3WajpLNfzBduzSwWxvdzEa8C2N4Jzp49UYmej is de-activating:  0.226251904
2026-08-17T04:26:20.094Z STAKES Stake account 4GYFgsg5RzghfPUpAQGDGaq53XP5fDhGDNXxMbvnqCRe is de-activating:  0.005918671
2026-08-17T04:26:20.094Z STAKES Stake account 4H4NHamc2R4pVqdRUU4QF35atd4iTVG2eZb88nQuxYRZ is de-activating:  0.065397422
2026-08-17T04:26:20.094Z STAKES Stake account 4HPp5JrcVgqkMi8SXzxnPfWhk5fVFTxbEuvaaWXkaKah is de-activating:  0.002282881
2026-08-17T04:26:20.094Z STAKES Stake account 4J2twgr2JAzVGAVh7haEYGYXEDwk6m62g2N6TZ9DuZ9Q is de-activating:  0.011639178
2026-08-17T04:26:20.094Z STAKES Stake account 4JC6yAc22hBzwYmPRuX6JdwEhr1fnwN67PtDSjGgD2MZ is de-activating:  0.002282881
2026-08-17T04:26:20.094Z STAKES Stake account 4JVoqz6yMpcELaMecMSzzrBoJbjvjsGFutismk7Vsj2g is de-activating:  0.971176034
2026-08-17T04:26:20.094Z STAKES Stake account 4JojphDVEcL4FiudWAE67HcM88TLMaUSGJqh44hrhNCm is de-activated:  0.107762877
2026-08-17T04:26:20.094Z STAKES Stake account 4JskioCZSY6PSGDsPmmWKLPGRqCkAoReNpXg7M6v4C6M is de-activating:  0.011636401
2026-08-17T04:26:20.094Z STAKES Stake account 4K2UZLRH4Z1asvD8K6Ge6tp5qXsxFpwNLiTfR4qGP6U1 is de-activating:  0.120790156
2026-08-17T04:26:20.094Z STAKES Stake account 4K3obHAEFLFvyfeqjawQSv9UpVFmegCDrdSroCx6V7R9 is de-activating:  1.201568364
2026-08-17T04:26:20.094Z STAKES Stake account 4K5FUHrLzazMsuqAQhjFvGcDh7u7wpsjJqsYFQDSdGkK is de-activated:  1.002676908
2026-08-17T04:26:20.094Z STAKES Stake account 4K9XXuWnGsmBTQVkJuZJgD4DsKf89ZmSCheqpurzPEP8 is de-activating:  0.002282881
2026-08-17T04:26:20.094Z STAKES Stake account 4KUztoH3t6DpyDCgvEjZdGVL9DG6GDZNcH5RV9qXrwEU is de-activating:  0.120733104
2026-08-17T04:26:20.094Z STAKES Stake account 4KomrwhK1d5uasoJW4A8EKyLnw2Pj7kAJiZeouuD9keg is de-activating:  0.011294066
2026-08-17T04:26:20.094Z STAKES Stake account 4Lp2D3C32xzk7NwxDt5dPy2ePutfqE4ZDgCpq4EFJkXP is de-activating:  34.476917249
2026-08-17T04:26:20.094Z STAKES Stake account 4LzHQpFwvaBKeZiWD6KhSD8BgnpmjREmx3ypHeVngq7m is de-activating:  0.06054239
2026-08-17T04:26:20.095Z STAKES Stake account 4M65cWzSCJPvMt6CoiHJnXTzoBrtJqD112hcafbPHjaX is de-activating:  0.054447329
2026-08-17T04:26:20.095Z STAKES Stake account 4MR1bqS8U4RW6jYncQ4w3F2biRzNDSQKxjcRhHzWoRXU is de-activating:  0.066004296
2026-08-17T04:26:20.095Z STAKES Stake account 4MiV4fu7pcwxtgykch4az2sWhNqfBKfXFf213v5K83L6 is de-activating:  0.196936335
2026-08-17T04:26:20.095Z STAKES Stake account 4My3hiohwsBeRG2Qsa1MPTpe4ndTpNyXsBkK8QwFfW2b is de-activating:  0.132712068
2026-08-17T04:26:20.095Z STAKES Stake account 4NB57541yiecjFFJuYKNYX8A6mb3S9WTAyKbH3sTga5g is de-activating:  0.005575781
2026-08-17T04:26:20.095Z STAKES Stake account 4NQ4MfJzeiph3csYUF1sGVsAEWQ8qcwsbWJJMWdo72FK is de-activating:  0.002282881
2026-08-17T04:26:20.095Z STAKES Stake account 4NUQrFBX3xq7KhSfZkjpZdAkvSkCBaGyx3sUMvyAf2wC is de-activating:  0.002282881
2026-08-17T04:26:20.095Z STAKES Stake account 4NZckjriRCYYkWRSNoGCTXm5VBpe69TcnuDKnji9wJt4 is de-activating:  0.002282881
2026-08-17T04:26:20.095Z STAKES Stake account 4NcofSSmtemHJ1V3QyhASYNJy5mGUsZfVVCmtnRxkmGn is de-activating:  0.161910132
2026-08-17T04:26:20.095Z STAKES Stake account 4PMBxfBBxm5Di3J6P4DKuB8yZSYDyPuVGuMnv18VGCw4 is de-activating:  0.011653082
2026-08-17T04:26:20.095Z STAKES Stake account 4PWiHdu6SpsVvTDnUwiG6JsgdgLXBEy7hiBku1qDTfkm is de-activating:  0.005580204
2026-08-17T04:26:20.095Z STAKES Stake account 4PeifCBmf5J27VLqyEc7LyAwg8VDef1sufvgZnyxnNKw is de-activated:  1.13777684
2026-08-17T04:26:20.095Z STAKES Stake account 4PunDHztSxgotDHzsZDfTt5QWjavkMJt5tbjaKqvK8ab is de-activating:  0.002282881
2026-08-17T04:26:20.095Z STAKES Stake account 4R5X64bAAkdo4dykLZ79Z2b2xj6A5T9yi2mRNMB5b1i4 is de-activating:  0.023757662
2026-08-17T04:26:20.095Z STAKES Stake account 4ReqBpXDJ5kg7bvYRYreoYZHLRc4fuCbzThXVdd1jy1i is de-activating:  0.03748108
2026-08-17T04:26:20.095Z STAKES Stake account 4RtSn8JjmsKA39aQvZBYFct1m6d8y9NDAZFfeBUXBmQg is de-activating:  0.178904724
2026-08-17T04:26:20.095Z STAKES Stake account 4S6kywKCyxxe6BcDNVTQbVp8dCaiqNbLSw4vGwywGg7A is de-activating:  0.023783532
2026-08-17T04:26:20.095Z STAKES Stake account 4ShwHUdvx4Gug4UBB8Tr9MdaKPv74viyqSBpYJk6yMCz is de-activating:  1.24557197
2026-08-17T04:26:20.095Z STAKES Stake account 4Su5wMq19x6NvEFHtGrQba2scZZAEnwWrDspN4TPbRjj is de-activating:  0.010767175
2026-08-17T04:26:20.095Z STAKES Stake account 4TUjXD9ud7JAgjThrN2yqaFMNnC9Uf2f5hw5P9ywAoEB is de-activated:  0.101050383
2026-08-17T04:26:20.095Z STAKES Stake account 4Tt7gDdaZYRRj7cdivmFP9nkorNAkKaZ6EHcWJwuZi9r is de-activating:  0.011635943
2026-08-17T04:26:20.095Z STAKES Stake account 4ULQRciR5BztB7bJ86UiR93ND5qcyniisrxcgWxLfk2F is de-activating:  0.011653785
2026-08-17T04:26:20.095Z STAKES Stake account 4Uj9ZusbFH8ZfCaYMstsEsPWH4SqXYX6Wo7XGRzxzKLW is de-activated:  0.500717959
2026-08-17T04:26:20.095Z STAKES Stake account 4Uvi5t5qR8mmhCLQEEYzdMcRqNWEhcxdiVMBNXkW9uX4 is de-activating:  0.002282881
2026-08-17T04:26:20.095Z STAKES Stake account 4UyPxphXswa19UmBCCFTh3rA8UDFNtLSfZXYnq3qwb3A is de-activating:  1.215340086
2026-08-17T04:26:20.095Z STAKES Stake account 4V5QvnN9CYeebNb8B3rtureshmucN5Y6S5GnVbDTk2eD is de-activating:  0.030449892
2026-08-17T04:26:20.095Z STAKES Stake account 4VBdhgqLXNCbmetoE5uCiABs6yPWQDyfgWz17kQKE9Se is de-activating:  1.331172994
2026-08-17T04:26:20.095Z STAKES Stake account 4VFqauCekyv1MFERB8snt8Zvy3EvjXmGp1Lie43A3vsM is de-activating:  0.014413352
2026-08-17T04:26:20.096Z STAKES Stake account 4VQVrC6c6k2h38ippt8eYE99yE5UwKrNufuzNsggFkg6 is de-activated:  0.035814087
2026-08-17T04:26:20.096Z STAKES Stake account 4WFAw8spZEHTZu6yEeEjzKDU9iAZKBADmAm2bSPrvxaf is de-activating:  0.327147803
2026-08-17T04:26:20.096Z STAKES Stake account 4WqziMzqg7ZX6smciF3TzzySuu2YDYkAiY5XoHLnK97i is de-activating:  0.011636137
2026-08-17T04:26:20.096Z STAKES Stake account 4XNcExTymEeSNTrjZMdNUcE7Fu3SiNo2cPb9pJZN6Z76 is de-activating:  0.096571152
2026-08-17T04:26:20.096Z STAKES Stake account 4XbqX1sWjNjzaaUoYvJAWiCW4DZApgQpt2jNUtTr355x is de-activating:  0.1341638
2026-08-17T04:26:20.096Z STAKES Stake account 4Xh3nHZNorLyeR27cNRAeMpC3eBPxGGkkGNe82cRufP3 is de-activating:  0.035909574
2026-08-17T04:26:20.096Z STAKES Stake account 4YcbWECHdPbWiqVNes7KTKZgy8AVDrZkC5i9voA7Xiap is de-activating:  0.120733105
2026-08-17T04:26:20.096Z STAKES Stake account 4YimA2rymRzqjv6bZRBjk7e8VjmPESeVCxDhVVwANGHN is de-activating:  12.15387284
2026-08-17T04:26:20.096Z STAKES Stake account 4YuGr7K4bBGfmgWP9sjtoM89E9XoQsZqsss2woHyLYz1 is de-activating:  0.587982387
2026-08-17T04:26:20.096Z STAKES Stake account 4Z5oXQy1raZMzZ4amTPZHSu5LKkjynrTWDesvAtMgS8s is de-activating:  0.002282881
2026-08-17T04:26:20.096Z STAKES Stake account 4ZZjV1udxoPehrtzHqyiBTaNd1nkQ6b4mPGGjMTmQNn9 is de-activating:  0.002889154
2026-08-17T04:26:20.096Z STAKES Stake account 4b4T7xbGaBGWYcfhsgk5aGza3uA8gFsZiGhPDoY9bcuD is de-activating:  0.035924033
2026-08-17T04:26:20.096Z STAKES Stake account 4b6k7FC9L81beKd7NT8G7xsLCWyg8rhs8TLjMCTdhQUv is de-activated:  1.11455041
2026-08-17T04:26:20.096Z STAKES Stake account 4bfJQxYBibWSwY2UwCeJCA5DEBwvJyqW9H1ci8RWiaQi is de-activating:  0.607030957
2026-08-17T04:26:20.096Z STAKES Stake account 4bfLTnvURc5K373MroyVH5yx5Xy5c3TJaEB1axgoQ2q2 is de-activating:  0.038662557
2026-08-17T04:26:20.096Z STAKES Stake account 4bfxWxF1rbH1d2rzSLhisxPdprTobNdcnviMWyGph3P2 is de-activating:  0.43011531
2026-08-17T04:26:20.096Z STAKES Stake account 4bjq2HR2k145Sn8oph4NDEuFjZXMYXR4jE58xMNX6kvG is de-activating:  1.214193507
2026-08-17T04:26:20.096Z STAKES Stake account 4bkw7pfQzwdZnNMWbukSfmDjUZgWesWeu7cpSR3sQMWz is de-activating:  0.120790159
2026-08-17T04:26:20.096Z STAKES Stake account 4bwoSEzWCUUYK1Jmiu7Bq3KERbfc7GT3BpQiEpGQPpET is de-activating:  0.060113514
2026-08-17T04:26:20.096Z STAKES Stake account 4c1cfWH7EHzCSfGaXSuMhvWvadQNqizN1acMzGBjr7TY is de-activating:  0.002282881
2026-08-17T04:26:20.096Z STAKES Stake account 4cLWk4V5NspRbq6EjQw18RNzD1VLvj4hn11KpA3LyfhA is de-activating:  0.006629662
2026-08-17T04:26:20.096Z STAKES Stake account 4dPD3sKVpvUybHvRXoyaesFxx9Shc1L5vrwvDr8evJ22 is de-activating:  0.023457786
2026-08-17T04:26:20.096Z STAKES Stake account 4dhH2pEMrQFhwRrqPHxEKzdSvZH82FUXvcJh1bbM4H4C is de-activating:  157.759609002
2026-08-17T04:26:20.096Z STAKES Stake account 4dibyZdSZ63wLm6wofDLymHYfxCK15kQAf6196xU4Toq is de-activating:  0.120733105
2026-08-17T04:26:20.096Z STAKES Stake account 4drUjez5AfKtcsyi4gY1A5MQNqhoReP3u8a8YaXNruNP is de-activating:  0.11953739
2026-08-17T04:26:20.096Z STAKES Stake account 4e3rhACzyEyKrnrDEJMwZ18KbA9fF1Tpy1CvGfYnNuA6 is de-activating:  1.215305806
2026-08-17T04:26:20.096Z STAKES Stake account 4e4BvVQdPq233XjZeQuxvsh8SjWtwJXyCmsUk3rRNvau is de-activating:  0.002282881
2026-08-17T04:26:20.096Z STAKES Stake account 4eNzr5fFXMpZZNknmSmhN7cTd9UpfZHCuvj87pwV2aba is de-activating:  1.214193507
2026-08-17T04:26:20.097Z STAKES Stake account 4evPGqcNzxC7cH5qjZrFpPBowVixRYy7DoGF4bb2QrmV is de-activating:  0.181355804
2026-08-17T04:26:20.097Z STAKES Stake account 4f1AABmvFoFd6AnCEk5CPBLG28HxKDAy73fdJ9orJTJK is de-activating:  0.366493928
2026-08-17T04:26:20.097Z STAKES Stake account 4f2gmSGW7qvS4gznUkVZMVqESNW5NvWtVaM3uC6HFTom is de-activated:  0.292425826
2026-08-17T04:26:20.097Z STAKES Stake account 4f5kZU4WFfakqCdtQVeo55325v66qS94xbYaSqtSvYG4 is de-activating:  0.060174193
2026-08-17T04:26:20.097Z STAKES Stake account 4f8GWjCtiqkQqCbCA9fw9sYKHRsddNnQz1Nvzq1WFXhz is de-activating:  0.083096267
2026-08-17T04:26:20.097Z STAKES Stake account 4fCCRTcT1tG59at1KBcRN2unYqTHkHtwSLErrekH8UZS is de-activated:  0.002282881
2026-08-17T04:26:20.097Z STAKES Stake account 4fQBSvTymJ7eHE4igcLF3LuHQAzQQx6Aee4fwUokzB93 is de-activating:  0.002282881
2026-08-17T04:26:20.097Z STAKES Stake account 4fTUY9aUqJjzWttxUkhajkVzWPTdREb6Hr5yRHUa16Xs is de-activating:  1.171396243
2026-08-17T04:26:20.097Z STAKES Stake account 4fYeoBVQ5eM8NDkxQYZXzGLYSs9umjdVbwxdgGrs8WPu is de-activating:  0.053844633
2026-08-17T04:26:20.097Z STAKES Stake account 4h2ct2LS8eVtDvKn8nfATnP4r4UKsXeMV3YocUYojCz6 is de-activated:  0.216652794
2026-08-17T04:26:20.097Z STAKES Stake account 4h4Hy2PQzMqEXoVtyn5SHwkZwAESUBGPmRBpmv3ARd5Q is de-activated:  0.502411505
2026-08-17T04:26:20.097Z STAKES Stake account 4hEtvyvxFbjT9w8BnD2nN3J1vEDk9zi7hEU3ip5Nymqa is de-activated:  0.500463675
2026-08-17T04:26:20.097Z STAKES Stake account 4hSbJmAWGq6j18cZPKbjbA7vo6hmKWxVdUpr68NNnV38 is de-activating:  0.002282881
2026-08-17T04:26:20.097Z STAKES Stake account 4i3zWTFQqXiW6kKxfk6fyCU1wZ7bcMHnPxj44xTvyPpk is de-activated:  2.3055343
2026-08-17T04:26:20.097Z STAKES Stake account 4ioQYk2bBCW9n1fPtuq6aGRoC2VerBAKvZJXEgU6LBBT is de-activating:  0.120882853
2026-08-17T04:26:20.097Z STAKES Stake account 4irQVksLoF4rGjMbkZ9pnivgFGMMuvJPhPMyi6vTownw is de-activating:  0.120733104
2026-08-17T04:26:20.097Z STAKES Stake account 4jdV53MVRJGtBPMzamC8aRDiBBNZfnSRDMQZkSbsWGZc is de-activating:  0.002282881
2026-08-17T04:26:20.097Z STAKES Stake account 4joDhJv3BLRHmGzpPx47vgCxyZukBeM6CtYE7bqwU4hv is de-activating:  0.485014345
2026-08-17T04:26:20.097Z STAKES Stake account 4kALU1WbJgrygeZB7JYfm5FHD7uhJDEjS9DLDGMM2St3 is de-activating:  0.011992331
2026-08-17T04:26:20.097Z STAKES Stake account 4mXTFKznAE87D5J9N8ZzjEEDQNY13Ey1k8hm4VJphHp8 is de-activating:  0.002282881
2026-08-17T04:26:20.097Z STAKES Stake account 4maH1HbRbcn8YQWsXdY64xP8zozCBhRBd9sBhbrwCDDx is de-activating:  0.355523712
2026-08-17T04:26:20.097Z STAKES Stake account 4mkSzifAc4UZ9CCvfjytzHTxzgrLdgNsBSFys9UiDBpf is de-activating:  0.112824756
2026-08-17T04:26:20.097Z STAKES Stake account 4muSgQr8B3c7aAtqT25APxgEhhu55PvufPeVNcdXkahH is de-activating:  0.002303246
2026-08-17T04:26:20.097Z STAKES Stake account 4nFZHNDVZk793PRzQ7gG9NAtWCGpke5H7fb71AfPE7Jx is de-activating:  59.909074699
2026-08-17T04:26:20.097Z STAKES Stake account 4nLGCknfro9oVanW9GsGZatgGqNEf3CnN9MKi1f3cKiC is de-activating:  0.632562639
2026-08-17T04:26:20.097Z STAKES Stake account 4nkrTLZXXmNG1LKXmgbVJfYyoVYjJPzj3i39sEQc3yMZ is de-activating:  0.058364482
2026-08-17T04:26:20.097Z STAKES Stake account 4nrwZd2vwdetzYpaUJNSsGoPyEfTShvexEBWfWchfcRH is de-activating:  0.01164495
2026-08-17T04:26:20.097Z STAKES Stake account 4o1kjCfSXhMFSg3wAFCa7quM1HYmbgR32hL4QZwdP5F6 is de-activating:  0.128344349
2026-08-17T04:26:20.098Z STAKES Stake account 4ogn4jLjJkeeFrzs7HwFSgqt5Y73GLeg6tA4N6f2KQGB is de-activating:  0.608677504
2026-08-17T04:26:20.098Z STAKES Stake account 4onDKwxYjqrmY4VC2PbAGFp3tTdXLTaUenoRUbFqgByC is de-activating:  0.011488529
2026-08-17T04:26:20.098Z STAKES Stake account 4p22sT8MKZYifuQSZAcXUUxJUTsZmdELvGnFxq2SamY6 is de-activating:  0.128213631
2026-08-17T04:26:20.098Z STAKES Stake account 4pMPPgEmUDRQ4DUADjbVBqma4rAS6pZi8iVSXRyjsrrf is de-activating:  0.019021805
2026-08-17T04:26:20.098Z STAKES Stake account 4pbDPi9dgBTFRYkkhC7vLB4Wa17mNHL122h77d9afLa5 is de-activating:  1.214193506
2026-08-17T04:26:20.098Z STAKES Stake account 4puvUVU6bjpfqNorbPi8qvvf1qLPK6soUbkMJYRYfeVr is de-activating:  0.002282881
2026-08-17T04:26:20.098Z STAKES Stake account 4pypUka3rYcSaS7fFEiMHjQLkiASzhNJXTwCqQBPxySu is de-activating:  0.004101344
2026-08-17T04:26:20.098Z STAKES Stake account 4qVqk1pL5d4L87DkXvK1J2yq496F31n96TaH9qW2JHfx is de-activating:  0.002282881
2026-08-17T04:26:20.098Z STAKES Stake account 4qZ4i5gGSkXGREn67Lsx3T6txc8Ck4LCNvoV2Mb1pg9i is de-activating:  1.274906969
2026-08-17T04:26:20.098Z STAKES Stake account 4qaWU6RcZvJ1DSx5ajspyrBU8C1yoTY48UXAt8zKcGeX is de-activating:  0.6097642
2026-08-17T04:26:20.098Z STAKES Stake account 4qhvRkYg2tBQPNgnAfohspfhU3o5N6jUzFSaSd3afXj5 is de-activating:  1.213673279
2026-08-17T04:26:20.098Z STAKES Stake account 4qmntvz2gvr3zuF2N2veg6od81WYnHVrnLAYPMKpmfvA is de-activating:  0.607030955
2026-08-17T04:26:20.098Z STAKES Stake account 4qtPRJeiCwhkX5djrADm9gHXisiAceVLsn5v7sGErKnP is de-activating:  0.002282881
2026-08-17T04:26:20.098Z STAKES Stake account 4rAbBzfe4uhohVCrGQVoGpbdaf4KPYW3Sqkko3qtzwhb is de-activating:  1.213061594
2026-08-17T04:26:20.098Z STAKES Stake account 4rPn1xpKpFg4ypcWWaMbsehBoPW97PLGnDYXZt4kGwVG is de-activating:  1.213152444
2026-08-17T04:26:20.098Z STAKES Stake account 4ra9NTMPit8kfTJdNe5VfhqRMLGbgoGDc25fcfBjRua8 is de-activated:  0.374449694
2026-08-17T04:26:20.098Z STAKES Stake account 4rgnvGnrQQ5AUzM1VfgGaofAUrtFuUS1G1Jb334LVLGf is de-activating:  0.011644686
2026-08-17T04:26:20.098Z STAKES Stake account 4rsxJtKbcK8f7V9i5crBXotLbkXxiHuTsGaDmU2fFGKk is de-activating:  0.011636401
2026-08-17T04:26:20.098Z STAKES Stake account 4rygq9FppXAuUGZCmNjNJJdsBJqBDt5u65jskqEcjwr6 is de-activating:  0.01164495
2026-08-17T04:26:20.098Z STAKES Stake account 4s44AP71bJbMg5VcEy7yaSLfhQzKymfDFM9hjNoptofd is de-activating:  0.120883113
2026-08-17T04:26:20.098Z STAKES Stake account 4sHCpsVYFUvGWRYWHQiiYuEcy1R2Gjv8VaBEYUFKaDyx is de-activating:  0.060224594
2026-08-17T04:26:20.098Z STAKES Stake account 4sSzNSLpzpbjv2itQCgNjFcL83U9PEVqhG6rwP21d8Zn is de-activating:  0.002282881
2026-08-17T04:26:20.098Z STAKES Stake account 4sV2SW8eLKwxCeLAkiXygYKr2zCKgJKL4o9hL43ZsrjX is de-activated:  3.359373891
2026-08-17T04:26:20.098Z STAKES Stake account 4ssMawFUdm7LVMFkWMzN3rySZLTcBFF42ZAFXRtQrL5W is de-activated:  0.459283239
2026-08-17T04:26:20.098Z STAKES Stake account 4tLWtUJ5fEANHyTnADm3X6CRkno325EMXxpob2qHLV9L is de-activating:  0.025470057
2026-08-17T04:26:20.098Z STAKES Stake account 4tdZ8gYqL4JxvwcPYu9ggQvbrZYY6gAeCZPjFXJcwEBR is de-activating:  0.120790158
2026-08-17T04:26:20.098Z STAKES Stake account 4uCo1rG2vNAGKqjKinRgcTEoLTjKfk3YabbNjntupBjG is de-activating:  0.011648945
2026-08-17T04:26:20.098Z STAKES Stake account 4uGqZboXzhsdW6BiMp38JN4j37amW6hhBaGdefaqQzYW is de-activating:  0.060149313
2026-08-17T04:26:20.098Z STAKES Stake account 4uXAc3CAqYAAS4q97fnQNJmchxSGLCv1ZaTYMwtTmzr1 is de-activated:  0.040773684
2026-08-17T04:26:20.099Z STAKES Stake account 4unLm6gZEHe74iPSBA5xaaZzvcoThjdW5E1Ff2iG2Whs is de-activating:  0.002282881
2026-08-17T04:26:20.099Z STAKES Stake account 4uqqHxA5dcXDJBsiJ7ZVKxdssLzNwWBrQTfsEvaLtgcH is de-activating:  1.213673277
2026-08-17T04:26:20.099Z STAKES Stake account 4usbQkzYjrXdB2QDh6kCVzMoGaKXKVvuD2Av7unyDu8B is de-activating:  0.034895966
2026-08-17T04:26:20.099Z STAKES Stake account 4uvvtMFkQeSmgGeCrjRnzejCitvmTzj3omw4TqS4myBk is de-activated:  0.01745791
2026-08-17T04:26:20.099Z STAKES Stake account 4vJ3yS4otcGQP17BKaxY55PaJACVLChCvVSkNeEyeAXP is de-activating:  0.005580204
2026-08-17T04:26:20.099Z STAKES Stake account 4vM7EreU88fs6fKVHtHLszpWpJW4YW9FCjN966MeMb2x is de-activating:  0.002282881
2026-08-17T04:26:20.099Z STAKES Stake account 4w2QkE4Arg4KzjSqhKHEWaFzXmYZ5LnkdTFnaG79a2zd is de-activating:  0.120841124
2026-08-17T04:26:20.099Z STAKES Stake account 4wdCaLNNVMZyTLQe3GdbRCLV2zADwTJLUpbnXaq1wzEY is de-activating:  0.048041866
2026-08-17T04:26:20.099Z STAKES Stake account 4x5bASaxTEEAafoBMrJCTu8CRvRhNsrnMHewgbnxD2Sx is de-activating:  0.035039546
2026-08-17T04:26:20.099Z STAKES Stake account 4x9dNbCyCheQix4UobRjZxV1EXWQNpmg1tGysjSoBwJe is de-activated:  0.002282881
2026-08-17T04:26:20.099Z STAKES Stake account 4xX4umeLGJ5ssKSzbgoKwvnEHj1rndavjaNQVVxxugYj is de-activating:  3.032411646
2026-08-17T04:26:20.099Z STAKES Stake account 4xgkKtY36mQx9oFz7boGrjN4xeKU22DAzDzMzAesuuXi is de-activating:  0.490188845
2026-08-17T04:26:20.099Z STAKES Stake account 4xnsyYFhzPWasvgi4AxFVi46vcvQVrbx7vKHRX9nY26E is de-activating:  0.011640899
2026-08-17T04:26:20.099Z STAKES Stake account 4yEeFFDtPkigwcDk3qNMnoAumitbA4YF1c8439qVGPjP is de-activated:  0.005064579
2026-08-17T04:26:20.099Z STAKES Stake account 4yNztrnHgasrsR9mGtyN96nhsQNBYtiTF8oeXabh6btA is de-activating:  0.01164495
2026-08-17T04:26:20.099Z STAKES Stake account 4ycV8PXHZKAoyVn5sLmy5ZSGSLwLiFBtQxD7QUuuE5q2 is de-activated:  0.051312326
2026-08-17T04:26:20.099Z STAKES Stake account 4yp1DHkKGRRzGz4P7HdfEkD6EMLTNSahkjFsbkXMKXTZ is de-activating:  0.011640899
2026-08-17T04:26:20.099Z STAKES Stake account 4ypPDhRrVuVkrckvqFzehAhTMDrNJokUT8JUB4BnfGNn is de-activating:  0.011636401
2026-08-17T04:26:20.099Z STAKES Stake account 4yqgsdzCDFhoCp7AgdzoJrXAbK4ZsRaasHmENcRxigkV is de-activated:  0.00500633
2026-08-17T04:26:20.099Z STAKES Stake account 4z9uMedG6J48g6SRcKJMd1tsosMjgti51sKhYefDzwMh is de-activating:  0.009561668
2026-08-17T04:26:20.099Z STAKES Stake account 4zPcA2P1JD4dLcAHJkdGjghaFWuDnzhY9FfpcHKirFsD is de-activating:  0.120841124
2026-08-17T04:26:20.099Z STAKES Stake account 4zjeuNzJm4FjfkQA36oXVT3fdEcufDhFupUBzRJw8vE2 is de-activating:  0.002282881
2026-08-17T04:26:20.099Z STAKES Stake account 4zuX8rDdDfUH9MBqAV6n1E8Y9WQjHWdDma4Nd2e4ovod is de-activating:  1.214819299
2026-08-17T04:26:20.099Z STAKES Stake account 51JNyMoAj6E7vJ7QNa1shsG5kXyW7dTGnwyqXo847d53 is de-activating:  2.439123307
2026-08-17T04:26:20.099Z STAKES Stake account 51VShWopmpqnpRNPV9EmgZC1ZfUHLyUv45yhgvE57ENP is de-activating:  0.011653785
2026-08-17T04:26:20.099Z STAKES Stake account 51qMi9L1Uf4mfbP3XypsykaLaCJaQLZJ1q5shQcmqsor is de-activating:  1.444733264
2026-08-17T04:26:20.099Z STAKES Stake account 51qbLHYAcsBHyXZpEzz9jCnM6g1MnwTWtXK9L5bgh2ez is de-activating:  0.023757662
2026-08-17T04:26:20.099Z STAKES Stake account 51uvPrcxwgrCxX4VjNZ482sKv9WCBQGLy8u6Q2d56sCp is de-activating:  4.833864022
2026-08-17T04:26:20.099Z STAKES Stake account 51zvTd2p1ZLFBqN2kV82MvViEFMZQ5S1RzN3ut9YrE7G is de-activating:  0.002282881
2026-08-17T04:26:20.099Z STAKES Stake account 52GXGsKcdJS1DVtZmozLdDmpgCKfVPoYA82TaVT93g5b is de-activating:  0.174049139
2026-08-17T04:26:20.100Z STAKES Stake account 52NY8CWuux418XUVizggXFNc3i26ELnkfr6qfLF16aJ5 is de-activating:  0.06294387
2026-08-17T04:26:20.100Z STAKES Stake account 52bxyLu1tHFDBoQeRRRAYV7pCqxw9Pp66Lrd6WqyUxDE is de-activating:  0.011381531
2026-08-17T04:26:20.100Z STAKES Stake account 52tw86dMrr9hNApUvHWWBwgx6b74RLCrB8UdhuQ3k5a7 is de-activating:  0.060174192
2026-08-17T04:26:20.100Z STAKES Stake account 532GWCmkTEmCidHdFyPpC5NHUi5MzexT7nY1UvyyGcAw is de-activating:  0.030161191
2026-08-17T04:26:20.100Z STAKES Stake account 53WfNYGfh8tmvS7BhkAR9YFxptQetnFpFDAbsmKKBN3u is de-activating:  0.365995568
2026-08-17T04:26:20.100Z STAKES Stake account 53nrEbAMJy4hZDYLBz8AsYURwmz5G6ALuLcNgYnzVnPa is de-activating:  0.012043353
2026-08-17T04:26:20.100Z STAKES Stake account 54PZLMX7vMho4oduby8DxMxUWkjTCmz4sLyMYrLunqtx is de-activating:  0.606718844
2026-08-17T04:26:20.100Z STAKES Stake account 54Z82cHv5tCYK37CUNgzkRq885dHDLYURV751KA8EHv7 is de-activating:  0.278950377
2026-08-17T04:26:20.100Z STAKES Stake account 54sri3Y2rCCq4sK72BDSBYYFR13niopH32hsEfecg5cP is de-activating:  0.379000295
2026-08-17T04:26:20.100Z STAKES Stake account 54vMSHRpd17ZkHkx679Ut3TofSazwes4rr1wFfMFGmVf is de-activating:  0.059910782
2026-08-17T04:26:20.100Z STAKES Stake account 54wsJ53mvbKydubSJtXMyHBVVjJBVzcXGeV7TkvLUMYP is de-activated:  0.219672377
2026-08-17T04:26:20.100Z STAKES Stake account 55DJLMGW8mx99UHMtBAShEXQGFrHPMK27GDpbeH5jPCP is de-activating:  0.002282881
2026-08-17T04:26:20.100Z STAKES Stake account 55WxmdatHgWEpRrfkD5RF9WpkTjCZba9B1WeV71FAwpE is de-activating:  0.394090199
2026-08-17T04:26:20.100Z STAKES Stake account 55Z9sYmkWnPwudpNHVpSpSRyNmKy3F2rdtSntsyrBhzZ is de-activating:  0.014426081
2026-08-17T04:26:20.100Z STAKES Stake account 55qzbcfbxiK8KPfPwH4qfdgjvNzhb5mubqSqNypKEXEC is de-activating:  0.060174192
2026-08-17T04:26:20.100Z STAKES Stake account 57yQYF8u7ikymdFheMWXgbY9see3gTqLRHaCu5kVLsEr is de-activating:  0.131873366
2026-08-17T04:26:20.100Z STAKES Stake account 588MYrAwCQKLwe4n661nZfnE5GSxS2LnNPy2DjoKSyb2 is de-activating:  3.655869388
2026-08-17T04:26:20.100Z STAKES Stake account 58QjKTxxoVYyfZvRbf9jvVRmQNBKfhNvcfZqtmcrBwCB is de-activating:  33.40953607
2026-08-17T04:26:20.100Z STAKES Stake account 58if3xBhsWU1jXJm4ahvmL21KdoxMew3sfdqLg3ihTNB is de-activating:  1.147846042
2026-08-17T04:26:20.100Z STAKES Stake account 58sFtiQHzLnLGMC7FNpqnRKucBrsEyhudSMBvA6uhvu2 is de-activating:  0.029840039
2026-08-17T04:26:20.100Z STAKES Stake account 59hVehha7YzUcMTMVsPKrofiZwqthJPtZR3JfNrjd1WF is de-activating:  0.120841125
2026-08-17T04:26:20.100Z STAKES Stake account 59iH1WLHLhugksinkDBmPnsakAddJ2zZMBicnozHbNPT is de-activating:  0.026546914
2026-08-17T04:26:20.100Z STAKES Stake account 59ou3KSoHd28s4qEx9Sh1mwYVHP3sFwuX7sY2xCemtp8 is de-activating:  0.003151958
2026-08-17T04:26:20.100Z STAKES Stake account 5AUzudofDLDvd3kP8G9oRjW5WpekSMNqCH358wodcFc1 is de-activating:  0.002282881
2026-08-17T04:26:20.100Z STAKES Stake account 5AWXvQQAQk8itR75mKKSgHvRdw6KLmzbeVzteAh27J4m is de-activating:  0.368107396
2026-08-17T04:26:20.100Z STAKES Stake account 5AdzcLJ9ErCphmDbZtmT2VKZHNbndaWyzD3Gp48WUJ7e is de-activating:  12.978898255
2026-08-17T04:26:20.100Z STAKES Stake account 5B46Xm3BSTLwsvyZZb86rApk8i3mWExaDAjnMCKZETgE is de-activated:  1.002676908
2026-08-17T04:26:20.100Z STAKES Stake account 5Br91wFSp8k9G7qFgNhJDchXxX3bhjL8SDtVujqGBPtB is de-activating:  1091.133577719
2026-08-17T04:26:20.100Z STAKES Stake account 5CgJPy33GFK1SuQHkJY5DZfiTEqWmPYtuu3knWBoBvqm is de-activating:  0.002282881
2026-08-17T04:26:20.101Z STAKES Stake account 5Cucwyx5CkUAvHUMsTHzFQuTb1U9WpVw2Jk4JCq6N9UH is de-activating:  0.417274178
2026-08-17T04:26:20.101Z STAKES Stake account 5DJ8F87Syq8aYDJ13PuESsu3HsU95Eg12pFMbhi4H5Cf is de-activating:  0.120832222
2026-08-17T04:26:20.101Z STAKES Stake account 5DMTmahu1zNLLWRQZHK7ay7WXbd12w1cbL8kqkJLYwsq is de-activated:  0.109953069
2026-08-17T04:26:20.101Z STAKES Stake account 5DQqEZi8jAuu3hQ1Fr5WdZ2Q9VieMKx3Avza7D7H7jS1 is de-activating:  0.037466024
2026-08-17T04:26:20.101Z STAKES Stake account 5DS6rFVgtP2gRHsBZs6DN4aN3KM6boyacngF5ST1Ejch is de-activating:  0.060174193
2026-08-17T04:26:20.101Z STAKES Stake account 5DXo5HGrpNZ4eyQiuRSqPptrQv1jgtoW1LRW4XDKf8FR is de-activating:  0.002282881
2026-08-17T04:26:20.101Z STAKES Stake account 5Dbjcnb8nrUb98cuceu8bFrWGsW3Pzfhj3gztWmNzQSU is de-activating:  0.302757725
2026-08-17T04:26:20.101Z STAKES Stake account 5DgzKcNLa3fh71sLnBQCRkGESo8fgYxkadoHLGu2ZiGE is de-activating:  0.028981929
2026-08-17T04:26:20.101Z STAKES Stake account 5DqgjHcqFFDXbFed5x4F36jjRcqVk8j18HvGKYsQEqCZ is de-activating:  0.002888081
2026-08-17T04:26:20.101Z STAKES Stake account 5E2Zym9s8SKPwsg35xsVnctdU7dQYkVjJrFg44rEbVhf is de-activating:  4.846522922
2026-08-17T04:26:20.101Z STAKES Stake account 5EWsnurN8n9xc8Ynoyx2pogvyNQMbaDGabiaauQTKYn8 is de-activating:  0.130344058
2026-08-17T04:26:20.101Z STAKES Stake account 5EeBZLcTg6yMHfNTsDpYhcfFHNwmbm3c5fTXAdGzB4S9 is de-activating:  0.060167888
2026-08-17T04:26:20.101Z STAKES Stake account 5EfXX5xzwywGQxtohTZgQMfZ4MELAPGhbiZzJg8PMWyb is de-activating:  1.213152442
2026-08-17T04:26:20.101Z STAKES Stake account 5Evj26Qh4kbm3ZSQ4EpuZGSmmGZf7REDCZGz6924DhVW is de-activating:  0.060121451
2026-08-17T04:26:20.101Z STAKES Stake account 5Ew4fTnkvNRRbNjzxzo4HEqMNMvGnSkD1aFpLGcBBiDP is de-activating:  0.023784868
2026-08-17T04:26:20.101Z STAKES Stake account 5EwARtaeAX4QokyuvHUoxt7VLbcReBWNcdeyaKZnnqXy is de-activating:  1.046207019
2026-08-17T04:26:20.101Z STAKES Stake account 5F9nHFze9P6JpxZuDLiB85mNLBobHXwSNXD1TFDFdGYV is de-activating:  0.002282881
2026-08-17T04:26:20.101Z STAKES Stake account 5FC1yxAowzJcze5PCJL4vPU1WBviMnrotSuBJ5ytEh8g is de-activating:  0.120837771
2026-08-17T04:26:20.101Z STAKES Stake account 5FDw9qQSq44AC9ybGw9fvfMDZTAVcGok5Pt2jcqAA98y is de-activated:  0.011461682
2026-08-17T04:26:20.101Z STAKES Stake account 5FGCEA871iZ7tyc5TTw862ex1LLnAisFTBfGChz5bz4o is de-activating:  0.032626114
2026-08-17T04:26:20.101Z STAKES Stake account 5FM2CYaHh62Pr9iLTYUdzJeCVLhPe4JL43B2sHS6jPhA is de-activating:  0.009211387
2026-08-17T04:26:20.101Z STAKES Stake account 5FPM1SG5L4RjaNnJJCNNfHksdSuN2yKib4Ey13UgycQy is de-activating:  0.011484333
2026-08-17T04:26:20.101Z STAKES Stake account 5FejBe8J7TXnK2u1edpyNuzbCs8Q4zmvQS3zHEHMGAg3 is de-activating:  0.060199068
2026-08-17T04:26:20.101Z STAKES Stake account 5FizvLquuD8bzGG1TwfLcEfxoZi8fcbboZCB1orizo6Q is de-activating:  0.971176036
2026-08-17T04:26:20.101Z STAKES Stake account 5Frg9k3pqBa2PnPyDTPer2o3ozR6NcoCUebjWtya2s6Z is de-activating:  0.3690637
2026-08-17T04:26:20.101Z STAKES Stake account 5FuDz7CdXaf7UKVkxVEzWjLyLkR13KSk36shsRBNSvs8 is de-activating:  0.084429877
2026-08-17T04:26:20.101Z STAKES Stake account 5FvJXcKtoiPV1cWbiWs5tq2v6Zhe9FaSVT2wjwuyUZWf is de-activating:  0.241973197
2026-08-17T04:26:20.101Z STAKES Stake account 5G27VNAfYavgZue5ikQo96jzK68ZMc9zsKnxRmEjHQcB is de-activating:  0.002282881
2026-08-17T04:26:20.101Z STAKES Stake account 5G2EimaU5kpc2uKvqPg2n94kmhJG6qFPBQMUWo9SywM3 is de-activating:  0.003151545
2026-08-17T04:26:20.102Z STAKES Stake account 5G5xffB34tRAjGTV5W6aJqEst3JUkvXTrCLTrHZaGpZj is de-activating:  0.003152235
2026-08-17T04:26:20.102Z STAKES Stake account 5H616QmNrCaMBFL6aEfiUTzzPLjc88tcBugJ3Z1xAEpZ is de-activating:  0.004363648
2026-08-17T04:26:20.102Z STAKES Stake account 5HBrbrA1YMLpoTgd4YCxAPgefdHr41FskE3kz85Vm49Q is de-activating:  0.002282881
2026-08-17T04:26:20.102Z STAKES Stake account 5HUZqQJxkRtSWL7mvnQcQRDvqLtzKVr9652HcbLtYBm4 is de-activated:  0.27626478
2026-08-17T04:26:20.102Z STAKES Stake account 5HgZGETUQZy1KLp3cpvVBuGSwnoJPbuWxCDtsxUGphPi is de-activating:  0.005094156
2026-08-17T04:26:20.102Z STAKES Stake account 5J3D8tgCzry8k4ci2FhRbYnbsXomu6RbGjG5LMQFravw is de-activating:  0.011295047
2026-08-17T04:26:20.102Z STAKES Stake account 5JU9XtUQFKQe44N6wRTT6PotYygA6Z6Mh9TLyRSGjL3p is de-activating:  0.120832224
2026-08-17T04:26:20.102Z STAKES Stake account 5JUKKy9BKi7dPb42QELqXQBVr6NkZcQ8Y4djNhu9pKpB is de-activating:  0.011635383
2026-08-17T04:26:20.102Z STAKES Stake account 5JoaSexjLvSyCih3EAv9eTQf8f776qmAXyEPm42N8fky is de-activating:  0.12083777
2026-08-17T04:26:20.102Z STAKES Stake account 5KPWHipRQTuudpRHyK8uzJ7kvYtvwG1eoZPyQSopZK7c is de-activating:  1.214193508
2026-08-17T04:26:20.102Z STAKES Stake account 5LNAZ9AsYr1ZvFaTotfwnMf5DNHhPeumK6F3bmZbpyXy is de-activating:  0.242198614
2026-08-17T04:26:20.102Z STAKES Stake account 5LccraTyyfZYb4STmuqoCqsWG8ULx6mPPAoUcbDeQz2J is de-activating:  0.240824098
2026-08-17T04:26:20.102Z STAKES Stake account 5ML1EPrEAqgbo1h774sCPNZKJwYAoWqnVeZzCHbucZd3 is de-activating:  0.003187497
2026-08-17T04:26:20.102Z STAKES Stake account 5MRYCvaPuuRmZc5Ui7F5Y5iefvYXdgHVsmRR95KnyTBF is de-activating:  0.048596066
2026-08-17T04:26:20.102Z STAKES Stake account 5MWEfAovrnSQ1gBAf4M1hwyhGDRcrs6zbKAEPrxpiDRb is de-activated:  0.032152071
2026-08-17T04:26:20.102Z STAKES Stake account 5N13KhUQXrGWieY9tUfJzzE2UXTKXWYcyjVRBGW1Yo8U is de-activating:  0.011634417
2026-08-17T04:26:20.102Z STAKES Stake account 5NEZnB9RNPZJn3bm3xDknbKJn4CZzAfZRhZeto7FMtMj is de-activated:  0.015801284
2026-08-17T04:26:20.102Z STAKES Stake account 5NUrUKYZJ67g92f1vJirnF4RDMmMumdqs78QkZHVpYaR is de-activating:  0.024129833
2026-08-17T04:26:20.102Z STAKES Stake account 5NYSkxpFG3Hpp7x3WcdkfQZ8JEfJtFGZMmrKBmu6vobm is de-activating:  0.120720204
2026-08-17T04:26:20.102Z STAKES Stake account 5Ndxxn1hVqrGnxSiqZAabqb4ZZ1LqgS7QsG5V8UH4u7N is de-activating:  0.018676405
2026-08-17T04:26:20.102Z STAKES Stake account 5PiyXqAYALbRxwriwsGKed9KrZkKqnD3BVSktddUh8p5 is de-activated:  0.003355815
2026-08-17T04:26:20.102Z STAKES Stake account 5PstKhU3FMyaiUnKzRCXuLsFew3jgML1obi7YD7aZXtu is de-activating:  599.421152421
2026-08-17T04:26:20.102Z STAKES Stake account 5QR373qu59c1iwatdDSpEDJSX3Ueg62r51fShsUk8kTp is de-activating:  0.002545821
2026-08-17T04:26:20.102Z STAKES Stake account 5QtrMNoUxSWUVbrfe97eTdZhv2pF7v9KyCcYd2Ykt8SB is de-activating:  0.120892018
2026-08-17T04:26:20.102Z STAKES Stake account 5R3JQF9PWNVoCKR4M8pzbmZPpazMX7oALZxX5Cayf1kc is de-activating:  6.049382632
2026-08-17T04:26:20.102Z STAKES Stake account 5R9PYsU9owqvkiZ7n2jVktg37hirLvn71iAP1CEZfNuc is de-activating:  0.01164495
2026-08-17T04:26:20.102Z STAKES Stake account 5RDymbxEqquR6KxnRDZxtzTVpcdxieDGvkDfWyAcr1tj is de-activating:  0.149291617
2026-08-17T04:26:20.102Z STAKES Stake account 5RFpWAgBbqrMshXvvPWsne7KT5tNnLF84qQwAn8FUKut is de-activating:  552.545360521
2026-08-17T04:26:20.103Z STAKES Stake account 5RHW42wpSkxfUqsK8wYWTzsfj7BTxNmvTJW2gyxmYqZA is de-activating:  0.155102309
2026-08-17T04:26:20.103Z STAKES Stake account 5RHbjkP4p5ujEAWyWg8GBRNDShaDoEWX1GTTjDqMXx41 is de-activating:  0.606442308
2026-08-17T04:26:20.103Z STAKES Stake account 5RNiSGkhBUMZrSMgRUaaY755nPJ3bMZwP5n7hYSFAbFj is de-activating:  0.119639885
2026-08-17T04:26:20.103Z STAKES Stake account 5ReEx8RcGKKL9oKraEY3VP1YTfQ7AyYfCaZsDDgwvgrU is de-activating:  0.01866093
2026-08-17T04:26:20.103Z STAKES Stake account 5Rk6DMQ9imEFmihPQCEWzbF5kniHpYzmHzTt1g3F1hCE is de-activated:  1.019380987
2026-08-17T04:26:20.103Z STAKES Stake account 5S4GYXW8hxxRzJDRmW4T8ev88ZCjTBthHufPZ5oqW5jJ is de-activated:  1.002327238
2026-08-17T04:26:20.103Z STAKES Stake account 5SBXofF4bL2oydCe4vTXQYGf7GHkxQgPQMmr6XTUx7k6 is de-activating:  0.027749198
2026-08-17T04:26:20.103Z STAKES Stake account 5SMYTRXZg23osZp7KhTbzpU6Xr7DB8LjQsZD1Mrex3Mz is de-activating:  0.196500806
2026-08-17T04:26:20.103Z STAKES Stake account 5SZixsyZpv1jAYK6rvxCk1HdpBBBqCksyAqmHxuyRVhL is de-activating:  0.120729756
2026-08-17T04:26:20.103Z STAKES Stake account 5SdA93ocWkoVf9qed8Zd7jzEcwFmWiWV47cKLZXbXQ6E is de-activating:  0.06357219
2026-08-17T04:26:20.103Z STAKES Stake account 5T9oBLetSVDLhAG1o54qxMBqxNQG8bTABH7vNBHVw416 is de-activated:  0.118046753
2026-08-17T04:26:20.103Z STAKES Stake account 5THHahPVi1DK2GBpZUkswMQQHwtcKSeBzJxJ9toYicmt is de-activating:  0.922209149
2026-08-17T04:26:20.103Z STAKES Stake account 5TT6m9q1acxXpXNNRE3T9k2ToAnCatUDrudSchoTZmEB is de-activating:  0.002282881
2026-08-17T04:26:20.103Z STAKES Stake account 5U95jK12MUo5qpZxUn4N9YnLT7x6YsuEGDGQffPZCgXr is de-activating:  0.0308202
2026-08-17T04:26:20.103Z STAKES Stake account 5ULQUdyhjtY84fhpmud1ePQSuNtgweuCBbjMhzWQi7vx is de-activating:  0.006524732
2026-08-17T04:26:20.103Z STAKES Stake account 5UUMMDRyQkr4VyhSdMyDSeebNEcLQjsgAXR52Zp8Qtof is de-activating:  0.036237205
2026-08-17T04:26:20.103Z STAKES Stake account 5UrqE3Ko1t7GH111RSDjKetGJCGkQtoFNJse4WbD8qfG is de-activating:  1.213673277
2026-08-17T04:26:20.103Z STAKES Stake account 5UtkeFcKpSqgfWzeSPk8bm4obdJNH5YCxCE5NLsYNmB2 is de-activating:  0.606429803
2026-08-17T04:26:20.103Z STAKES Stake account 5VG9gGzh9aZPCXuFwzr4gSaUMeksBx8BJ75VfhJ8JwRC is de-activating:  0.049334316
2026-08-17T04:26:20.103Z STAKES Stake account 5VkJ65FHn6DkN4ex6YsfmoVfAvPFw4NAxyBwEq74qW2W is de-activating:  0.023757662
2026-08-17T04:26:20.103Z STAKES Stake account 5VqbX9rUPCaW6GVPQsXQpmQJd9GuVtLCS5qS1bCYtQwY is de-activating:  0.002282881
2026-08-17T04:26:20.103Z STAKES Stake account 5VqkV7PsPtuDUxfhhqAioCsF3ry5NXceEqNTEKJCFwv5 is de-activating:  0.124659433
2026-08-17T04:26:20.103Z STAKES Stake account 5WssRaFNzfTKDRjrpfkjvZ2bEq3zHxUqWLBPm55imNT6 is de-activating:  0.011640899
2026-08-17T04:26:20.103Z STAKES Stake account 5X2vKPk1i3zzPmcgNVEL4MWSi9fJBT2hx7o9NTZWyjqA is de-activating:  1.21363904
2026-08-17T04:26:20.103Z STAKES Stake account 5XAcXGCE1y9ipb7AumjWQa2NDigmmfMcceQgnXDqKu78 is de-activating:  1.2148193
2026-08-17T04:26:20.103Z STAKES Stake account 5XXjGL64fSEkWf8T9cBsdjLMn9LQNzeQAMUbrePFVA6w is de-activating:  0.009159445
2026-08-17T04:26:20.103Z STAKES Stake account 5XjndGQxCoVpbKMHNaocpTD3AkTLV7HHFGFtxbqTMAXy is de-activating:  0.002282881
2026-08-17T04:26:20.103Z STAKES Stake account 5Y64UP8oM9KgLiGCoCxH7GSLzctnqSHjpDNrNtjuubVt is de-activating:  0.108485644
2026-08-17T04:26:20.103Z STAKES Stake account 5YgGYKbdBEmirjqmeVXdpUmyWFouiQFVktdTUz4WZv9c is de-activating:  1.199286773
2026-08-17T04:26:20.103Z STAKES Stake account 5Ywd2SAmDzh4v5MCR3rZKyw4HqLq97jgSX5X4DUik7BL is de-activating:  1.205099957
2026-08-17T04:26:20.104Z STAKES Stake account 5ZCKoDwidXnQY1Sm6YTzNiss331XHeBYz5mDZGaA3PAY is de-activating:  1.304412624
2026-08-17T04:26:20.104Z STAKES Stake account 5ZJyn6caDxYgsvDdx5xLFMRhvKdjreqrbp8BSN1acXys is de-activated:  0.002282881
2026-08-17T04:26:20.104Z STAKES Stake account 5ZcZVc5tAJZiNQHZkvNt3pMPJoH2VAv5cFrVa4V5DtVV is de-activating:  1.213673278
2026-08-17T04:26:20.104Z STAKES Stake account 5ZiEnnaQfkhtemC4JoTWS5jAfTNpxKK2gFMCC4HGVMVW is de-activating:  0.011640441
2026-08-17T04:26:20.104Z STAKES Stake account 5ZtHPciNhNh39eoKgGyoUdiRY2FauNPqSAKPhP9ggoua is de-activating:  0.118679386
2026-08-17T04:26:20.104Z STAKES Stake account 5aAtERd2Vn9dP6kUEFEVoXGSJAXRyCDynPgtvcnfENoQ is de-activated:  0.002282881
2026-08-17T04:26:20.104Z STAKES Stake account 5anriRFeozu5oPn7PzN2GkgwPpV5tDLdbRVePNj3oP4u is de-activating:  0.120841124
2026-08-17T04:26:20.104Z STAKES Stake account 5aqFn7GcG5AdjswT6FumCRb6nuLa2Ajqt7yzTHbMs4ni is de-activating:  1.212569456
2026-08-17T04:26:20.104Z STAKES Stake account 5bHwHhrFrtvmgMn8jQ52Q72SpdXkCJvGkUT5ELaWeSHq is de-activating:  1.213541433
2026-08-17T04:26:20.104Z STAKES Stake account 5cgLATu5w2m3K2ZYq27JC8rZvMAxjT8Pz5hKVcLkZ3o8 is de-activating:  35.518429492
2026-08-17T04:26:20.104Z STAKES Stake account 5cxGvk52fr3mnJ4CHpg8jfs9YPYiNyj3dzRHD74Z7ofg is de-activating:  0.007744171
2026-08-17T04:26:20.104Z STAKES Stake account 5dAfjbXz54H6F4ySqRfGoUNbVQYQujoF4RsPMWxSmpGS is de-activating:  0.011640899
2026-08-17T04:26:20.104Z STAKES Stake account 5dCEVu3inehturHVqABF4zCpHACVmvtaMDQUd7wWtagK is de-activated:  0.566301731
2026-08-17T04:26:20.104Z STAKES Stake account 5dKXdEWkiB3KeKrocfET9hVzn4NpDw7xjdQCpUKB4PHw is de-activating:  0.260385779
2026-08-17T04:26:20.104Z STAKES Stake account 5dhFVHKVLsSJYBgNhr1THCczHBWuzmmBGcNqQcEWEu1L is de-activating:  0.530424036
2026-08-17T04:26:20.104Z STAKES Stake account 5dxTncpjHgnna1wzLjcR8oy1nezzQUepfYJtrQbxTJbx is de-activating:  0.005575781
2026-08-17T04:26:20.104Z STAKES Stake account 5eWDsombW7oQQfGhksq3UudfEHNn5UMcbJw6mjUi5TJR is de-activating:  0.116500259
2026-08-17T04:26:20.104Z STAKES Stake account 5erJZKtWTYafNy9UPhHXmMDCDp6GwTr5wRb9HVD3AaGG is de-activating:  0.002282881
2026-08-17T04:26:20.104Z STAKES Stake account 5fWmMydehNMWkjP6VqbkLEPCi3tm7tNZF2gYqxqWUjXC is de-activated:  1.13392909
2026-08-17T04:26:20.104Z STAKES Stake account 5fnQmJ3115sYmCKp9giUYDyaqf9QQDeWyBHMFztYWkHe is de-activating:  0.009778033
2026-08-17T04:26:20.104Z STAKES Stake account 5fyeiDEMz5xxKUWsq4CPpZQziXt7WHpLBoJGVMk8LZvF is de-activated:  0.012658599
2026-08-17T04:26:20.104Z STAKES Stake account 5g7TpVej3Kt9HmXhkLqbvkyxErgGdCuE2Y5Q3DmN7PMn is de-activating:  0.120733105
2026-08-17T04:26:20.104Z STAKES Stake account 5gSkBapNmpqf1BYABESJp5gmgqQk9Xb7EfvWDXihpUfD is de-activating:  0.002282881
2026-08-17T04:26:20.104Z STAKES Stake account 5gX3QXJouf5Vce84jdv96C8C3nNyHx9mFRFVsUL4BVyF is de-activating:  0.016889134
2026-08-17T04:26:20.104Z STAKES Stake account 5gkuNeYrj7YMfDxkFBBXgWGU7fWSNxRwSEWT73SVxwf8 is de-activating:  0.011377615
2026-08-17T04:26:20.104Z STAKES Stake account 5grteMYyWia29EaBb37sCsvkke7ugnf8RcPbvFL3gT2A is de-activating:  0.084363973
2026-08-17T04:26:20.104Z STAKES Stake account 5gvbhkfsZZe1BFGe6TzAQvg5jn289Vza76wWGowbgC4F is de-activating:  0.002282881
2026-08-17T04:26:20.104Z STAKES Stake account 5hVMRzTqnLeP3PE7es2i9hMZHox4ZfByQ3u4fQdX6upL is de-activated:  0.002818958
2026-08-17T04:26:20.104Z STAKES Stake account 5hyrGZdNkBsuiL9dM3xjfwnxsdMobFPeYhuizN1ezQrD is de-activating:  1.343988616
2026-08-17T04:26:20.105Z STAKES Stake account 5ibXKrqFbaYKF4jNKDpmq3Hq4KVPATrcLtF84wowjT2m is de-activating:  0.135199462
2026-08-17T04:26:20.105Z STAKES Stake account 5itkZpK6mrugzeqxBFtScGyDAMVAFcXNHaGdrMvqZn1U is de-activating:  0.002282881
2026-08-17T04:26:20.105Z STAKES Stake account 5iu6msd5H1uecdB8h1wqNcAkyyvbrxKKzpn2PZU3AaDe is de-activating:  0.004707538
2026-08-17T04:26:20.105Z STAKES Stake account 5j7W235wtJYEckhryZtwvwf77JjtWN5GRpbgd49NbiGa is de-activating:  0.011653082
2026-08-17T04:26:20.105Z STAKES Stake account 5jiDX7CwdcLCFctYKDnuTjX99y1NEjdnVABDEJncUDhB is de-activating:  0.069587694
2026-08-17T04:26:20.105Z STAKES Stake account 5jiUwtpHknDgeMF55CCYnib38WHiWvxiUFD4gnpaA57R is de-activating:  0.002888897
2026-08-17T04:26:20.105Z STAKES Stake account 5kQXFDTKJ9hkXgPGR2RcPkyMs5MRTdM47gPcpUSUGCTF is de-activating:  0.002282881
2026-08-17T04:26:20.105Z STAKES Stake account 5kd9PcyVqVcHcy3vEFP8USJv5mBmCyqeDTKSGaVz23f1 is de-activated:  0.500216842
2026-08-17T04:26:20.105Z STAKES Stake account 5kf4Jcx2EwprjgrLVg4463rv7GHdMQKemUwrUhmRSpsQ is de-activating:  1.390096425
2026-08-17T04:26:20.105Z STAKES Stake account 5khj7k7PaWFAYCfbDJur91XHbJsY3GYw3KDXU4u5tRF2 is de-activating:  0.002282881
2026-08-17T04:26:20.105Z STAKES Stake account 5m9Z9SwjVFpVsytFzKRVtLahMQg4kkWL2NEz7K2yYnYB is de-activating:  0.606965128
2026-08-17T04:26:20.105Z STAKES Stake account 5mDwtbqX5c2evM35Q9Doktr7XuEMKGMfXQhbqSxHRyhd is de-activating:  0.030103062
2026-08-17T04:26:20.105Z STAKES Stake account 5mFxehEA6HKc7SbcVF6hT68NM51srRgW4EbUV9ktJQYZ is de-activating:  0.002282881
2026-08-17T04:26:20.105Z STAKES Stake account 5mKPnPvi2pzFzaG3GFtLcCCppxC2NEmgXML61ubuAK88 is de-activating:  0.009967101
2026-08-17T04:26:20.105Z STAKES Stake account 5metr4p7to62n1vtiGnYtTUA22d8ps3W9jTvRV8ED1AL is de-activating:  0.09743419
2026-08-17T04:26:20.105Z STAKES Stake account 5miLP7SH1J5kg33k2pwmqEqeqo8kmNtbuL9YbskgbrUb is de-activating:  0.120892016
2026-08-17T04:26:20.105Z STAKES Stake account 5mrWeetP2BgeE6FFMTfnjFzdnnF8TX1e4T8Ud48LhKnQ is de-activating:  1.193356762
2026-08-17T04:26:20.105Z STAKES Stake account 5mttjd9hrnRMt2CKvbwN9sKou6GMoboUtYUFVqXwr4xf is de-activated:  0.626729432
2026-08-17T04:26:20.105Z STAKES Stake account 5nFM8jHHbMT8Brst174vQ11f7cDiFo9JYaBmB38Sqe6H is de-activating:  1.214193507
2026-08-17T04:26:20.105Z STAKES Stake account 5nmZRRUxBmkzGgskYDzpVaBMNmH1P6SggQLu2UXGeuWh is de-activating:  0.060199069
2026-08-17T04:26:20.105Z STAKES Stake account 5nx2h6YQ4bEj4S5rqkUsXq5u4xLLNnEo3ydMNGvV1ZM9 is de-activating:  603.229993295
2026-08-17T04:26:20.105Z STAKES Stake account 5oHxM6deKkRSfJ85Yk5YPcJhjoiEAXNe6odcojg86eTA is de-activating:  0.074961144
2026-08-17T04:26:20.105Z STAKES Stake account 5oLU9FqMQKprHxSvaMefsLPHGwYvSv1b84NwpsFAgPS3 is de-activating:  2.429070619
2026-08-17T04:26:20.105Z STAKES Stake account 5oRHP3F7D26TopegMkdUDLSKmRuDmkEXyoNVuoaciuJo is de-activating:  1.216551783
2026-08-17T04:26:20.105Z STAKES Stake account 5ok4WF3gBsvF9nrGWZkJkgNCfGKyxdTnpca8bxDok6XF is de-activating:  0.01164495
2026-08-17T04:26:20.105Z STAKES Stake account 5oqKL4NHvTiGw56TTX6RRGGKGTjiDbNo99CVVmxXUX4e is de-activating:  0.011640899
2026-08-17T04:26:20.105Z STAKES Stake account 5p4iUMEA5hUoNFZyx4V1mnPU9ZRQWXeEnjDcRvBoKksR is de-activating:  1.213673279
2026-08-17T04:26:20.105Z STAKES Stake account 5pEHJL92KV8eiA3XFyfB7DDm4pSQc7744Pju3E9DTAeH is de-activating:  3.277935852
2026-08-17T04:26:20.105Z STAKES Stake account 5pWsK6u1jLLVuLjrU5o5p9NY1FUgyw3a21sMQu4UuvGY is de-activating:  0.011648945
2026-08-17T04:26:20.106Z STAKES Stake account 5pYz2aujNXBfpDppzdYz4Ww4LmDHbhWFBQ2M6fxEKH9v is de-activating:  1.251590062
2026-08-17T04:26:20.106Z STAKES Stake account 5pydxca25b3vLgDvVqsqonWDt2vC1fCHz1irLFuHe8qN is de-activating:  0.011648945
2026-08-17T04:26:20.106Z STAKES Stake account 5q6GYh4C9TshqSE18opKFSeh7nPQTmkTodciargMbbo6 is de-activating:  0.606182542
2026-08-17T04:26:20.106Z STAKES Stake account 5qAo8X7UZMSWJK35MQS4kybEtB9wvphzd8qNkK44ByV6 is de-activating:  1.214785034
2026-08-17T04:26:20.106Z STAKES Stake account 5qC3PTDpUqif3J5kdVvjr26JtVzN4NHK4AJvapJCwK7X is de-activating:  0.011644248
2026-08-17T04:26:20.106Z STAKES Stake account 5qCWj5L8KLK7Szwr1zTk7JuBWbfTwesWPf3cFkHaApMH is de-activating:  0.031313129
2026-08-17T04:26:20.106Z STAKES Stake account 5qMNMuJ5jf1HYCbASuCmAv6fjjGN6TpamNHukXrULZHV is de-activating:  0.120733104
2026-08-17T04:26:20.106Z STAKES Stake account 5qMgan88hfrv2QnumrWCttkCn4B8teeUF7LrEdaSDH8X is de-activating:  0.122943319
2026-08-17T04:26:20.106Z STAKES Stake account 5qPLecHz1wuCMBzsYyeDrWHd3Br9s3WT98bScpjMT5gV is de-activating:  0.956241764
2026-08-17T04:26:20.106Z STAKES Stake account 5r2QBM3YRdQFE1b5LxKiFvFwEdppbWc2vRAfhM529j9X is de-activating:  0.035646154
2026-08-17T04:26:20.106Z STAKES Stake account 5rGCf3Az2YLmc8fLoefzQMsgRi8bVtDkEVE8md4GrsLF is de-activating:  0.011635383
2026-08-17T04:26:20.106Z STAKES Stake account 5rLboYkyrzfjmhMVXwfXZvdK6PcHgz44vLxy2koooSz8 is de-activated:  0.00228288
2026-08-17T04:26:20.106Z STAKES Stake account 5rZ8x9m8shPh3qkqfxoqnhXgtzCd7u1vY7b1GsVK3gSF is de-activating:  0.002282881
2026-08-17T04:26:20.106Z STAKES Stake account 5rcJqAisy4oNqzXr9ePPyM3juAA1bjXRCx1cZBsoyQgG is de-activating:  0.060517394
2026-08-17T04:26:20.106Z STAKES Stake account 5s1oVuVQhPkJHg1dodGjeM9zQVF9cySJCuPmh88a5dwb is de-activating:  0.606376535
2026-08-17T04:26:20.106Z STAKES Stake account 5shtGGfxNGkpkz6mvcoBQ37A5eNL24d7MTP58k5yAuTE is de-activating:  0.002282881
2026-08-17T04:26:20.106Z STAKES Stake account 5sn5J3zfK15yEMMxHkadEEmvuXpV7ktB7pqHN2o8Dm6o is de-activating:  0.060174194
2026-08-17T04:26:20.106Z STAKES Stake account 5ss9cYMYejRZpgmvfouamCaUFuk5f3srRyJfmtkyUkY4 is de-activated:  0.047966081
2026-08-17T04:26:20.106Z STAKES Stake account 5svSYJJcEtMGvEhTQfJwRUDBwWdH1kCw27hAPrL8ycez is de-activating:  0.242069349
2026-08-17T04:26:20.106Z STAKES Stake account 5tp1fVxYnEPj8z8xsuVVfwQvoeDrJN1X28skaxeM1qMa is de-activating:  0.081173956
2026-08-17T04:26:20.106Z STAKES Stake account 5uBbVBLsfGt4UJoDM5p4H3g4nJKFVZGxyeufby377bXX is de-activating:  0.120886207
2026-08-17T04:26:20.106Z STAKES Stake account 5uDwFoecw1wifxGw6XsoLhBkJX1FacMcPeW6zcUSfZhX is de-activated:  0.224747752
2026-08-17T04:26:20.106Z STAKES Stake account 5vJ9NEvFe9er9txDyhLJedmQ7wqUFnWrXSq4Un7XveEr is de-activating:  0.023786482
2026-08-17T04:26:20.106Z STAKES Stake account 5wDaZiqHo6dvNgmGzbmta3qTyVwhN3szv11AhgQgD2GA is de-activating:  1.225288856
2026-08-17T04:26:20.106Z STAKES Stake account 5wHXKFExDfBh4UVucEtFQi8Rp6BxXVauFoEQ7Ju6mzAT is de-activated:  0.008007835
2026-08-17T04:26:20.106Z STAKES Stake account 5wPXo2zTg9zystFJ6cHJNysUXxmtbwN1QyUvsQqCbxrK is de-activating:  1.2148193
2026-08-17T04:26:20.106Z STAKES Stake account 5wREXNYmeGgnkhhokcG1tVd3saXr6TQvAtJRWP2phxga is de-activated:  0.101526932
2026-08-17T04:26:20.106Z STAKES Stake account 5wrSCQspXii8WAFnXGizmsmv19XycCqMxVnDaAsLHcAV is de-activated:  0.020051686
2026-08-17T04:26:20.106Z STAKES Stake account 5x4jHM4BsAGxQgrHpHRn3zDBtN8pjLrQqYgmx2VXY2U1 is de-activating:  0.024717406
2026-08-17T04:26:20.106Z STAKES Stake account 5xg8Qui6cJ58QGazasmZStPTCPY9fLD1uw4h4cHgL4TB is de-activating:  0.011636401
2026-08-17T04:26:20.107Z STAKES Stake account 5xkNZ3M4eAv4NwVqno5uuHBhHcWKCm2n5eQukB7cjMtB is de-activating:  0.01743344
2026-08-17T04:26:20.107Z STAKES Stake account 5y4jqce8pc8VSMBVTbTWKyhXeaHrf1UU39tNtsAN47Lu is de-activated:  0.572091854
2026-08-17T04:26:20.107Z STAKES Stake account 5y698HhF8PRepb6hh7x5MLEHjVhzbVhorRfJ3jYNfEAB is de-activating:  0.002282881
2026-08-17T04:26:20.107Z STAKES Stake account 5yvtm3Mf87zUsyfhB7qn6DqEEZ8ejmTXA38cW12KR9mZ is de-activating:  0.014036764
2026-08-17T04:26:20.107Z STAKES Stake account 5zL474tzqq1au8iEfrabfLWy3ihivLn5poJfGiusf3Ej is de-activating:  0.363238069
2026-08-17T04:26:20.107Z STAKES Stake account 5zo6oWVvfajznGTNMcVRUCwEadDVvs351YXiomtasNLJ is de-activating:  0.002282881
2026-08-17T04:26:20.107Z STAKES Stake account 5zzNaAsrw4b2CoNqXEYPsXPcFsmwj4jiJmtGWVGeG1hd is de-activated:  0.014743523
2026-08-17T04:26:20.107Z STAKES Stake account 616W8Vh5fZd11o94eXSnuZptGqEfaTayZxbQ9ssC5TJ8 is de-activating:  17.991254355
2026-08-17T04:26:20.107Z STAKES Stake account 61Fo7j5j8jDti5gG5W2CzPunxAbqbxxoE5DsmuS8ypYo is de-activated:  0.017357776
2026-08-17T04:26:20.107Z STAKES Stake account 61LLs4PUA4a254PU9M6uznrNso2sa6RkYHGsys1ivc1s is de-activating:  0.120953287
2026-08-17T04:26:20.107Z STAKES Stake account 61TnY99yrDyb1rmuCxmBj7yjfoboaESTojr9MGRsUE8G is de-activating:  0.011648945
2026-08-17T04:26:20.107Z STAKES Stake account 61mntoiZkspGRPufj4Gptgk9qKL4DjsRbKZwRmUhuSJi is de-activating:  0.125168235
2026-08-17T04:26:20.107Z STAKES Stake account 62XiL8QAL5HS4YpMDCXH8BmjktRh24DsnfhRrE9xAoS9 is de-activating:  0.002282881
2026-08-17T04:26:20.107Z STAKES Stake account 62bbpxrYKmhrLQk14sM6YLsBCuqsZ5E2au1RJH38zC4Y is de-activating:  0.01164495
2026-08-17T04:26:20.107Z STAKES Stake account 62xA4ZCkjcqLMxSe3q5Ue6Ctg2MnPK9aiDJNzr7rZqXF is de-activated:  0.00228288
2026-08-17T04:26:20.107Z STAKES Stake account 62y914tk148FpDP4hyHmjc3a6BfQez69qSJSgUWZocps is de-activating:  5.646212448
2026-08-17T04:26:20.107Z STAKES Stake account 632tdcNqK3H8ZLSo3JCESv2dtFam3p2e6ddwCq8BSytw is de-activating:  0.002282881
2026-08-17T04:26:20.107Z STAKES Stake account 63UMzSz9BZpckf55KkJV6RPyyLz1RgL2XeCpwb4tVuRB is de-activating:  0.008955067
2026-08-17T04:26:20.107Z STAKES Stake account 63vnfjbfR39y4mCd68jh7UHVNq22J2xynHULoBjqwqi1 is de-activating:  0.064706791
2026-08-17T04:26:20.107Z STAKES Stake account 63yVnSJ1RqN5GGqXSVuPGzp2UnSVFzmEQdVNsbJ9ihAt is de-activating:  0.011640899
2026-08-17T04:26:20.107Z STAKES Stake account 65MeD62X21GsGSTAxA3BDeftVYppkckuFmG7MsspA6vo is de-activating:  0.17902366
2026-08-17T04:26:20.107Z STAKES Stake account 65eytf2da42ZtkyoQQ7JHSHKAVWxSfYiEqfxGY2rKn76 is de-activating:  2.346724302
2026-08-17T04:26:20.107Z STAKES Stake account 65m1eHqGdT95qaWrUkaYS3kxbw6qeW5rtastXRT1Cibz is de-activating:  0.011488529
2026-08-17T04:26:20.107Z STAKES Stake account 65r9Am8MpGBexA86X2wSyg8dAxsgFQNZLyRX8pvuVQQh is de-activating:  0.011648681
2026-08-17T04:26:20.107Z STAKES Stake account 65yCobEWb1uL94cwTWVwFZteLb45LusJTWvVFxxegkZn is de-activating:  9.1695875
2026-08-17T04:26:20.107Z STAKES Stake account 66YjXDbtMtwpVizAWevidJZjepsP6obkv7L4kRFkwpEo is de-activated:  0.023187474
2026-08-17T04:26:20.107Z STAKES Stake account 66erwBwrtLBH5CQngyEJb2HwU9ZQsgH8MrZ5DqPeGLBT is de-activating:  0.002282881
2026-08-17T04:26:20.107Z STAKES Stake account 66nW5beuEYMynZMfCkup1cEQ2x6sqbpFqDBABwj37NFS is de-activating:  0.002282881
2026-08-17T04:26:20.107Z STAKES Stake account 67anr1KubXD3YBSNft5DT1ozEkToxy4GEdi3vnq849Zq is de-activating:  0.044577242
2026-08-17T04:26:20.108Z STAKES Stake account 67gcK8ewKETwanPzRzuWru5g77XKxZukCza4ppccX477 is de-activating:  0.078122789
2026-08-17T04:26:20.108Z STAKES Stake account 67i1CyNCEDRjfgyG8KpYau3ajsesaGp7edGvWuqGJ7Fc is de-activating:  0.685599951
2026-08-17T04:26:20.108Z STAKES Stake account 67rCDRn31zvPbcXb2cjudBUNgyn2utVSeGykJcn9ihbK is de-activating:  0.120678386
2026-08-17T04:26:20.108Z STAKES Stake account 67yQKP8cwLWd3Wbw1syQhEkQEy8uQjXTos6wPNQbMQz8 is de-activating:  1.069670828
2026-08-17T04:26:20.108Z STAKES Stake account 67ydPDBpgj2CevR7jBnw79PjsDBxxXoZC2LkbS51BJHA is de-activating:  0.002282881
2026-08-17T04:26:20.108Z STAKES Stake account 68bu9Hv2Vt4HaFEKc9PYUTNYzKBwX5gLdmWJJX71eBYW is de-activating:  1.213673278
2026-08-17T04:26:20.108Z STAKES Stake account 68suxftsEoRiAB8rKt7wTYcLZXVJRaBWyEv1s6gxm4vD is de-activating:  9.035885602
2026-08-17T04:26:20.108Z STAKES Stake account 68tfZW3QqcWxkvjjj3MXF3af5p2ifk7sbRiTPeSu2kP4 is de-activating:  0.046584251
2026-08-17T04:26:20.108Z STAKES Stake account 693JuvQHus85M66WatCzRrrhKQEfFhdGm6owiKXqjCgw is de-activating:  0.241979975
2026-08-17T04:26:20.108Z STAKES Stake account 694vXARyZ6kUegyHZ7qSZoX394HEEY2zX1uynfLFaAfk is de-activating:  2.666777924
2026-08-17T04:26:20.108Z STAKES Stake account 69cVQr7Sx3yGFLhoZsFsLzn3jfXHUFmJZqGWpZD2UPiF is de-activating:  1.214193507
2026-08-17T04:26:20.108Z STAKES Stake account 69yz9xmvUPhqTnVExxt9bGv3SuKVNtXw7mtMtCh6hxFX is de-activating:  1.213152442
2026-08-17T04:26:20.108Z STAKES Stake account 6B8BMuVs8d2rNNhAaWf313qfFMDK23XY1Zgr9CMGxNLh is de-activating:  2.429070619
2026-08-17T04:26:20.108Z STAKES Stake account 6BYUcN6zmzbSMNEmA4GzDNiMt3nhqFnPDqizhHaq3YzM is de-activating:  0.011640899
2026-08-17T04:26:20.108Z STAKES Stake account 6C6TrJXRhDfoCLFrARJWUiogXGogeB4fPXDLH54Ma98M is de-activated:  0.1126154
2026-08-17T04:26:20.108Z STAKES Stake account 6CqNs8UceTdkR5XsD9DUP12r265WKkhtGXNgMgBnmFHb is de-activating:  0.033742621
2026-08-17T04:26:20.108Z STAKES Stake account 6D2SeZyq8FbDPWef5fX6J33LDdLBc4xYzh5Qbm9SKGg6 is de-activating:  0.002282881
2026-08-17T04:26:20.108Z STAKES Stake account 6D9etuLBZtFMCFPb8Jb1632tgJTTj1TBbNzyCuHP813w is de-activating:  0.011640899
2026-08-17T04:26:20.108Z STAKES Stake account 6DDcDdBYYB3G8k6NuLb48d2Ho18frP4rAkPWX8dvPzc4 is de-activating:  0.060199068
2026-08-17T04:26:20.108Z STAKES Stake account 6DKydwJLSH89ofi6SSMT97szdcZMBCeJFuKMRtCvRwF8 is de-activated:  0.002818676
2026-08-17T04:26:20.108Z STAKES Stake account 6DgyyqpyCKAekaA2QQPHfWbfYVQiyft77WD2LtiUVEfd is de-activating:  0.170335283
2026-08-17T04:26:20.108Z STAKES Stake account 6EFbVbD1GYhPwA6UZt39Lm6JszCftrQwUxTFrMbkC3GW is de-activating:  0.120832223
2026-08-17T04:26:20.108Z STAKES Stake account 6ETfX3aSbvMRbmDv8Bh3p4PGSMmutNZXBUSfFJUq1mQ7 is de-activating:  1.212569458
2026-08-17T04:26:20.108Z STAKES Stake account 6EmWnXNeoB68PBkeUAeJzgv3TvS5iS8MfuhDi2WhPSPd is de-activating:  0.054473639
2026-08-17T04:26:20.108Z STAKES Stake account 6ErPwmgn2T2u3oTkw5oHiSFQdWebaM94DyUfzJKE3VLs is de-activating:  0.002282881
2026-08-17T04:26:20.108Z STAKES Stake account 6F8tkHYi5bP6B4SM2eZqhVBTFwV6WzAb9RhLDHtgz75r is de-activated:  3.93667351
2026-08-17T04:26:20.108Z STAKES Stake account 6FNj5Lw6Wwam1pUiG6G3A1EPqGLcfHaSCZ8eUTGqMuCA is de-activating:  0.120841124
2026-08-17T04:26:20.108Z STAKES Stake account 6FRvLjvvKmDGGe98jzBmcsndg6CRgmLWhs4CJAXDWnyj is de-activating:  0.240217133
2026-08-17T04:26:20.109Z STAKES Stake account 6FWTPaFTyeEzYPtesX1J2Z3ijJAMQ7UyWmbVDVXuR18E is de-activated:  0.066444519
2026-08-17T04:26:20.109Z STAKES Stake account 6G44uQ2fF9kqYfzdkDG5B13j2L4KWoYsapKr3kcC8HFr is de-activated:  0.016782881
2026-08-17T04:26:20.109Z STAKES Stake account 6G87CxJfNFJSU7XQe17HzuiYgwhyGQGta8A54REWSdRd is de-activating:  0.242198614
2026-08-17T04:26:20.109Z STAKES Stake account 6GBarg8TKuXPhVUSAaohhmqqZm52c2UJkewW9YuBdu1y is de-activated:  0.002282881
2026-08-17T04:26:20.109Z STAKES Stake account 6GHCrP2DEnqQusaBJwRa7M4NSqcz9t7vBMUvUmDtRh36 is de-activating:  3.60386895
2026-08-17T04:26:20.109Z STAKES Stake account 6GJdNimFC9ipFM8UZTMxdbPEZnpA72RvkAxj7vedco3m is de-activated:  0.002282881
2026-08-17T04:26:20.109Z STAKES Stake account 6GZLqaEoE57VfGjoAkKXZXSB4DUHM4iiwrftNiXKJAL1 is de-activating:  0.060224593
2026-08-17T04:26:20.109Z STAKES Stake account 6HQKDWHBH5sJKxeA7Fq1s2ZXS7PfmYZhv7s9BrJcMaSA is de-activated:  0.023777247
2026-08-17T04:26:20.109Z STAKES Stake account 6HQfpobWFeCfao4AShet7EsNPJZJuoc7QMxcZKA5p2Fy is de-activating:  0.060199069
2026-08-17T04:26:20.109Z STAKES Stake account 6HqhqseSsM5pfy7BPeazqAMyp5m2GA7xVRVWTHLzjoy1 is de-activating:  0.002282881
2026-08-17T04:26:20.109Z STAKES Stake account 6JQpARm1j4MV1XNzsowMvGNNwSTUkFTe4bS5mLxfSKs6 is de-activating:  0.011636137
2026-08-17T04:26:20.109Z STAKES Stake account 6JQr7y8qN2abNi2xe5KNM8cUm4Df7zV4PUzU4X1oXz8i is de-activating:  1.125041168
2026-08-17T04:26:20.109Z STAKES Stake account 6JX7xzYRtxTAjvDVJRfpN7obJQSnD6NFvGpNK6LVypa4 is de-activating:  31.610292329
2026-08-17T04:26:20.109Z STAKES Stake account 6JroZ6ozFttd5t7EMuSX3cz6cPvEHCfgJWMxuJL5kWbj is de-activating:  1.212569457
2026-08-17T04:26:20.109Z STAKES Stake account 6JtsiB8MWFG81t3QCQxNVNV2bhWE7RHw6ZH2RSc9bJQc is de-activating:  1.214159253
2026-08-17T04:26:20.109Z STAKES Stake account 6Ky4pJqLhtbzzARTf9Vun3PWH2wpBjuNgFoYKp35ZS8n is de-activating:  0.015008662
2026-08-17T04:26:20.109Z STAKES Stake account 6LRgjQRGzF8kYKZo97fLNKGzTeDjFqzRJgEA5QTnFKJT is de-activating:  0.002282881
2026-08-17T04:26:20.109Z STAKES Stake account 6LS27QGWdAbdVc1JPxccfLaELdog6mGLEfr7Ez9A88pQ is de-activated:  0.002819243
2026-08-17T04:26:20.109Z STAKES Stake account 6LrMUMSJS4tzS3qmwt9pyBt1U4K5PtfQGKQj612RSpjq is de-activating:  59.106182963
2026-08-17T04:26:20.109Z STAKES Stake account 6Lt472b27uMzQBEzVpvn7YbH4GEYvYGVXXxCk279YZRq is de-activating:  0.070223256
2026-08-17T04:26:20.109Z STAKES Stake account 6Lv2R65CvseDQ6xLHSD3kuHbPCSa3SZrrJLXtSK8bqKY is de-activated:  0.004769764
2026-08-17T04:26:20.109Z STAKES Stake account 6LvQEwgpcmq7mfjtW15at1xCiLmHBErdmSws4rZNqwU9 is de-activating:  0.018949367
2026-08-17T04:26:20.109Z STAKES Stake account 6MQmCA12MUPbqaun67g7RhLvrip5MR74JidP7rvJhBtw is de-activating:  23.976300265
2026-08-17T04:26:20.109Z STAKES Stake account 6MZKbEpSCJvDePQfHymvVHGsc9SxfgKTqN1kb1vRhuWM is de-activating:  1.214193506
2026-08-17T04:26:20.109Z STAKES Stake account 6NKrRofftcaz5ACsfkMzHyy5kBW1JMM1RriWWDK1GybZ is de-activating:  0.011648945
2026-08-17T04:26:20.109Z STAKES Stake account 6NSXvJPJ5cBMS1YPiH1yCf4eGbTtCe2fSCRkXsh1EKpu is de-activating:  0.636563637
2026-08-17T04:26:20.109Z STAKES Stake account 6NfVzZWfUoMNEbMG3DExmexkctdCKPRsN9nBc6X9tUWC is de-activating:  0.120892018
2026-08-17T04:26:20.109Z STAKES Stake account 6Nh3VMp2hMHwnS8h4zMqwtrsEnCmAcUFJki1a1tQf9zP is de-activating:  0.002282881
2026-08-17T04:26:20.109Z STAKES Stake account 6NjyzWEBKjYUbWBa5nJw5fAvq5ued8LuSmaen6ozYQNt is de-activating:  1.214819299
2026-08-17T04:26:20.109Z STAKES Stake account 6Nxj1fA2HmvqDdQxmNu7JfS9BUfkSAjkiLZsSkURYUah is de-activating:  0.093274662
2026-08-17T04:26:20.110Z STAKES Stake account 6PEhYHtCKk9MoeNPH5ZR51tvQk7noTwPNmt1ZHgkkU5S is de-activating:  2.428028938
2026-08-17T04:26:20.110Z STAKES Stake account 6QeDF5CBSeAjibQwisDyEjuDdaBrxBzGRc4uisiFrVPU is de-activated:  0.305240727
2026-08-17T04:26:20.110Z STAKES Stake account 6QsFmfJMTuRhfj2TBJ1Kq4AXxJxVeU4xpTq4aumJ5WNw is de-activating:  0.011484085
2026-08-17T04:26:20.110Z STAKES Stake account 6QsgM6RGmB2EFSQgqBunWGMeqy3oKun2XMZnFdRCNA5K is de-activating:  0.120892016
2026-08-17T04:26:20.110Z STAKES Stake account 6QyRXmxc5bij777byyxq3RqHsQHRWN7h7SFGBTy7qZ46 is de-activating:  0.012590016
2026-08-17T04:26:20.110Z STAKES Stake account 6QyzDK3yMJbDYCcgTA2f5ZiTWmMhenUuU8w6jWvDMf2w is de-activating:  0.242425582
2026-08-17T04:26:20.110Z STAKES Stake account 6RGovvUTJLdegPvqmNLX7YDLthD4e1DNXAQ89LiZLQ4y is de-activating:  241.336783491
2026-08-17T04:26:20.110Z STAKES Stake account 6RkEC8nnujWpT23rsUB58c7PB15f5PMgmatAgWhJawYK is de-activating:  0.606459385
2026-08-17T04:26:20.110Z STAKES Stake account 6RtcRWunmKrnaKUQV33SZUNeHVvfSHy4uEdxWdEyhZaT is de-activating:  1.214193507
2026-08-17T04:26:20.110Z STAKES Stake account 6SUkNRqZmAxS3ntoV4ipZr3H5NguSJBHLdEXY3WB8H6x is de-activating:  0.302878466
2026-08-17T04:26:20.110Z STAKES Stake account 6SbFYBujXjUSCURpEx9BkpASvr7AhuNDf234GTgJVsBQ is de-activating:  0.003152329
2026-08-17T04:26:20.110Z STAKES Stake account 6SbbpSPMzMArCm8E2qdPkPK7gcEDAtkGkRVC4hZffF3V is de-activating:  0.036812883
2026-08-17T04:26:20.110Z STAKES Stake account 6T5MP77EP1P7J2SD7VYQLtBkDgJj48pxycq9zy2PsKGv is de-activating:  1.213673278
2026-08-17T04:26:20.110Z STAKES Stake account 6TAjUEupyWjy3762H5Fjtv6NUmCPYVemUgcmj81x7K9e is de-activating:  0.120892019
2026-08-17T04:26:20.110Z STAKES Stake account 6TStrJELRt9swBQ4bAKhshfRyuzVh4VQuVU4BTEMpcqF is de-activating:  0.002282881
2026-08-17T04:26:20.110Z STAKES Stake account 6Th45GgiJVixVDE88b5pVsGSvW89GxzPR9tbyBw7t999 is de-activated:  1.214193507
2026-08-17T04:26:20.110Z STAKES Stake account 6TsjNsmoWgwDXkyjWa9NyVfuHsiMg622z7KAvUrVmVaT is de-activating:  0.120879099
2026-08-17T04:26:20.110Z STAKES Stake account 6Uzpu1AGNLiak95t22Hr2PhWFQeQtCWapDPbjbkM9Xwz is de-activating:  0.087851837
2026-08-17T04:26:20.110Z STAKES Stake account 6VUpmymXdneNAZx6v2hNnkNiJaLuiT6QK8URk1U8Kxvu is de-activating:  0.009743967
2026-08-17T04:26:20.110Z STAKES Stake account 6VXqAMA11QhGbTKyGREcEUVk34T1BYFW5bqs2gVsLPgz is de-activated:  0.101898129
2026-08-17T04:26:20.110Z STAKES Stake account 6Vk1pjA1hBDbyiUgAs3dLK8wbM1yipaqDKa6XfVuQgQB is de-activating:  0.011648242
2026-08-17T04:26:20.110Z STAKES Stake account 6VrpkyxvDVwnWjwsEZ3QdWhdY5ZDjxqt59TzQpdAKj2y is de-activating:  0.002282881
2026-08-17T04:26:20.110Z STAKES Stake account 6W7ugudUJQqL4TzezBgv3Ao5ZNrcnDA1GHYpFWGTpFcj is de-activating:  0.271178335
2026-08-17T04:26:20.110Z STAKES Stake account 6WeHirFnbsKvbVJt3kdKNNi6NSyHUVVWCcGd23JepYuk is de-activating:  0.023768008
2026-08-17T04:26:20.110Z STAKES Stake account 6WmpZc2D5eGEM34dVE51QryXiCuugC4djjocWnpbqzG6 is de-activating:  1.214193506
2026-08-17T04:26:20.110Z STAKES Stake account 6Ww7qMEbg8At3RPu32nCwG7cpinCaLXDp7ggtiQu7LNK is de-activating:  0.120892017
2026-08-17T04:26:20.111Z STAKES Stake account 6XFdiYevcWMDzAt16d4RpNgkxUmFWJR4UrtnA9vRjzQT is de-activating:  0.836448685
2026-08-17T04:26:20.111Z STAKES Stake account 6XKP1unNRgE87KhJcdSxg37bkE2uTtwtEgWEqEitZD3q is de-activating:  0.011488529
2026-08-17T04:26:20.111Z STAKES Stake account 6XLXJBeo9QsVhMauR6KuiCh46RVmmhgUsXQbm3fL5CPd is de-activating:  0.002282881
2026-08-17T04:26:20.111Z STAKES Stake account 6Y7c6iUUKQTFgNg9qX4RTbkfcPgTMn9infvJDWTMCDUy is de-activating:  0.120892018
2026-08-17T04:26:20.111Z STAKES Stake account 6ZNgnQ1eaywbxWfQ8F1r6uFZf1WMdGJhu3rjygMDZT8H is de-activating:  0.019267532
2026-08-17T04:26:20.111Z STAKES Stake account 6ZTLV3umcYKGQeMMUmEhBeheBWZoyGxWx2Y6AApmwqmM is de-activating:  0.060492349
2026-08-17T04:26:20.111Z STAKES Stake account 6ZZ2nEYstysxpkBuuM2ymoGmN555ZjRvpj2ui5pQYpuP is de-activated:  0.10358242
2026-08-17T04:26:20.111Z STAKES Stake account 6Zexy1C7rbPgkcrfXnV1gmJ4wUWGbYjKTfH2dLiXdFaQ is de-activating:  0.030186607
2026-08-17T04:26:20.111Z STAKES Stake account 6ZnwonJCpLNn2cgyYvfNbfymzTxZ5b9Fw9DAJG9Hxe3J is de-activating:  0.120892017
2026-08-17T04:26:20.111Z STAKES Stake account 6ZowFVYTkBYHVryBzZUZ28QGxP4tkgaBzKfQA8U4XMYe is de-activated:  0.021330554
2026-08-17T04:26:20.111Z STAKES Stake account 6aLktYX5uHzw9GG1AFYZ474YJXbRtogDAPDYPnjfQQcc is de-activating:  0.316288936
2026-08-17T04:26:20.111Z STAKES Stake account 6aco92yKtcNvBNXac8QooxBUFPx9QhkTL2aiw2N1VNBG is de-activating:  1.213673277
2026-08-17T04:26:20.111Z STAKES Stake account 6anWduzCVcatUqudLSkDmSTL2ijNTTUbRR4hx7g9e6yC is de-activating:  0.120953287
2026-08-17T04:26:20.111Z STAKES Stake account 6apa638igyVZ8SMX6nukpGp86uC2sRESNbQtruwfVAN8 is de-activating:  0.002282881
2026-08-17T04:26:20.111Z STAKES Stake account 6bn47R6KCqqpoYE8Qcf8DbwumXiPRu9xbfWyfmEFU2Cr is de-activating:  0.12972327
2026-08-17T04:26:20.111Z STAKES Stake account 6cMAaPQsj2hVj6AaxZTgD2nuBR2mKfuyredfd8tgGqMc is de-activating:  1.333901378
2026-08-17T04:26:20.111Z STAKES Stake account 6cyJxMLrFLs3fhbsqvjPwpZZgqRJtUmUSkJ4m98Hr6Py is de-activating:  0.013807998
2026-08-17T04:26:20.111Z STAKES Stake account 6d4mxM341yQUxxcLTk6cqCZCk7x2XnED7B5iSc9rB9Fn is de-activated:  0.00228288
2026-08-17T04:26:20.111Z STAKES Stake account 6d5G6PmoJjP6414JnfJrnopENAoqgSFkhysUSorfN4f9 is de-activating:  0.061149295
2026-08-17T04:26:20.111Z STAKES Stake account 6dWez7k4NpvQzZwGbeR6m8hA46TVfP5s7y9LLRs3Fez2 is de-activating:  0.011640899
2026-08-17T04:26:20.111Z STAKES Stake account 6e3qzLVByHvahpzQi3dLu7QcgenE7Bt7VnE7TFHxUvv9 is de-activating:  0.002282881
2026-08-17T04:26:20.111Z STAKES Stake account 6eKnxB2A28uJAu2CqPZZsk5CQhCtFKD9YthckV2rjnSf is de-activating:  0.067190176
2026-08-17T04:26:20.111Z STAKES Stake account 6eMh5GwWCyRViMZBiLc7d5iEhLGRgruWrEVFHEBdW1tS is de-activating:  0.012598886
2026-08-17T04:26:20.111Z STAKES Stake account 6ehH2apKYM8rZGoc4m9NLrpiXM8V28NpCGivQPLYwAig is de-activating:  1.335688206
2026-08-17T04:26:20.111Z STAKES Stake account 6ejoGYh3BFwTewsDNkeNGGMAGRHnMHzMu9HuvetFPPHJ is de-activated:  0.003
2026-08-17T04:26:20.111Z STAKES Stake account 6exw1ZXxJSvjBJ4U42M2zyqq27Kaqrfe2jAt2d1UzMU5 is de-activating:  1.238492228
2026-08-17T04:26:20.111Z STAKES Stake account 6f2CdgnDNboLgG4XGZQTLcfLLsBzfkpmhHJxUKBDNkGz is de-activating:  0.002282881
2026-08-17T04:26:20.111Z STAKES Stake account 6f5U8CT3TvApdaRGXere4N9kLLG9QXsdiwb6tHBNv1bY is de-activating:  0.030780975
2026-08-17T04:26:20.111Z STAKES Stake account 6fHF89W4fMMLEAYMYVt7U8D4owcR3B7wD7fdrLmAQrMQ is de-activated:  0.00228288
2026-08-17T04:26:20.111Z STAKES Stake account 6fTQkGNYB2z4q7ebTQgy4U4scmbi6mh92ucyEhBnqLvB is de-activating:  2.420105841
2026-08-17T04:26:20.112Z STAKES Stake account 6fTtA1BVTeMpK9BEJ9i3a9UG47j2GQoP6tUcm6dM45AK is de-activating:  0.002282881
2026-08-17T04:26:20.112Z STAKES Stake account 6fYHLjLPUzRXC9kDD3fLwKhxbRCnLjJ6M1nKyhrf9MK4 is de-activating:  0.020430503
2026-08-17T04:26:20.112Z STAKES Stake account 6fcGexSqBUKV7com7Ej3F2YQyGtMoU5a1d9yh1USNexg is de-activating:  0.002282881
2026-08-17T04:26:20.112Z STAKES Stake account 6fqBN1mJEUhTapMkTsbrRftLyxVNhDBgiPrazXGdxx6P is de-activating:  0.096571152
2026-08-17T04:26:20.112Z STAKES Stake account 6frw861su51Ch3nujxzYCxmybhGe4eFwnQbhyC8M2JHw is de-activating:  1.213152442
2026-08-17T04:26:20.112Z STAKES Stake account 6fzzvUbCY6vj45tmaWLQuEE62akeudHDQYcHF4nqrZXb is de-activated:  2.358372066
2026-08-17T04:26:20.112Z STAKES Stake account 6g9bUabWMX6DRmCF6xpVyxSvMBBaGX2aUKRdBJMQAuHm is de-activating:  0.002282881
2026-08-17T04:26:20.112Z STAKES Stake account 6gQZ3847LXEEZybVaSwokq81RsAszhjhhinuaTR6eMrX is de-activating:  0.027393342
2026-08-17T04:26:20.112Z STAKES Stake account 6gfvqSUwzsY5AWEHLPGkSMyQJ5WRdbrSTxvgdK9KdEdN is de-activating:  0.002282881
2026-08-17T04:26:20.112Z STAKES Stake account 6gvMos9ZycPePM2kYvZ2dhE6Nuhio4GzWkKb7EDXdnXN is de-activating:  0.002282881
2026-08-17T04:26:20.112Z STAKES Stake account 6hKsYi3DPwupcqDtuvysU95pJYtChCrW7fPJf1fqLStv is de-activated:  0.050085643
2026-08-17T04:26:20.112Z STAKES Stake account 6hcJyBtmost9NwmwCz8HE5gbdyWtoJvFkqyLXcTNUav8 is de-activating:  0.120720861
2026-08-17T04:26:20.112Z STAKES Stake account 6hjBub2q1TZ631wpqooU65Pp9t7PV9rpWmfiP3pngo6J is de-activating:  0.056443769
2026-08-17T04:26:20.112Z STAKES Stake account 6hn7hum5hSSMhsMbR8GSx3fUpBSPt3pMiGTyTy5g8yEM is de-activated:  0.002282881
2026-08-17T04:26:20.112Z STAKES Stake account 6i5ZNWEKF3oarLRC9qXac8EVb9HMERw4BwUp4YJUwHfw is de-activating:  1.190656879
2026-08-17T04:26:20.112Z STAKES Stake account 6iNUgpM2YiBz7nCaN5VzuuWuVhnVxqChpL39BSSzmFhb is de-activated:  0.034686242
2026-08-17T04:26:20.112Z STAKES Stake account 6iQ5fm6YWjKQDzFGRZhv3PS5QtguYpswFuXVAyxbYGA7 is de-activating:  1.214819301
2026-08-17T04:26:20.112Z STAKES Stake account 6ieX8ayiVorXTz3NVeRvTQucLZJPRQkt6TMZPq3j3fHU is de-activating:  0.006524732
2026-08-17T04:26:20.112Z STAKES Stake account 6itEgWTKgwwYddi3UduJVWjQuTCj8XmMQP6ppdzzQmMk is de-activated:  0.002282881
2026-08-17T04:26:20.112Z STAKES Stake account 6j6Tp1AXW2Qq3ifG2gFkTXV6EKTmf5qNfyrbZE6gS5Ni is de-activating:  1.213673279
2026-08-17T04:26:20.112Z STAKES Stake account 6j7aRgAEYWeFfoZicNMqakLLps8v9FafnE5NtdZHxoBB is de-activating:  0.06215834
2026-08-17T04:26:20.112Z STAKES Stake account 6jPyQy6cVfhkUUqizn4Q1mGqrqXtk6yQdZ1jERv7Kt3x is de-activating:  1.238492226
2026-08-17T04:26:20.112Z STAKES Stake account 6jRd6JC7FnDkcSDQBsGNLQcqq9Zg5PQn5z61NrZD3hmp is de-activated:  0.002282881
2026-08-17T04:26:20.112Z STAKES Stake account 6jbvFGZZLvV7CskrTXgWBmyLLV5NUSVRGenCcrUmJSje is de-activating:  0.009455182
2026-08-17T04:26:20.113Z STAKES Stake account 6jqyYCtjzLy8MQKbA4WypYybHm6jEsApUkHJJ9XFXHBd is de-activating:  0.120892017
2026-08-17T04:26:20.113Z STAKES Stake account 6kATJFF9FPrz3dgBSdLH8vunHh38PFeGEM3K5nJBfUUF is de-activating:  0.124803004
2026-08-17T04:26:20.113Z STAKES Stake account 6kR59pGU4VaC6f8SmY5NQPrPXvzRrSrLJnVQKJtmdB25 is de-activating:  0.011644248
2026-08-17T04:26:20.113Z STAKES Stake account 6ke8PbrJMRwVvFqsgMgQSt3xxUooiAhhbNBQxxWvF4Y3 is de-activating:  2.428028936
2026-08-17T04:26:20.113Z STAKES Stake account 6ku5PTQJW7isRYDTwofDqBRKdP2otB6wbDXpratModX2 is de-activating:  0.034432922
2026-08-17T04:26:20.113Z STAKES Stake account 6mHnKnqvwpxgYzbCTQKAN9T3kD3aCBBwjY1yii3bPJXS is de-activating:  0.242425584
2026-08-17T04:26:20.113Z STAKES Stake account 6mhmJZdZogNxbDxB7HbwbtTx3ZiAXQHf1735yQmGpCG5 is de-activating:  24.253513253
2026-08-17T04:26:20.113Z STAKES Stake account 6mzU6MuKvo9DNzSEyUA8A2ijcVnZSqYerJjMVXHNjAUs is de-activating:  0.08470284
2026-08-17T04:26:20.113Z STAKES Stake account 6n7qWrRCfzKzDN5hh5Ls7K8gSYRe4Y8fLUf5iP5m55of is de-activating:  0.011636137
2026-08-17T04:26:20.113Z STAKES Stake account 6nFKJNK65PZnxpNNkNnthHehBbQ1oJ2N3krTrwpUxStf is de-activating:  26.848888192
2026-08-17T04:26:20.113Z STAKES Stake account 6nGb7TNkrk5XUCCF8ruRSn2ZSEsbsq5YfZXcE3saUTuW is de-activating:  0.606718844
2026-08-17T04:26:20.113Z STAKES Stake account 6nVQcJJv6bzeFQXYvwRZmcyVTmWvgv9H5LcALxbHbp8v is de-activating:  1.213673277
2026-08-17T04:26:20.113Z STAKES Stake account 6nbGM4FRXw88Paj5HNYnWoDcDG7KqNynUJfTQXwaT2C1 is de-activated:  0.004783995
2026-08-17T04:26:20.113Z STAKES Stake account 6ngeFA7sW1QynPy2u8j2UY1k14afthmXxBrj7uPk9LFa is de-activating:  0.12082821
2026-08-17T04:26:20.113Z STAKES Stake account 6nvfV2NW27e9U9DdLtKhT4wA1t5bxwXpuuXVBgtybYrF is de-activating:  1.187624209
2026-08-17T04:26:20.113Z STAKES Stake account 6oCT8wSP3K4ffiHpDeRaHMMBi6NGkHNdRWyeir2RjThk is de-activated:  1.040327912
2026-08-17T04:26:20.113Z STAKES Stake account 6oRBht7vemso5YTnbKX6fKY2BB1C2Njo6xE4yAdN4aQa is de-activating:  0.035656866
2026-08-17T04:26:20.113Z STAKES Stake account 6ojiRZsxxAH527w8RH4PUqh1wdNVPrV5Y7z1Cti1A7TG is de-activating:  0.041121268
2026-08-17T04:26:20.113Z STAKES Stake account 6oyeRp9Q2gswi9kh1mQTtE5Wkr9yieKj83oc28yrVuCe is de-activating:  0.275799601
2026-08-17T04:26:20.113Z STAKES Stake account 6p3NwBi341r9oKLNpy2TdE1jPicbXb5Yya96Ln7NYnPk is de-activating:  0.212196853
2026-08-17T04:26:20.113Z STAKES Stake account 6pEonDC8smkNF8SpCmGXbPHcZS9DRU3sVX82JNbdSuVT is de-activating:  0.033812751
2026-08-17T04:26:20.113Z STAKES Stake account 6pZfmbYgrwUMbKaqhrsCjejV9DMrCuyL9RoEuBPPYaJW is de-activated:  0.003355244
2026-08-17T04:26:20.113Z STAKES Stake account 6pp5fUcSzwbA2bzUDzdvMNUTZb7oMAdzjrh5Td5ADZUD is de-activated:  0.571093954
2026-08-17T04:26:20.113Z STAKES Stake account 6qJ8EHMr9BGSYxkBnqXrD2pja9SwdZUnGikZweBgwdat is de-activating:  0.303171385
2026-08-17T04:26:20.113Z STAKES Stake account 6r6JtDpqDW2LbY1toNE2d5h4yssAEDBvCz2vJEMxFLkM is de-activating:  0.09570112
2026-08-17T04:26:20.113Z STAKES Stake account 6r71JShwfUxndk3MeaA4Zzwe3yfX83oS7oS6YjprFNbQ is de-activating:  0.065370316
2026-08-17T04:26:20.113Z STAKES Stake account 6rHpznZ8zxLsF2fJkjEPUaaemkMRHvdfhHptAupQoQ8M is de-activating:  1.030341493
2026-08-17T04:26:20.113Z STAKES Stake account 6rZVur69UCMmW9nsPG6thaYwyX1QF4q64e5xoatZgE38 is de-activating:  1.214819299
2026-08-17T04:26:20.113Z STAKES Stake account 6rsKhT6tFAghwq7y2DDoN4jzX5uRBnA3Zrfn6BpGLgRx is de-activating:  0.606718844
2026-08-17T04:26:20.113Z STAKES Stake account 6s9uSZxzt8fbEwAn9nfLQo6kPMv6Z87josEgtVCYoPKA is de-activating:  0.004102133
2026-08-17T04:26:20.114Z STAKES Stake account 6t1BcQcSoxa7PQUT9B4riE4wKzYafh7CsrL8aYBfsPCV is de-activating:  6.076677544
2026-08-17T04:26:20.114Z STAKES Stake account 6t5SVfrUZRgVFPUJgJ1Hi1Qp3QaW9tGnrPJHkCe8jTab is de-activating:  0.002282881
2026-08-17T04:26:20.114Z STAKES Stake account 6teAbqvdRCG2xe9d3ziWdXqnW73HAht8r8fpvwtbn3aR is de-activated:  0.010282881
2026-08-17T04:26:20.114Z STAKES Stake account 6txd5rdYetnumCny7Px6ZfoKMeU8221KM3Wr5TCHsXX1 is de-activated:  0.008818544
2026-08-17T04:26:20.114Z STAKES Stake account 6u2NWD9kGyM5hPLpwoLG22SuLmVwW4fE6TKLJt8JVF7h is de-activating:  0.120790157
2026-08-17T04:26:20.114Z STAKES Stake account 6uApyxLCy6h9qUUsNezJgUn9a1ff3AuAVmK5X81XEaWf is de-activating:  0.120953287
2026-08-17T04:26:20.114Z STAKES Stake account 6uB6DgiMsuJpJusuZhn8UXRU29YkELRJK6G34ktdK46E is de-activated:  1.053943622
2026-08-17T04:26:20.114Z STAKES Stake account 6uFNzeyzxeQv5aP5R6X8HEB8RYgpUaMNFcdupNzUxiK7 is de-activating:  1.068166336
2026-08-17T04:26:20.114Z STAKES Stake account 6uHLwskyJs7nREd3nVKg4zGGXsFE51BY9jbouGqgGmvS is de-activating:  0.060096369
2026-08-17T04:26:20.114Z STAKES Stake account 6uPmXz1NYtkU6X6LUC2v8TekKYyozndQvy8ru3nAiGwj is de-activating:  0.152339684
2026-08-17T04:26:20.114Z STAKES Stake account 6uSvCoqoNzeaznv5JppS5sAKU11bJ9MF3ik8W29eeMMN is de-activating:  0.363726758
2026-08-17T04:26:20.114Z STAKES Stake account 6uWunx7Xi82nZtot4v7W4rNxgSbrFyPnY6TnvkXogHXB is de-activating:  1.21363904
2026-08-17T04:26:20.114Z STAKES Stake account 6ueJQegcHoNCG8ReoAEbWXV6hNfgxPqqtUutETxjibgL is de-activating:  181.295776446
2026-08-17T04:26:20.114Z STAKES Stake account 6uoQdR5c5MQ6dTgzymRMgy4TbcoRcnBwj581fUeWfZdV is de-activating:  0.068426834
2026-08-17T04:26:20.114Z STAKES Stake account 6vFm6uCi9L6CTTGehtzrvyt4rPAR7e8tMt8A52Zb246J is de-activating:  0.03503352
2026-08-17T04:26:20.114Z STAKES Stake account 6voDwTZbUcHJtW7V5wdmZYmE3V4dcS3YhdyWgWR3sB7R is de-activating:  0.120841123
2026-08-17T04:26:20.114Z STAKES Stake account 6wJVkorgEMnGh32zE5B1aL3C8K2fv79aqireegxfpDPv is de-activated:  1.237418813
2026-08-17T04:26:20.114Z STAKES Stake account 6wfgduksraPdahRK57bZMobdcwNBV1njmj5NqkjhH1gG is de-activating:  1.083192124
2026-08-17T04:26:20.114Z STAKES Stake account 6wjb153mE8Vwfnsvbr9iVTzTNd7ZgrJkwcXz5xJrT1MY is de-activating:  0.004707456
2026-08-17T04:26:20.114Z STAKES Stake account 6wxLkknJijwZ7bwsBcdVzrJMQ7zHVRvpu8crWa5moGgr is de-activating:  0.019890793
2026-08-17T04:26:20.114Z STAKES Stake account 6xGoEDd6WET8dzjncxYCjnyPHUfgkV4TPp64kGQJjdx8 is de-activating:  0.120892018
2026-08-17T04:26:20.114Z STAKES Stake account 6yW4M7qKprmrerEdj74cf8koSrKYxcMKGw8PaHHDDP7y is de-activating:  1.213152443
2026-08-17T04:26:20.114Z STAKES Stake account 6yoDgx4TJMmSiuTF7t3RzmDMUUUco2JZKmpqCXSds5FT is de-activated:  0.106736297
2026-08-17T04:26:20.114Z STAKES Stake account 6yuTu23hAqgZcycg36UzkXfMarAv4cZspGKrf7gddMh3 is de-activating:  0.002282881
2026-08-17T04:26:20.114Z STAKES Stake account 6zBrctT86Lmp73ZXp4ScQwReo7RsfXb6dMk8tx4k2mWS is de-activating:  0.214262138
2026-08-17T04:26:20.114Z STAKES Stake account 6zb6wRcXyUCKfEXbY7C75isw1SkoHJv9w9x5pVd219XZ is de-activating:  0.030121089
2026-08-17T04:26:20.114Z STAKES Stake account 6zh7x5y52tLhiQxFqj65GPqP99GCojmTdTMxwe3Uvro9 is de-activating:  0.010816866
2026-08-17T04:26:20.114Z STAKES Stake account 713zhUZW7kDPWH6zmVxefJnYCmHW1uHsz7BvBLqrCbrd is de-activating:  0.079962455
2026-08-17T04:26:20.115Z STAKES Stake account 715pSrv8xRUiSXngRNiApriTF2pQye47zAheB28Woq2J is de-activating:  0.60584313
2026-08-17T04:26:20.115Z STAKES Stake account 71PRJoSfsmDuoPgRBQbBgcUgbat4XifkY5tWhsojZGdi is de-activating:  0.104966388
2026-08-17T04:26:20.115Z STAKES Stake account 71bLBc1GrdH3ZQvNncowQUg5CYzaK6it8t5CcMhBjGSW is de-activating:  0.01176133
2026-08-17T04:26:20.115Z STAKES Stake account 71xdwofyTzCamw9upAZmbsA8Mm4U6UkqJ9BMJw1VAQi5 is de-activated:  0.50228288
2026-08-17T04:26:20.115Z STAKES Stake account 72RTffKVvFqEt6RoCoDGsy3ap1gaK6wTJYRrkY5aGFjx is de-activating:  0.002282881
2026-08-17T04:26:20.115Z STAKES Stake account 72Si7r84tjj4iKwSaucfpppkUHSt3odTDwAJY6fECnYX is de-activating:  0.254074529
2026-08-17T04:26:20.115Z STAKES Stake account 72m6QA7yN77nWTArDDFQoP4kN3n4EPbsfsJb396MWVhS is de-activating:  0.606199614
2026-08-17T04:26:20.115Z STAKES Stake account 72sSZ6XbPJkc4NGDb2Gwhhmf6GAPrvC5CV9c9fdSqQEC is de-activating:  1.213582391
2026-08-17T04:26:20.115Z STAKES Stake account 73Q8ipsH9aS2LPcixgfCfhA7yUTkCrAhiUYWhhCAgQrW is de-activating:  0.123722269
2026-08-17T04:26:20.115Z STAKES Stake account 73ooqXk7qMRCDg4DfpzbRMQR6Tjkw7cwCSTfFg8gkj6P is de-activating:  0.178533588
2026-08-17T04:26:20.115Z STAKES Stake account 74GMfSS7qsTxgBgbdMRF4wdfcmcytifRVoYdboddSp8c is de-activating:  1.213673278
2026-08-17T04:26:20.115Z STAKES Stake account 74mqTgyrLTwkxvGddoTm5LmLwdLH8okfYTYrAi5d8eCC is de-activating:  0.606459386
2026-08-17T04:26:20.115Z STAKES Stake account 74r71kZh41Se5z692einuGiqBS4fraDowAt9rgmWduYX is de-activating:  0.002282881
2026-08-17T04:26:20.115Z STAKES Stake account 74vEUdvKLRPSrHLE1H4M14wkRhJxC77z4WuutfDZAttn is de-activating:  0.002282881
2026-08-17T04:26:20.115Z STAKES Stake account 753UP2XAfskJd3xB8xUxYezpWfDm6F2mFdfYbmcKYvED is de-activating:  0.011648945
2026-08-17T04:26:20.115Z STAKES Stake account 75MHteFtChkrLvftYbpq6tgK242bs5Dymsjw7wiUpVPK is de-activating:  1.215837356
2026-08-17T04:26:20.115Z STAKES Stake account 75UujpXUuvhohHwtcuabhxn1e91HeXQHGgcCZMS7keeN is de-activating:  0.002282881
2026-08-17T04:26:20.115Z STAKES Stake account 75kYU2pSUEBwGbdzTfgLHBuCkCK92tY6jZFL5eNMM3kq is de-activating:  0.003140352
2026-08-17T04:26:20.115Z STAKES Stake account 75utb6sTP4p15vGeTeWpAhV9bR5kQDu5d2wh9Mc9nAZK is de-activating:  0.01164495
2026-08-17T04:26:20.115Z STAKES Stake account 761XUEwmy3nMvKYKxhkAreTbk1ydKoMExTWW1xjDo5oz is de-activating:  0.014426082
2026-08-17T04:26:20.115Z STAKES Stake account 76b62vWwHyMEuuZ4mfQy4B24Coy36cqBLLUQsyoQwi9H is de-activating:  0.008342917
2026-08-17T04:26:20.115Z STAKES Stake account 77Eei8eUczyQg4ZDXt1QWKbqFuVLV674FMMkexYeujZQ is de-activating:  0.060228944
2026-08-17T04:26:20.115Z STAKES Stake account 77L8V66MQir93EHgXmWaD3BgSvMAdzSurmpa1gon3QEZ is de-activating:  0.302993476
2026-08-17T04:26:20.115Z STAKES Stake account 77cHzRuJcCbUEMfiJZXpxvBVezJ6UEANVdDgrmRNHTgY is de-activating:  0.002282881
2026-08-17T04:26:20.115Z STAKES Stake account 789kZvZWMnUXSPpFZqX3g4zwSwshF133mLk8NGM5DZ2m is de-activating:  0.01165352
2026-08-17T04:26:20.115Z STAKES Stake account 78MBUftUhjbmM4EKDSFU8XjFAmGjE4MrUzSD2takDSNJ is de-activating:  55.499607658
2026-08-17T04:26:20.115Z STAKES Stake account 78YUcFYJ9siXb7otohjyLazN2V2274Mxp9nKy4yVTtrr is de-activating:  67.562285803
2026-08-17T04:26:20.115Z STAKES Stake account 78aWn2LyUEdaFK1DFxprvq1CNc7zLzsmNCMQ3q9V6nHi is de-activating:  0.011657836
2026-08-17T04:26:20.115Z STAKES Stake account 78iqNTfUMUitghRURatr9FP8gXAVBetSsGWchLFpZhyJ is de-activating:  0.002282881
2026-08-17T04:26:20.116Z STAKES Stake account 78zQHfH9ErQrskJAgAmFge9cupPA3rtmQ6d83RCawybJ is de-activated:  0.003922164
2026-08-17T04:26:20.116Z STAKES Stake account 7954ha9A1w7SyNJrjKoWiV3h2tLHNv4rResfdoSX6E4b is de-activating:  1.241812614
2026-08-17T04:26:20.116Z STAKES Stake account 798miQosopxB8Z5kLLjcsVoqwhq6XFD2CQdZ7gNMSEPh is de-activating:  1.213673277
2026-08-17T04:26:20.116Z STAKES Stake account 79MkgLLXHDoezGvDnai9jC9rLCQCGEhD3CNYdYkzjyAg is de-activating:  0.229795972
2026-08-17T04:26:20.116Z STAKES Stake account 79pBZJN5oSHYFEtpGSs8MCFhkW3XrqMERD5dcDoMK3N2 is de-activating:  0.113250256
2026-08-17T04:26:20.116Z STAKES Stake account 7A4wAX59TXfiyiMiMcbMZCK7VokwrDusAvCTy1se5QzK is de-activating:  0.018645544
2026-08-17T04:26:20.116Z STAKES Stake account 7A8bVHsjGXaZnmPuRLXvpBswCvoi5s6cbZ1qUvSXivTd is de-activated:  0.558333638
2026-08-17T04:26:20.116Z STAKES Stake account 7AG5MRi4ezMKDxARvGcqVyuBBUzpgW4feYVcdkrHsyso is de-activating:  0.242172488
2026-08-17T04:26:20.116Z STAKES Stake account 7AGX6YScVyHiudoJtCrdnjfRVhdRVdk97JU1uNmgCN3U is de-activating:  0.035924033
2026-08-17T04:26:20.116Z STAKES Stake account 7ALtYid4AFpoMCrtmncQ9ivXoeiVFo7XpDzG9cRfTmEH is de-activating:  0.036844525
2026-08-17T04:26:20.116Z STAKES Stake account 7AXZR2CpH32Hn3ZYR3BtDcUjibPoa4Y1UH9BzyomWWJN is de-activated:  0.050039903
2026-08-17T04:26:20.116Z STAKES Stake account 7AjTXbRj6HMG6ppN2RQVxbnmDkmE9cDBkeQWER2o648T is de-activated:  0.01001402
2026-08-17T04:26:20.116Z STAKES Stake account 7Apoi52QncmkCzBFwcMRJv86KWdR1iVR8STYiLRZtJpG is de-activating:  0.37467205
2026-08-17T04:26:20.116Z STAKES Stake account 7AvsbWTp4AryVM71PTgt7zDW3Fn3YiwAiFCFFuU5mLSN is de-activating:  0.020376263
2026-08-17T04:26:20.116Z STAKES Stake account 7BAoMw5jbYN38SdeXwAKoVpzooSGpDMa1RKNmrtsgGzm is de-activating:  0.002760354
2026-08-17T04:26:20.116Z STAKES Stake account 7BqRJAe3xUbVZvc4368PMANGNoAoE3gFqxqgmEMa8MJF is de-activating:  0.002282881
2026-08-17T04:26:20.116Z STAKES Stake account 7CP6jtMMJEG66N1gMefo7D3Akrb1jUAaZvgbu6e4NtNN is de-activating:  12.136825202
2026-08-17T04:26:20.116Z STAKES Stake account 7CUvyMehJcJ8p8ucTr2bgYYpBxVZ8HETpYdRjmGZbZuj is de-activating:  0.136057798
2026-08-17T04:26:20.116Z STAKES Stake account 7DvMNZkoVPB1kn3Ff3Z14UcpnbcJVxRFnZsno68tWPkw is de-activated:  0.05228288
2026-08-17T04:26:20.116Z STAKES Stake account 7DwBj1LMnaj2QoFMkPfkg4eRf7EsiTJ6NSKBvxtCrXQB is de-activating:  0.145330547
2026-08-17T04:26:20.116Z STAKES Stake account 7ELuUggCWEAviHR2MtDhG1NGcbrRH3KZudUYFi7KoWVJ is de-activating:  0.002282881
2026-08-17T04:26:20.116Z STAKES Stake account 7EchxXjia4DBSq8zSt1X4KhPzi3A3bhgvwkHNCPFzEMg is de-activating:  0.606459386
2026-08-17T04:26:20.116Z STAKES Stake account 7EoAuf68NjZSWHHGZNNQX75PhgKfsTxFXD4MgxFXerzj is de-activating:  3.639007291
2026-08-17T04:26:20.116Z STAKES Stake account 7Ex1h6Yo6588UybuGUZFXhk16ctfBwe9ZEUzHeQUMZus is de-activating:  1.213152442
2026-08-17T04:26:20.116Z STAKES Stake account 7FFDiamoWBHqVVRa9LWkPALDhCHxhB5m6CKf6s3uCYmF is de-activating:  0.023757662
2026-08-17T04:26:20.116Z STAKES Stake account 7FWdFDkKPvXVPke6G7XJeF2Hy3mx6YAMdWSAg3CATVBB is de-activating:  0.132715756
2026-08-17T04:26:20.116Z STAKES Stake account 7FWzgwan35VSfkhf2P4nx7TB7VYPWfDhqB6wChaHdm6n is de-activating:  0.06012145
2026-08-17T04:26:20.116Z STAKES Stake account 7FbGryKPmkRFMjWtYCYvwJY5jzpnEMmcGcGP1ituVDoK is de-activating:  0.002282881
2026-08-17T04:26:20.116Z STAKES Stake account 7FhskRTg7Zz5AikAcgQ3Rd2dbTXK6ALdZ2aLvsLXdDV6 is de-activating:  0.005316429
2026-08-17T04:26:20.116Z STAKES Stake account 7FvYZuYNpAgBWptCM2QW3fW8ZmxjWBGTujKRuGFyBKnd is de-activating:  0.002282881
2026-08-17T04:26:20.117Z STAKES Stake account 7FzYwoMyrA2PuAJZFRJZoeTPMzzYzWctDn2wR8DLXHGV is de-activating:  0.005921981
2026-08-17T04:26:20.117Z STAKES Stake account 7G6pbcvJH1JEo3XpiZMUwzodoFMy38Z9TSTnB5C5VZdU is de-activating:  0.012594748
2026-08-17T04:26:20.117Z STAKES Stake account 7GBtRHZukt17NvbGn2tVFzoV8RZzGhCsC9kmvov9Y8PP is de-activating:  0.060492348
2026-08-17T04:26:20.117Z STAKES Stake account 7GME9YVdyr1s9Sxeb9TNUwVyQCnp4XNtLLurhEqCznrX is de-activating:  0.119509168
2026-08-17T04:26:20.117Z STAKES Stake account 7GP5odwD691cynfU3o5FvGp6fo3ZdDz98RNV9pBF2LWu is de-activating:  0.023757055
2026-08-17T04:26:20.117Z STAKES Stake account 7Gi4vdqJMrc6eafTf2LbaoMpkQYcX9G3FAzeEePrneNG is de-activating:  0.012584226
2026-08-17T04:26:20.117Z STAKES Stake account 7GkHAGxcw3WtJTkvdvPHbpDxSVJ8vE9W9Zjx39VuBcEq is de-activating:  0.119485379
2026-08-17T04:26:20.117Z STAKES Stake account 7GpuQ4iZCQcgoQK46fsnf3zwbvjjQKetL5DGEp7va74i is de-activating:  0.011636401
2026-08-17T04:26:20.117Z STAKES Stake account 7H68MX5cuYQ5bAgjy5Skz4ieRALig497MqdWMUwcqwir is de-activating:  0.002282881
2026-08-17T04:26:20.117Z STAKES Stake account 7HCyiNaWxn6Lx618BssLAayBdFcHWkejrwfbvSJpXWuZ is de-activating:  0.011657133
2026-08-17T04:26:20.117Z STAKES Stake account 7HEAJZ7wQActHVQ5p1k77UrUftjJCpGSCqKXqA2pGpGu is de-activating:  0.036739703
2026-08-17T04:26:20.117Z STAKES Stake account 7HTRkEeYW5JPmzUNbyXHe3dxkqG8Qze8VJCx2LXs6QQ6 is de-activating:  6.073245268
2026-08-17T04:26:20.117Z STAKES Stake account 7HjE91qu3Sqwy3ystgn33n2H1MRgDYB8ZDgfYsZHeDZ6 is de-activating:  0.062888577
2026-08-17T04:26:20.117Z STAKES Stake account 7HoicUAaeNL39yv4hbYtabHQU8vxon5VZN5QDNRDvviR is de-activating:  0.002282881
2026-08-17T04:26:20.117Z STAKES Stake account 7HrRDRxmJomRPAhwPD2fmkh67XUZGrhVxmH1AKk3e9bT is de-activating:  0.002888897
2026-08-17T04:26:20.117Z STAKES Stake account 7HtM1kvHPkmnU8u65tkpmNutHMV9Gmdqg9RsRtsAeEDL is de-activated:  0.003590662
2026-08-17T04:26:20.117Z STAKES Stake account 7HyTcdUUVZY2dLGDoPxJD9NnbbFzbXJx73pAc6HopPMd is de-activating:  0.016511307
2026-08-17T04:26:20.117Z STAKES Stake account 7HyVZ6yNEpfSpRcDt5CWu4kTLteAUkfvbya7TbLXGENe is de-activating:  0.002282881
2026-08-17T04:26:20.117Z STAKES Stake account 7J9azdZzcE9yy2Jk9zscCKBCqspHNJ5cvRRhdMLmPXj3 is de-activating:  0.143004369
2026-08-17T04:26:20.117Z STAKES Stake account 7JafALgj9AaKZzwX9nvhJjVFqh2cCGDoXrZubsAh5fG1 is de-activating:  0.019243556
2026-08-17T04:26:20.117Z STAKES Stake account 7Jahz2NexK7ydvA6pVQo5GuAsS4n4VoRq54BvridQivv is de-activating:  1.214728338
2026-08-17T04:26:20.117Z STAKES Stake account 7Jdjt8GS6ftQ77bUf88xk5SrYrg5p6Av8YMaWaUEKQNy is de-activating:  0.011640899
2026-08-17T04:26:20.117Z STAKES Stake account 7K9Gc5mAFFeCfPz41erCgzrugQKkGjYc96DGk5rzvZmD is de-activating:  0.060197431
2026-08-17T04:26:20.117Z STAKES Stake account 7KAcYUSSkTes6LH91if18XmLWnBkx8bNpyfbRxxEhEQ6 is de-activating:  0.133035306
2026-08-17T04:26:20.117Z STAKES Stake account 7KFgQh87KsXn9ugqiugpNZRbrJVKXemYXddSqecabZu1 is de-activated:  0.014512253
2026-08-17T04:26:20.117Z STAKES Stake account 7KaDMhVR1cnis4gPPasos2eUq1Ht5WSno1BQYdooZk7z is de-activating:  0.04591408
2026-08-17T04:26:20.118Z STAKES Stake account 7KnZ7mcsLXC2QfRe3ngvZvjper7aoa8pzRqHTqFXgiWD is de-activating:  0.011607816
2026-08-17T04:26:20.118Z STAKES Stake account 7Knf9ULw1ZUHuMVcqghpdPmMeWvxMvhLs9xrjP61m7hF is de-activating:  0.241037983
2026-08-17T04:26:20.118Z STAKES Stake account 7KpuWD7JrqxGcJAAB9gdeQnApGbTUjZ9k7S8w9zzhiW5 is de-activated:  0.002282881
2026-08-17T04:26:20.118Z STAKES Stake account 7LmYuhJZ1Vh69Uqb1HqEQSb8Ws3cy1px1Yy5H1HzHSh2 is de-activating:  0.011644492
2026-08-17T04:26:20.118Z STAKES Stake account 7Lt2rvAjBRxowUqQDkoGx8tAFAgFD5DvLvv7MvRrHCD5 is de-activating:  0.01164495
2026-08-17T04:26:20.118Z STAKES Stake account 7Lx7ApMHL5F2gCd6E3xZiKVBr1dZPtDGdQh5hS5im3Zt is de-activating:  1.198173731
2026-08-17T04:26:20.118Z STAKES Stake account 7MoMN3Gp2xguJEYAhcrHbKQdny5hqEkzCZQqBDMufwDL is de-activating:  0.003151545
2026-08-17T04:26:20.118Z STAKES Stake account 7N7XAUNXLHX46LUUoqE2QR6kH6D4HraH25y8nKMAuah7 is de-activating:  0.848578192
2026-08-17T04:26:20.118Z STAKES Stake account 7NAVNCtuvPPvgQ6n1e8nTt5Mrvhrd3TVXtPYGQahA4e2 is de-activating:  0.002282881
2026-08-17T04:26:20.118Z STAKES Stake account 7NCkCj6XGBSUMHmH6SFm93pnZgRP7ttsQTvz6rxK1RyD is de-activating:  0.002282881
2026-08-17T04:26:20.118Z STAKES Stake account 7NNaRFFAk6kwoqrQBFDJuk5SGxANL4RLAd9ggKuiCp4k is de-activating:  0.036827887
2026-08-17T04:26:20.118Z STAKES Stake account 7NS3ifPTWR3o9uLj2yP6ozSWsPZ24SFH2jKVSBYppQPW is de-activating:  0.002282881
2026-08-17T04:26:20.118Z STAKES Stake account 7NVZYYRZC6gK1jZquBUQj4xf5b5oeqWpcVQdathHB3ND is de-activating:  60.044164368
2026-08-17T04:26:20.118Z STAKES Stake account 7NfmKLiKQL9USaRBrB3d8GwnXaR7bEettctHcgE9KsXi is de-activated:  0.020596564
2026-08-17T04:26:20.118Z STAKES Stake account 7Ni7DThtLnGVXiudHnGHPgEotpDA4cz2kSqVSd4WMsQz is de-activating:  0.697276399
2026-08-17T04:26:20.118Z STAKES Stake account 7P5HkW1ZVbd5MfGybA1XPbNz37tq481DnA74TtUmfkHK is de-activating:  0.127780728
2026-08-17T04:26:20.118Z STAKES Stake account 7PJAm6Ain4jBHyyACFHT9KxaHTthJnWK9nGNK7caf61j is de-activating:  0.145732835
2026-08-17T04:26:20.118Z STAKES Stake account 7PNtRwdEtCkd6LpFtiEZS78rb6U3jhGnCiyVdP2CQZEF is de-activating:  30.415807957
2026-08-17T04:26:20.118Z STAKES Stake account 7PT6vi7YB57rZ6ct772W7Pu6G4yEm7AKCHteHRaXqUiz is de-activating:  0.011648945
2026-08-17T04:26:20.118Z STAKES Stake account 7PxqCoNqMs8ZAz2G3BdjskGihWv8AmuTEZ7aVnwfatN6 is de-activating:  0.043156323
2026-08-17T04:26:20.118Z STAKES Stake account 7QSHMwsnWJK4tCDkg2e6oEBwU52ksVw8FenhcnCbSJoi is de-activating:  0.00713313
2026-08-17T04:26:20.118Z STAKES Stake account 7Qc6Kfomd5fubiJMvF1fx6ipDf5CCSUv75eYtdENnYaV is de-activating:  0.056292751
2026-08-17T04:26:20.118Z STAKES Stake account 7QqXzgWjX1NFx97uiWCKjBhkyzDoDZ1TyRRtJeSLykw4 is de-activating:  0.003600753
2026-08-17T04:26:20.118Z STAKES Stake account 7RfE9ypWvLTPg4tULXhkoWDbbBiiedSx2mnvpNVr5qiy is de-activating:  0.002282881
2026-08-17T04:26:20.118Z STAKES Stake account 7S2bvHK5GfM5s8dJSc6LxsdgimxMvkF1bgD496Ce9JyR is de-activating:  0.035895131
2026-08-17T04:26:20.118Z STAKES Stake account 7S3vKiisffU8mS7ZypUJiU8nMWDtS5VJUydSdYLUHyko is de-activated:  1.01894321
2026-08-17T04:26:20.118Z STAKES Stake account 7SfHVJWaEcXXRafTkdY7iDPhTTco6w7X42gLSfkEddwM is de-activating:  0.007821014
2026-08-17T04:26:20.118Z STAKES Stake account 7TKhds2iVC3fUdZQD9rH2HzEY2kA2XQ8BezYo5eG4q31 is de-activated:  0.35206362
2026-08-17T04:26:20.118Z STAKES Stake account 7TRBkRYye2d3m6Q4NbTAwzvWFzHBke4KYQKcLTGkiZye is de-activating:  1.214193507
2026-08-17T04:26:20.119Z STAKES Stake account 7TcP2HfdqzFCz8TeRpNL19wrKYrq2vdLta5DCAGQV7P3 is de-activating:  0.046565226
2026-08-17T04:26:20.119Z STAKES Stake account 7UNP8r8XQSVELsv7jnPKq3tHFRXbmvN5swwecLGau5gm is de-activated:  1.080758579
2026-08-17T04:26:20.119Z STAKES Stake account 7V8ujhQZNNdfMcw1FMdyUtV9h7i3dzHiVYU28TsFqJ1j is de-activating:  603.229993295
2026-08-17T04:26:20.119Z STAKES Stake account 7VnvW7cuagWhd7jZ1QFVujfXnoBcxntV1HzSJAZhcyeH is de-activating:  1.302020008
2026-08-17T04:26:20.119Z STAKES Stake account 7Vuh5MY1zrGV2NGpAwUMPjncr49ZUZis5KTs1g7bPGww is de-activating:  0.120841124
2026-08-17T04:26:20.119Z STAKES Stake account 7WdP2fsjLgDhhWptHfhKtL8NQyTXq3xXmRLWYgY4pnrw is de-activating:  0.002282881
2026-08-17T04:26:20.119Z STAKES Stake account 7X3PT9CMEyJWGzfBUngyTR6oY8sf3huYW7GV7Gt3q7VX is de-activating:  0.002282881
2026-08-17T04:26:20.119Z STAKES Stake account 7XDfm8SWUP7kxuhHCsXEfauv4FSD5yEdvemTGAFbvVea is de-activated:  0.20070402
2026-08-17T04:26:20.119Z STAKES Stake account 7XSWAqTSPzLyM1PZGKk6tLGHFqDAZDVBYP8boFZU8Rfz is de-activating:  0.011648681
2026-08-17T04:26:20.119Z STAKES Stake account 7XsscrTsnASJquqWYezXGvUAyKFMZ8EcP6E48yAy7vyW is de-activating:  0.126293234
2026-08-17T04:26:20.119Z STAKES Stake account 7Y1M46LBaRQD23MYYnF4cvw89Lg1coiamdrgs2maGeTp is de-activating:  0.06019472
2026-08-17T04:26:20.119Z STAKES Stake account 7YMh6FL2aa49x74Av8zhhJoNvwzR7MqfmEaDXLsNtsAY is de-activating:  0.011636401
2026-08-17T04:26:20.119Z STAKES Stake account 7YfoepwRp5yMq5FK9YLkEoPvBzpa23zRVvGCTRgurd58 is de-activating:  0.242198615
2026-08-17T04:26:20.119Z STAKES Stake account 7Ytw3rrqEjfJp4ns5kFrP4CbfLiQYkPnWbv2LMfCG7P5 is de-activating:  0.309295288
2026-08-17T04:26:20.119Z STAKES Stake account 7Z6i1yhEmCktjJiUP7RxskTMbWhDE5yJoeWF1BsYLt4t is de-activated:  0.100134951
2026-08-17T04:26:20.119Z STAKES Stake account 7ZGeQxVkibP4scxbXH88KUNHsoTLqePFzAJcmP7WfhWa is de-activating:  0.002282881
2026-08-17T04:26:20.119Z STAKES Stake account 7ZKGmSB5yxqwUE433CQxxBytEcM2NCK9y9rnxMSUHvJx is de-activating:  0.125430851
2026-08-17T04:26:20.119Z STAKES Stake account 7ZrvZyVN1ktkYwsQwQwxbDd7BYUCu112tyRqiYsgJY1D is de-activated:  0.002282881
2026-08-17T04:26:20.119Z STAKES Stake account 7Zv8MtgMsDGumaRHygSRUPRXK94Y86ho6dZnHi7A1jxG is de-activated:  0.02
2026-08-17T04:26:20.119Z STAKES Stake account 7Zy8ifTcNEUQRxdm2RvBt7wjFiXkQDzH6jYCTNEjXg1r is de-activating:  0.029605813
2026-08-17T04:26:20.119Z STAKES Stake account 7aDG2qDghzpvEKhZthHEv5869RBcxoxzJQe45ZSoxEd2 is de-activating:  0.002282881
2026-08-17T04:26:20.119Z STAKES Stake account 7aDq1iiDTU3AadpKc3yFLHYeNRFU8uXYBjN4ejmsgQLp is de-activated:  1.224183473
2026-08-17T04:26:20.119Z STAKES Stake account 7ap3rjbTxtbPCTYPuM3KTUAa3zYr7jMtCHbS9vBLpGTa is de-activating:  0.120841123
2026-08-17T04:26:20.119Z STAKES Stake account 7b5iyN53qd2T2Ctn2PHRwbX6qV1AHzKVmvfNSsZ5GzgD is de-activating:  1.213673278
2026-08-17T04:26:20.119Z STAKES Stake account 7bJM55c9eWzp9BERgBxMMjzb6nxQ9aaZjsM2XjMBJzx7 is de-activating:  0.002282881
2026-08-17T04:26:20.119Z STAKES Stake account 7bUpFCM6MWUSmt5DMogJ3fKU6jhnPz1UChnVdkGKWQgp is de-activating:  0.002282881
2026-08-17T04:26:20.119Z STAKES Stake account 7cEYSjH9VhUk1jsaPSsFktBDqQWyiSgw9nnwGr4Lg79o is de-activating:  1.334542802
2026-08-17T04:26:20.119Z STAKES Stake account 7caeXazmAEMRi5cUSGWB1zTTPD3zvLnnC8YKNYGxBY3X is de-activating:  0.120841123
2026-08-17T04:26:20.119Z STAKES Stake account 7cyMzScmEu2KWyfoqTnCcEbZHaVfg7fZWHzc5mtzy4Ty is de-activated:  0.016896973
2026-08-17T04:26:20.119Z STAKES Stake account 7d3JQto6LGZXVNFSfEcMEsf7jSe7z28LWY68Q7fWxAY4 is de-activating:  0.725655119
2026-08-17T04:26:20.120Z STAKES Stake account 7dMWHVfhMxVm3qCp6uqiNLk4aSRihpXFCrUJ5SqVTMc8 is de-activating:  0.120733104
2026-08-17T04:26:20.120Z STAKES Stake account 7dUcaTbEjuxCpQ5k2PyuSigqGRNArneW1fM2fAcsxYsc is de-activating:  0.005243417
2026-08-17T04:26:20.120Z STAKES Stake account 7dxAvGJRFNvuRLVPLBKd1ECP5eFgeKzf5PTNLuUTGkQf is de-activating:  9.351139094
2026-08-17T04:26:20.120Z STAKES Stake account 7ecNM75DEtjhL5Txqgcj1oa3QWDnrh9GAJNGS6TyhWGd is de-activating:  0.002282881
2026-08-17T04:26:20.120Z STAKES Stake account 7ehSdE4iq5oZY4jSmF4QSR5t3LjshzWSAUGTxpHT3FkE is de-activating:  0.080609744
2026-08-17T04:26:20.120Z STAKES Stake account 7emT229avL6VpjbAJKUW8p4PJ3TynU8aa2d2uGb8N9dq is de-activating:  1.212044587
2026-08-17T04:26:20.120Z STAKES Stake account 7enrxPT6Lc7kifkK6oR75jv9nCKXr1iscty2E6WpkSit is de-activating:  0.120733104
2026-08-17T04:26:20.120Z STAKES Stake account 7ewgBbV28WqsAGa2Q9qhK3QVZNvPLo5F5xtKMQCHkSjQ is de-activating:  1.342231905
2026-08-17T04:26:20.120Z STAKES Stake account 7ezBb6GqZ5iSeNAqtNJPwnPokTogorTLsZsMqgBd2fTD is de-activated:  0.011226938
2026-08-17T04:26:20.120Z STAKES Stake account 7fQ6xvjQ1PSrmjSG7qLF3kFasb4H1mBmGJ8JTL4d5DUb is de-activating:  0.002282881
2026-08-17T04:26:20.120Z STAKES Stake account 7fSBSBwwWg6JTArbvGrwmzJChBY4Cs7tJ8nxZoFYutnQ is de-activated:  0.028139412
2026-08-17T04:26:20.120Z STAKES Stake account 7gNVagvP5SoiiB4cH2DK5utg3UZCwPSa7AdseApF32mY is de-activating:  0.011636401
2026-08-17T04:26:20.120Z STAKES Stake account 7gUcX3MRP4TRaHJrHkSfxkxbMV3vFupP8gGRmdZ6kJun is de-activating:  0.01164495
2026-08-17T04:26:20.120Z STAKES Stake account 7gXvcHFz6inQZSNENVQzq2YVESMty7jje86bk4A4orHW is de-activating:  0.002399329
2026-08-17T04:26:20.120Z STAKES Stake account 7gbptYs1LR24LaRpfxcrAjG15jsiYqCxyaqqevptvRQN is de-activating:  0.004101293
2026-08-17T04:26:20.120Z STAKES Stake account 7gds6cHo55cAjn477EnqbDfBnCSJSgm7PqYF2gZXV9bk is de-activating:  0.023748345
2026-08-17T04:26:20.120Z STAKES Stake account 7gxfHUHVFjCuX2MBnj9HAv42tWFyg6ewQeWcpSmuRZMY is de-activating:  0.002282881
2026-08-17T04:26:20.120Z STAKES Stake account 7hXkTefKkvWUY5Bt2XvuxHaDSVAiaZLJcAuPy83iZziu is de-activating:  0.014426082
2026-08-17T04:26:20.120Z STAKES Stake account 7hj8TqBHBwDFG39h2ABwr8SHLbW6TzsGrLiqVkjWwe4g is de-activating:  0.120841123
2026-08-17T04:26:20.120Z STAKES Stake account 7hkDxqCjNyAaMHbsf3Fq91nHRZWGV39bCZfG4mKS15QR is de-activating:  0.035833874
2026-08-17T04:26:20.120Z STAKES Stake account 7hwgJfanKGnTmgDfp3sad54ioiFgFyUjJCCGuLzCm5Cv is de-activating:  0.120953287
2026-08-17T04:26:20.120Z STAKES Stake account 7i4EfS1CcTCVFC5G8rVBQEKNc8DgUsuvQf3MwsnK9EY7 is de-activating:  2.3372418
2026-08-17T04:26:20.120Z STAKES Stake account 7i9Ef9sz1LU5iCD51uqSyeBMjCNnoWrPoMKGCjv1nweZ is de-activating:  0.028960601
2026-08-17T04:26:20.120Z STAKES Stake account 7iC9V6PLjj85qaVfRAYbn4yn7YA4FEuV9qumGyeXdQD3 is de-activating:  6.073542455
2026-08-17T04:26:20.120Z STAKES Stake account 7iGn8V6k4TfeRotUe2bEUuRSYDmJJWCwgPUrBHxCP4Sj is de-activating:  0.398676289
2026-08-17T04:26:20.120Z STAKES Stake account 7iQWeHt2woomUiSPL9o9d2rSBm9yahzanREnzBpgthSf is de-activating:  0.413315882
2026-08-17T04:26:20.120Z STAKES Stake account 7ic3AH4BnNbDniA7ng4Z9k1dQEMic5gAZoa6QyewQL1h is de-activating:  1.214819299
2026-08-17T04:26:20.120Z STAKES Stake account 7ifv1QE3TSYoS9Yrbfu9Gz6uWrS95rSGBm4oMdsWS91s is de-activating:  0.005920406
2026-08-17T04:26:20.121Z STAKES Stake account 7ikFis5U5WHxgydVeyYDTpGN4uh3YsdMXTaCYMH33e8a is de-activating:  0.060517395
2026-08-17T04:26:20.121Z STAKES Stake account 7ikdbWBxJTLcCZACc2vao6zfUXRyQCbHCp5PDerym5n5 is de-activated:  0.109320134
2026-08-17T04:26:20.121Z STAKES Stake account 7inV5ehMoiVeHdpoiGYmbHtWtnCtcXq6zFoYqNaDMCTD is de-activating:  0.376034993
2026-08-17T04:26:20.121Z STAKES Stake account 7jPBk3PwHvdF6RABVzTDsBsUwHyTipBPiNnXyFjr8oeJ is de-activated:  0.100042572
2026-08-17T04:26:20.121Z STAKES Stake account 7jQ9WRBuLaJW3h1KJeQkAuQ9KK9qBKQ6Ng19UP32QQFX is de-activating:  0.011553974
2026-08-17T04:26:20.121Z STAKES Stake account 7jppLDWfiS6BHhghjbf2W8vDAk2EPkz6QjjRfmT7PcC6 is de-activating:  57.95270407
2026-08-17T04:26:20.121Z STAKES Stake account 7k7qj7s4KTNEJFgm4oC7oPKpEtVvTg1RwQTxNTGKdJou is de-activating:  1.214061607
2026-08-17T04:26:20.121Z STAKES Stake account 7kPHoE97YTnCvirZe2i8nYp4xdF6ACe8KLkRLDCzYKx5 is de-activated:  0.002282881
2026-08-17T04:26:20.121Z STAKES Stake account 7kVeyXsRDCcKAjaLaS4eck8DGvX7xaoWSZkkfapS7Yyk is de-activating:  0.655996908
2026-08-17T04:26:20.121Z STAKES Stake account 7kZgLAqTNH6djW4iFznf13HWHNTNvYxtPM8KRWSypEE3 is de-activating:  20.851901813
2026-08-17T04:26:20.121Z STAKES Stake account 7kth2Po7zPepZkPS4FgKVXGxMaHXfH8eQ68zxEKoCzXA is de-activating:  23.962798588
2026-08-17T04:26:20.121Z STAKES Stake account 7kypgC4evtKaB8ofQovUs54xPpLL5hgs5ZtMibRXUGKm is de-activating:  0.060144969
2026-08-17T04:26:20.121Z STAKES Stake account 7m1osNCJkBER1HaYHe3Pc3jBA1ef3G3fZo174iYY7iDa is de-activating:  0.096571153
2026-08-17T04:26:20.121Z STAKES Stake account 7m5zPoqHoJoMJKL6RRxDiRrSZs4KqaffPMRFx2D7DFiT is de-activating:  0.011644248
2026-08-17T04:26:20.121Z STAKES Stake account 7mJNnpjKkEWP2wCMwzysiaJLTTSdpHzbM1PyDVWz1TLa is de-activating:  12.978263148
2026-08-17T04:26:20.121Z STAKES Stake account 7mT6LE1Gi1Xyn2JnKkMwzDZhSSSbZWRSLFhtXeAW7bYt is de-activated:  0.003900827
2026-08-17T04:26:20.121Z STAKES Stake account 7mYxXyqzR8S1yMX2VaLCk86HcSJXynFVKMWDYakhUg8G is de-activating:  0.607030956
2026-08-17T04:26:20.121Z STAKES Stake account 7mfSfhQZY5LeCK7DtwkgHCaKXNVRzUGnv5zF8xDfmDSx is de-activating:  0.002282881
2026-08-17T04:26:20.121Z STAKES Stake account 7mqFAA6t9mi4CyuQaiynEN2yHkbt34mQWZvaniqqsyXY is de-activating:  0.002282881
2026-08-17T04:26:20.121Z STAKES Stake account 7nAyK7ZCWdDLXec8jy7CiiF1f565ypz2VcmXvc6LUNBA is de-activating:  0.002282881
2026-08-17T04:26:20.121Z STAKES Stake account 7nB3pFptfC4opK2Uo7NYs6VP75usjvt27MR8LvpKKP8W is de-activated:  0.493446568
2026-08-17T04:26:20.121Z STAKES Stake account 7nTdccceHR2wJHhWr9YXTEwAbTYN9FSuGeYTPzxqrnkh is de-activating:  0.120841123
2026-08-17T04:26:20.121Z STAKES Stake account 7nxCBQy2kmQffqAH5L2VnkkAcHhr2y3jeZMfr9QmmWMn is de-activating:  0.302886966
2026-08-17T04:26:20.121Z STAKES Stake account 7oGa8J8PXSQEngmAv7vSvJwiVtTwKrpf7qnRjjbXdbi5 is de-activating:  0.120940364
2026-08-17T04:26:20.121Z STAKES Stake account 7oNkEngPYN5GUgkQZrbkvmXD7Sdf1vmThb4QwUW5GuUN is de-activating:  0.120668839
2026-08-17T04:26:20.121Z STAKES Stake account 7oedKH2JfNXbNUtuqycEXmCLx9CbqL5wXkU85VbSkNr4 is de-activating:  0.011648945
2026-08-17T04:26:20.121Z STAKES Stake account 7pB64YAdmL785usWofgFWNrGdmSTTYaS1RoHkkhVtwpn is de-activating:  0.120841124
2026-08-17T04:26:20.121Z STAKES Stake account 7pL15S6BWz2gVuNzEjybCedaakrt9b566m5BebuZqBVk is de-activating:  0.057230055
2026-08-17T04:26:20.121Z STAKES Stake account 7ptpvW2ty8PAZTmMFcBbJUS52QjDQqKfrf7dMpRvS5Yv is de-activating:  0.023651033
2026-08-17T04:26:20.122Z STAKES Stake account 7q2JJ5qY6A9sthCENTVeejxgGkDjEtyvok8A8RL9zKHq is de-activating:  0.120892017
2026-08-17T04:26:20.122Z STAKES Stake account 7qK4a3t6hGWx5a5feoRMvbwPJYu3rfXEc917mbXRx2Hf is de-activated:  0.042133317
2026-08-17T04:26:20.122Z STAKES Stake account 7qc5viLknxXb6MxYp2c8ySxv3WGvyvL9FHAXepmeZuZE is de-activating:  0.01164495
2026-08-17T04:26:20.122Z STAKES Stake account 7qkjMbZvmZxXDSWGbSyqxLnDbZjQqigsRmshgvRPuBH2 is de-activating:  0.508847912
2026-08-17T04:26:20.122Z STAKES Stake account 7qqq4iw3WThdZcBMxpuCxYmwvg2mLu8VVBvt1hezZseD is de-activating:  16.278589097
2026-08-17T04:26:20.122Z STAKES Stake account 7qyUVFGa2uAQ4GuM3k33j8pg2WtZfMndL9qUAJa3eeu7 is de-activating:  0.123725704
2026-08-17T04:26:20.122Z STAKES Stake account 7r179cDhQkmu5e4dt1fAJpp5fJJJ8ucV4Wd2b2SYJWAu is de-activating:  0.289619683
2026-08-17T04:26:20.122Z STAKES Stake account 7r1xuXJYKua4qiM1eiQizcn19gsdBJfJ7LkdwuazH4Rw is de-activating:  0.011643931
2026-08-17T04:26:20.122Z STAKES Stake account 7rb5QtHP2nffhCkwm453cfyTzHtdktCLE5neLBHiW5Ex is de-activating:  0.066524965
2026-08-17T04:26:20.122Z STAKES Stake account 7rtgHQJk6HEKWVhgjXcqwkEpyQ3yrYAfBqD7E5RMxSZh is de-activating:  24.265908685
2026-08-17T04:26:20.122Z STAKES Stake account 7s55bT9iwJcW18hmXD1Cpxb5YuVgERjvjBRLR8kqPZD8 is de-activating:  0.606414047
2026-08-17T04:26:20.122Z STAKES Stake account 7sYsu4QUNZyUYSsDaSCbZkbWfdKZCZVyUVBDWEPx3qWS is de-activating:  0.120777251
2026-08-17T04:26:20.122Z STAKES Stake account 7sniQHqogokRMkFp4f8qYjeNRjfEw8WGhT7m9hpJkqs1 is de-activating:  0.011488529
2026-08-17T04:26:20.122Z STAKES Stake account 7tSvf7SUXVuQtqBDbgR5CyGkCSWKha3sMBUXEc4dQhXe is de-activating:  1.214193506
2026-08-17T04:26:20.122Z STAKES Stake account 7thMM11KxU4BAVe5M1BtL6oGsMo6934HEq4Km26uQ7tT is de-activated:  0.003257207
2026-08-17T04:26:20.122Z STAKES Stake account 7ti4Qu6QdFA5VN2XUzMaKxpiATkTpqQDHTSDnkSyFhiy is de-activating:  0.466729018
2026-08-17T04:26:20.122Z STAKES Stake account 7uC8917xV3ZPPnR2YybWXa7zYeuj4xbrYmN9LhWqJGcZ is de-activating:  0.028355545
2026-08-17T04:26:20.122Z STAKES Stake account 7uKyHmEQoMAzS3uvAFDzHhUUzu1kGQ4xQt2BPw3ppR3u is de-activating:  1.214193509
2026-08-17T04:26:20.122Z STAKES Stake account 7uhLs6K9ziVsE7G3Cezgzk68RoNguqoP68HTm2R1ndNh is de-activating:  1.213152444
2026-08-17T04:26:20.122Z STAKES Stake account 7uofjJph2ssWA3EApfi5zsVbe1tgSYQuv3FmAj9sf41R is de-activated:  0.060308927
2026-08-17T04:26:20.122Z STAKES Stake account 7vS5SDpi6RJiPzxSSHxEvKQAeCkbcuy76uGzJghGaKht is de-activating:  3.573739984
2026-08-17T04:26:20.122Z STAKES Stake account 7va4yUbNFMtyXpZv9WY3SAHQA7j3mzBhwdWdQu7HRuxS is de-activating:  0.011640899
2026-08-17T04:26:20.122Z STAKES Stake account 7w4q198bx2auYrGDbw5asXXP8FrgRhezmjroCHyu3YY3 is de-activating:  0.060227305
2026-08-17T04:26:20.122Z STAKES Stake account 7wCUMGt4qPPfbNtRQmmzSMd5A3pu5NvA8Bpk2tpoUzRa is de-activating:  0.120892018
2026-08-17T04:26:20.122Z STAKES Stake account 7wf281pUrLrjUtv9cwJtYpwBTupfyvWtCpe1qFFbrpZr is de-activating:  0.005577372
2026-08-17T04:26:20.122Z STAKES Stake account 7wuisekpdqt1z65a28MtxpvUSMZameiP2HPh6QV3fD5v is de-activating:  0.006739464
2026-08-17T04:26:20.123Z STAKES Stake account 7x1eJ83fwSgDaEgHuH655B3wAeSQ1DvWWvMDZxscPfRz is de-activating:  0.053233285
2026-08-17T04:26:20.123Z STAKES Stake account 7xDgLYJiAqGt618UAbcigiVb1abrZGQz5v1ep5Qhu9Lc is de-activating:  0.047151286
2026-08-17T04:26:20.123Z STAKES Stake account 7xRedcPTbTeGzJCmjVovzZTva6nMEH3QWRdv9xBsr6Cd is de-activating:  0.171613338
2026-08-17T04:26:20.123Z STAKES Stake account 7y7vS4Wk2pVgqNvWuCAqx6fzBcyNLUcb2S52QwFpSSea is de-activating:  0.011636401
2026-08-17T04:26:20.123Z STAKES Stake account 7yTkjiem4AHdU8G9W4ckwzoa6JDfbdRkcZDATwgJDf9h is de-activating:  0.013105469
2026-08-17T04:26:20.123Z STAKES Stake account 7yTqzpX4aULCdutNttfNwtjqjRUcHTqptZs4vN9Yy88B is de-activating:  0.910068382
2026-08-17T04:26:20.123Z STAKES Stake account 7yx7ft5mC5Rynuc4zM53xJCBeKpjNjxLBgh7Se8ZYhmn is de-activating:  12.142388062
2026-08-17T04:26:20.123Z STAKES Stake account 7z4D2CBvZMmc1rqhgsHGzTeT53grJsCCRpWv8ucAb5ha is de-activating:  0.085352925
2026-08-17T04:26:20.123Z STAKES Stake account 7zKZ1tkhaQBY9gQT8RmkTJfCivRiaAW9wJdJ6SZ37zJ7 is de-activating:  0.246683738
2026-08-17T04:26:20.123Z STAKES Stake account 7zZCRaY2tz3HBbUkLbN6yuByffBfxiWdsDcHprj8YTx3 is de-activating:  0.643529665
2026-08-17T04:26:20.123Z STAKES Stake account 7zdBQFecniYXCp71rbgPRbvzm4b1vjM3cFypgFQmbEpo is de-activating:  0.011764392
2026-08-17T04:26:20.123Z STAKES Stake account 7zqhYVo4i3nQVVRiSTY63qkQbp2JG8ZcrT8Rap9k9hRA is de-activating:  0.606656399
2026-08-17T04:26:20.123Z STAKES Stake account 815pUMJzTXYSUFNqXqzeCjyKJRzf4sNV7vH9Tvb3LXYd is de-activating:  0.011636401
2026-08-17T04:26:20.123Z STAKES Stake account 81Dqgd4bSx84vnR6fuVK4TGHRGa7cEUsjYh78cFLrqkM is de-activating:  0.120733107
2026-08-17T04:26:20.123Z STAKES Stake account 81EdtUoDGeKg9DWx25V4t6YMtFqvWRT7YmkaQZkpuMW4 is de-activated:  0.106304838
2026-08-17T04:26:20.123Z STAKES Stake account 81Ws76SxQWwbUzGDzZA84Z1GHuCS17mUtBLFgdSePn6m is de-activating:  0.265471846
2026-08-17T04:26:20.123Z STAKES Stake account 81doEUvCUHdS3pCTZL6DvP6N6u3pgJ45hcnxkP4HxeYL is de-activating:  0.120841125
2026-08-17T04:26:20.123Z STAKES Stake account 81kGA3WF9KzUa2T3A8RaYtKVtKgPPCXabHgaokQwWkVa is de-activating:  0.01164495
2026-08-17T04:26:20.123Z STAKES Stake account 81tS2R5HJtV8QHBEBpwMmTnxB9NCdgGjcy56sxg7ZdGE is de-activating:  0.012902829
2026-08-17T04:26:20.123Z STAKES Stake account 82pPhrhFPY6qSwJVqHwNAgJbXSQypmxDPBkPrMUy3MvM is de-activating:  1.214759947
2026-08-17T04:26:20.123Z STAKES Stake account 82yz1cjx4VWHgXivLbCK8KCNUpWSpBRjhBXdumc34MBm is de-activating:  1.003445433
2026-08-17T04:26:20.123Z STAKES Stake account 832BuKQY1GmZkZAfjo3o7aDkU8P1a6tJybSAjHMh465A is de-activated:  0.00228288
2026-08-17T04:26:20.123Z STAKES Stake account 83AXeGAdMbd9o4t4BxwTeKngWLiyJZTchgqd66TCdRcb is de-activating:  0.151888954
2026-08-17T04:26:20.123Z STAKES Stake account 83EX1R6AUNRgtYWr8DxrKTossMGXucVp6SvtwqUCVwbu is de-activating:  0.303171384
2026-08-17T04:26:20.123Z STAKES Stake account 83khMTXt1dEhqT2WbKP4RzDsWQfcx343bLNBka8rTdF9 is de-activating:  0.120733106
2026-08-17T04:26:20.123Z STAKES Stake account 84CpFP4P7m7cy8x8AkP25cMWDXTjZREGjr9osNU6V1yu is de-activating:  1.212437723
2026-08-17T04:26:20.123Z STAKES Stake account 84Jp5T1qNV3tEAjY3RD7GD2NgSrfuByWc51pFCf6a8fT is de-activating:  0.003353905
2026-08-17T04:26:20.123Z STAKES Stake account 84MhNnXq6FBkBbVDFfD6mjXq5hGGrtsLRxu6ukY45GZx is de-activating:  0.363557076
2026-08-17T04:26:20.123Z STAKES Stake account 84uFVf8mHYTaRgm3rzAPHJg3nXTmyYyhRCVnFcSeZrjr is de-activating:  0.120883115
2026-08-17T04:26:20.124Z STAKES Stake account 84uwRUghxXirKyFWmDfTuKW7efAGpvY5JYFpnjtp5cQ9 is de-activating:  1.195852917
2026-08-17T04:26:20.124Z STAKES Stake account 85CxPJSL4K2qs4uYCcDBM7SYuSAuv7SYVTa1a9E9xjPr is de-activating:  0.033191511
2026-08-17T04:26:20.124Z STAKES Stake account 85cVcryY4p71nENJ2QcK674XexLKv5w1VPLy6icsAAYx is de-activating:  0.24219183
2026-08-17T04:26:20.124Z STAKES Stake account 85epwuSCMb3LUPic6dusy5ypZVy1xuDmrJTnUE4sLLXP is de-activating:  0.011634681
2026-08-17T04:26:20.124Z STAKES Stake account 85zvYRGju3ryZTrWmvdAbXMErn8A39LuN8u7FC3Bf5Wq is de-activating:  0.002282881
2026-08-17T04:26:20.124Z STAKES Stake account 86DVvToJ3dUbywE3P56LZGJpGAJUopTFdoK29jRinWYE is de-activating:  0.002282881
2026-08-17T04:26:20.124Z STAKES Stake account 86efh2uJWYsyg5mSSB73ZfGGJaxuLGfA1fmdoKGJJ8Hy is de-activated:  0.100227924
2026-08-17T04:26:20.124Z STAKES Stake account 8734odxGHn5R3zibgNVz4wEVqn89G3VaKpxCrkSXFGf3 is de-activating:  0.060197431
2026-08-17T04:26:20.124Z STAKES Stake account 87GHCemKY5aRFELuvMGYnktZkZLcYpAsqNn71YvBWQQh is de-activating:  0.094487895
2026-08-17T04:26:20.124Z STAKES Stake account 87qRMRp2CmrhAQRLFCkVuuwRbYnCWEF8YtoPXEMjp3UJ is de-activating:  0.120949931
2026-08-17T04:26:20.124Z STAKES Stake account 87y2qwv1XyRtYKGuxudBY7NmNdyLtCNJntLMb2pRGwnY is de-activating:  0.437775653
2026-08-17T04:26:20.124Z STAKES Stake account 886HyHpD2v34sDJWHe5qNJ1VbKWExu99VK6Uhhf3UXaZ is de-activating:  0.005581795
2026-08-17T04:26:20.124Z STAKES Stake account 88791FEdcZCqBYXBBAXnbiDMeicSay9RtVNndvjDbdNk is de-activating:  0.011636401
2026-08-17T04:26:20.124Z STAKES Stake account 88ZtMNnNxcZRxMCwDv4ENFfrAPTKHbJWHhmAzmzV8fA7 is de-activating:  0.697784097
2026-08-17T04:26:20.124Z STAKES Stake account 88tLDsn4G2QciUuh8tU7f6aWWtoJR92S6fWWmWcJFoVr is de-activated:  0.011160899
2026-08-17T04:26:20.124Z STAKES Stake account 88vHgB5P7t7LmE3pcgGJ5Y6cD3NMqes3cc8xXTiNvbU2 is de-activating:  0.229893684
2026-08-17T04:26:20.124Z STAKES Stake account 891bPsgNUYG7URNF1i2YjX6tabxZTsXq5Dr1Y4NvAsfe is de-activating:  0.164726895
2026-08-17T04:26:20.124Z STAKES Stake account 89FQdDcH5BeMLCp2Zss6wAuLm6gYbJ33mPMFJhCWYiXh is de-activating:  0.011653326
2026-08-17T04:26:20.124Z STAKES Stake account 89QniNcZntRbFV9dMRZQsoekvCkK7Fh5roM7MjGofhBt is de-activating:  0.946637536
2026-08-17T04:26:20.124Z STAKES Stake account 89aQ7nqa2q1eBVqnMKkXMww1gQNUEATp4KkaofwRgdDp is de-activating:  0.063413523
2026-08-17T04:26:20.124Z STAKES Stake account 89v3fADud34DgtBDsoiL9XWnSVUiEJxVQ3HZopkiLp3V is de-activating:  0.116730935
2026-08-17T04:26:20.124Z STAKES Stake account 8ABy7wCD5qQXFXAJ7vAnsXZrBTLtsR7WLvHKycZvNcR6 is de-activating:  0.002282881
2026-08-17T04:26:20.124Z STAKES Stake account 8AwPbAQaMkDY1KNXnnqpKRFUCrEmCi7Y65L7iFcZR6iC is de-activated:  1.003112065
2026-08-17T04:26:20.124Z STAKES Stake account 8Bj39M3WtcxAsDTp5iwZVpovRShuwmNk39sufftjAzji is de-activated:  1.084487832
2026-08-17T04:26:20.124Z STAKES Stake account 8BzmmSPQFFsp7M4B7tAoHsoukg3A348edwRwN94vT5yt is de-activating:  0.011643931
2026-08-17T04:26:20.124Z STAKES Stake account 8CRnqMNgmBezg4nR1jrSTWzQsNEm4JJRXdwMT2NfUdfa is de-activating:  0.478661875
2026-08-17T04:26:20.124Z STAKES Stake account 8CbDKMgtiAyVszhcESBVLGh8wzCEUBTDtMe2TgAh6h9x is de-activated:  0.100133244
2026-08-17T04:26:20.124Z STAKES Stake account 8CwrH7W2vJvoMusqo5amxtQWUaG9ZGhxdAPeagJysyFm is de-activating:  0.176256864
2026-08-17T04:26:20.124Z STAKES Stake account 8D8bdTX2zjjrSpyyJEGCaUyzQkXCUGGFZBUhGS95pdmj is de-activating:  0.060174192
2026-08-17T04:26:20.125Z STAKES Stake account 8DR9Ry42k5iATK4aQURgbMHYLVhfBkbypU6Aqia8gsLT is de-activating:  0.015279044
2026-08-17T04:26:20.125Z STAKES Stake account 8DUBdFakUf43NJkb23WrF3CJXGMHYnDtX9K9Fz2jwDPc is de-activating:  18.238884637
2026-08-17T04:26:20.125Z STAKES Stake account 8DVTMkxz6Vj7HAAvpwkaAKFZLFP2jYYzftKQZq6E21cN is de-activating:  0.242425582
2026-08-17T04:26:20.125Z STAKES Stake account 8DbKovwNjf8MNMEizBH7upGS2VWnZECYVMc914Aa5eLV is de-activating:  0.063001267
2026-08-17T04:26:20.125Z STAKES Stake account 8Dxnpo51wQQbxbwt4Tc7QCrob6U7ajsZpZxSbJo34aJK is de-activating:  0.011640899
2026-08-17T04:26:20.125Z STAKES Stake account 8ECKriB6Ghr9Wyg6Q4ZLqmQEcA6iRASonECRVtK34UGB is de-activating:  1.213152442
2026-08-17T04:26:20.125Z STAKES Stake account 8EEZDKYFuA1ndJA81mJVw2yQkEHrT4Ts5bdDyeyJXeun is de-activating:  0.606718843
2026-08-17T04:26:20.125Z STAKES Stake account 8ET65dCmk2xBHe4Cw4oRK77PdmosTwSFoiZPyKEvqznc is de-activating:  0.060121451
2026-08-17T04:26:20.125Z STAKES Stake account 8EmyhUsa1aVvba2Gp6s9KxnGhvXuWkpvAgELndv5DtXk is de-activating:  1.517254875
2026-08-17T04:26:20.125Z STAKES Stake account 8Ezar4vVas9CbwqsKrjdxXavyj7xJiEayaSjxET9kM1e is de-activating:  0.036326262
2026-08-17T04:26:20.125Z STAKES Stake account 8FZPJsUvUysZgXBc63jzutWoM4Nrp5mtAM4FN27yqxL5 is de-activating:  6.073542454
2026-08-17T04:26:20.125Z STAKES Stake account 8GPoGeAYgvk7kHm7ppHGN2oZJE18Qks1wuceecSMnAzz is de-activated:  0.016280216
2026-08-17T04:26:20.125Z STAKES Stake account 8HPgeSNz93SPbbpmaudanqJY5S4fpkH7EAR35cSwLsM4 is de-activating:  0.012594748
2026-08-17T04:26:20.125Z STAKES Stake account 8HrWbSU7FF1RSHGs3JAGZfdGTuowZXskKLwPnvuTGNuy is de-activating:  0.060222634
2026-08-17T04:26:20.125Z STAKES Stake account 8HsyXbeRUfFVeRLkAyFiyT7eRG53tsAuKRqH435R2tNE is de-activating:  0.002282881
2026-08-17T04:26:20.125Z STAKES Stake account 8JSLj6fhsuNLiHitPKLKsdAcMors1RCxrn3PFmUL7cap is de-activated:  1.189875187
2026-08-17T04:26:20.125Z STAKES Stake account 8JggPmDLrTeF2SaHuZA9YgCjGUJ84c64syBMeNDiPQds is de-activating:  0.120892018
2026-08-17T04:26:20.125Z STAKES Stake account 8JpbSyk6tnkUeC281N5vshodWV5tAM2ACJuQYekeBTsi is de-activating:  0.120781261
2026-08-17T04:26:20.125Z STAKES Stake account 8JuBmrN6itLaTUu6ZThs1EfG4ikHhLMXRk6P14nUhowm is de-activated:  0.010439003
2026-08-17T04:26:20.125Z STAKES Stake account 8KJb27SHS2ALdR6YwU5RZ89gXZMSRCGoQmTpBLiJVUAt is de-activating:  1.822527944
2026-08-17T04:26:20.125Z STAKES Stake account 8Kd1JJt28kaucd2ZQDkhNf2YgrcNfdBi43FMEoNgzND7 is de-activating:  0.002282881
2026-08-17T04:26:20.125Z STAKES Stake account 8KgdgNNkeJmyVtPTSz4QT57Vxf1ikkFmXnjsoFDGeVc3 is de-activating:  0.011640635
2026-08-17T04:26:20.125Z STAKES Stake account 8KpFcetRtK9kmTaGk6HJoHdeMEZ1aqA9dYFMMagNwYXu is de-activating:  0.12083777
2026-08-17T04:26:20.125Z STAKES Stake account 8L3uzprUFjWf6UjjtzSS3NJiQ1XTsPFRcgQFzMcUQdVN is de-activating:  0.120733104
2026-08-17T04:26:20.125Z STAKES Stake account 8LGiFvn3zF5NTV54i19pDaF9CAHRTKYuEq9NsXHGLEcR is de-activating:  0.002282881
2026-08-17T04:26:20.125Z STAKES Stake account 8LZmruoyjrwsVmAwiYn7r878Q6BGexk7mjqJiJZQ4Dru is de-activating:  0.147923474
2026-08-17T04:26:20.125Z STAKES Stake account 8MCHyG16cQw6ruwuix2THxtEZEUSk2DzrybTtVGrVp8a is de-activating:  0.043171363
2026-08-17T04:26:20.126Z STAKES Stake account 8Mpf5HEr8ADsrkRSwiQ7XXAMUkJ7KNs6owys22Qx9nha is de-activating:  0.018611441
2026-08-17T04:26:20.126Z STAKES Stake account 8N6fz3qrDGnLpL3Y2JXgycQtN74ctmiEYXHJH9r4M9Ba is de-activating:  11.714509419
2026-08-17T04:26:20.126Z STAKES Stake account 8NYK9tyAJyUB9MNLJyBn1mmgmRX96X72ciCjt18aTZSu is de-activating:  0.607030957
2026-08-17T04:26:20.126Z STAKES Stake account 8NcFeJCPJB1kND38pKApRKpVXkgQvsX2TEAp6ck5XFZo is de-activating:  1.215230913
2026-08-17T04:26:20.126Z STAKES Stake account 8P9WiDkXcUQSUbEKoboMutgRVGCK4LkJPJY7Jkwxc67f is de-activating:  0.015151592
2026-08-17T04:26:20.126Z STAKES Stake account 8PApThyZd7kuRzaH6v6auAzqB38tZVCT1wvvvYtC8u8V is de-activated:  0.010575052
2026-08-17T04:26:20.126Z STAKES Stake account 8PGEDSdxL2BRPRbT6BauZuAqC3E4VFsimHRYUg5h5MfA is de-activating:  0.002303214
2026-08-17T04:26:20.126Z STAKES Stake account 8PeWVDyeEWU3DBZ6bbWpsg33sm3QhfAwh1nF6y3DKSCX is de-activating:  0.123713152
2026-08-17T04:26:20.126Z STAKES Stake account 8PtAdocKduMfgJoPYVC7PhnZ9NM7t7bNVMTYqC2bdkDC is de-activated:  6.652945933
2026-08-17T04:26:20.126Z STAKES Stake account 8PwNCWMbsQKUQnBH8SjwXDMDSrom22ShpRMmcWAha7X3 is de-activated:  0.113403374
2026-08-17T04:26:20.126Z STAKES Stake account 8Q6xJ1hJemH8HfjbUgXz5Q9tCfv16nVvdghkJCfLWJWD is de-activating:  0.114992006
2026-08-17T04:26:20.126Z STAKES Stake account 8Q7BiNQN5WELugYc37dCJEG5UdScReFYSLWsZjqfTedG is de-activated:  0.010177118
2026-08-17T04:26:20.126Z STAKES Stake account 8QeSmmzZEr8isveKnxe3NZ7R4a6y1ZHLgRKMKYEVzGso is de-activating:  0.607030956
2026-08-17T04:26:20.126Z STAKES Stake account 8Qn7ye75gh58JcuZwzTQQhq2uPo9KdPgziMk9VfUoQnK is de-activating:  0.01161195
2026-08-17T04:26:20.126Z STAKES Stake account 8RXGmgp2qZGyw3jxBavC1SgsdNFVmMwtU6UmJEFMjpDm is de-activating:  0.002282881
2026-08-17T04:26:20.126Z STAKES Stake account 8RaUxUoKF7ZdN4icFqA7rnx3PC2j86Uw4XasLrhZVKWh is de-activating:  0.007139145
2026-08-17T04:26:20.126Z STAKES Stake account 8Rv798YkeNtbN7NYQwP1jvGDWgwMwt4kW1MeC8dpUv7X is de-activating:  0.002282881
2026-08-17T04:26:20.126Z STAKES Stake account 8SBGA5iseJ44CmfrEzBk8oBUHFTKEYeHpZwKRbTmJoDy is de-activating:  0.120786805
2026-08-17T04:26:20.126Z STAKES Stake account 8SQ143UhNK6apmrTMxakbDsufNECABoET7FnF85Xuw5x is de-activating:  11.886303079
2026-08-17T04:26:20.126Z STAKES Stake account 8SdBP3hoZwvVGAUsrbSwvQ7XG7tVaYn3NQV1quTxGZyz is de-activating:  0.002282881
2026-08-17T04:26:20.126Z STAKES Stake account 8TFa4y3qqNEUNR2FiDCsKDDyoNWektQ5QZxMj2YMY6x9 is de-activating:  1.252268
2026-08-17T04:26:20.126Z STAKES Stake account 8THozvA4RgiqGpBGu7TWzMQgm6ugzEym54CSM95mLjze is de-activating:  0.002282881
2026-08-17T04:26:20.126Z STAKES Stake account 8TNknvBRoHpR22CbaZXavYtGvWG4WWGskRXTe4f1mq6T is de-activating:  0.141294478
2026-08-17T04:26:20.126Z STAKES Stake account 8TdohxVET53Tt6rbRJZsodg5Ai77rswqoC2DCZp2vbJR is de-activated:  0.052392363
2026-08-17T04:26:20.126Z STAKES Stake account 8Tv5oTN1fqg2acKkxNaumPbELrNnn9RnDNQJc48YrAD5 is de-activating:  0.055790909
2026-08-17T04:26:20.127Z STAKES Stake account 8U3m7unP8mZ2Cm7StvJMKXjWPytRkmRN9QFXCZYwzvz1 is de-activating:  0.01164495
2026-08-17T04:26:20.127Z STAKES Stake account 8UmgwgyC1SzfPoJBuAiPKLBYd1zPQeY22tT5SphVP82s is de-activating:  0.119257716
2026-08-17T04:26:20.127Z STAKES Stake account 8Ux7nn57KQQFnxUMt2bq3QMF155Q4ALKhVjxL26dfg4v is de-activating:  0.003151958
2026-08-17T04:26:20.127Z STAKES Stake account 8VDXhhGtuTMPuLZpjqXY4PG5EAiPo15Ua8vqKyby56Pe is de-activated:  0.059929682
2026-08-17T04:26:20.127Z STAKES Stake account 8VMnGmNKabJv1pvJJd6X1nNAFb4jMQ34EuNq2LJasCPN is de-activating:  0.011644686
2026-08-17T04:26:20.127Z STAKES Stake account 8VgPdo3PY6zTNdcQ6HCbxuJnKHarqBR65cjmLX2mB1nv is de-activated:  1.114224703
2026-08-17T04:26:20.127Z STAKES Stake account 8VpP8EqxKJksu5onH5WZdjTx5dTpwVLppmzegScGmryV is de-activating:  0.011488529
2026-08-17T04:26:20.127Z STAKES Stake account 8Vs65J4DKN71cBUeFXEfD6JeUNHMBDi8ZLiJ39W8hLiZ is de-activating:  0.059310928
2026-08-17T04:26:20.127Z STAKES Stake account 8Vxknnc5hakWrPhyrxbw4AMwNfDPAnpQB9W6dship6iK is de-activating:  1.336376747
2026-08-17T04:26:20.127Z STAKES Stake account 8WPfz3bSECUFF6dPkbhMA1CgMxvytDa4PoDL39h776c8 is de-activating:  0.002282881
2026-08-17T04:26:20.127Z STAKES Stake account 8WTVYTSnxXzqsj7AnBiaYauUyGEkrqtgQa4SvUmaKf37 is de-activating:  0.120841124
2026-08-17T04:26:20.127Z STAKES Stake account 8WYT1mhEBqf4kVrLteEsoEkSJByCLS7YrzDCqVhNQKpw is de-activating:  2.485442615
2026-08-17T04:26:20.127Z STAKES Stake account 8WjR7UFV5tXNQ7BgwgGRnYtZ9xbLd7z44RiApQcj5Bt7 is de-activating:  0.141880783
2026-08-17T04:26:20.127Z STAKES Stake account 8Xs6T5nawRfX9Md5BRYUVnhcLrPe1T8mXQxenia3Y1GV is de-activating:  0.008957934
2026-08-17T04:26:20.127Z STAKES Stake account 8YDcg1zvZNbzcrjLmZje6Jove9FhUWkcaE1f3wmyT36P is de-activating:  0.163514623
2026-08-17T04:26:20.127Z STAKES Stake account 8YFrsk7omc5nPPaBqAuGkaXgDCwW9TeBBW8X7LGPfiac is de-activating:  0.078809635
2026-08-17T04:26:20.127Z STAKES Stake account 8YGkWArFZRhWBS4T4pnUgrtqdSrLt33n9nnqBhkua3L7 is de-activating:  0.003493916
2026-08-17T04:26:20.127Z STAKES Stake account 8YiStiS5FLGAki3aUpqTdygmfSgX27ZiUVjMXPhF9thg is de-activating:  1.212437722
2026-08-17T04:26:20.127Z STAKES Stake account 8Z1nhfEiGMSHJSiFia7g25dzpidEXEcWbRCrq9smhHJx is de-activating:  0.060222633
2026-08-17T04:26:20.127Z STAKES Stake account 8ZDLkifwPLSWddWPWubeXR22LmiyveodQxdnG3ToCiQY is de-activating:  0.120672844
2026-08-17T04:26:20.127Z STAKES Stake account 8ZDh6JKCTFWvgRN5Av3SWh52G8n2RA8yWS6cxMJnFkpj is de-activating:  0.165481742
2026-08-17T04:26:20.127Z STAKES Stake account 8a39t7erYdMNmdYbhRkJXZYHBYS6K9F3tA7r8Ex8y1jE is de-activating:  0.609496215
2026-08-17T04:26:20.127Z STAKES Stake account 8a6NLDELzsLyrAh1CgEemqRFvhmKTXbuVEAy3vtLqGb4 is de-activated:  1
2026-08-17T04:26:20.127Z STAKES Stake account 8a6Wbo5KCFjZcA2d4jAyTbSBVqLCf9Y8zETUSgejYfUr is de-activating:  1.214193507
2026-08-17T04:26:20.127Z STAKES Stake account 8aCopgceUM1SP7APwuZkNveZ7jksifJmF3YGXcmf6eQw is de-activating:  0.011636401
2026-08-17T04:26:20.127Z STAKES Stake account 8bAJacX3CJppXn4tbbNZamRiVGNSjxCKVQptvfnE64Ju is de-activating:  6.036357807
2026-08-17T04:26:20.127Z STAKES Stake account 8baUK5Lup7VWK1oREb9Lg1aJid5do55nsYtAuTqrTboq is de-activating:  0.138841046
2026-08-17T04:26:20.127Z STAKES Stake account 8bi3SqELNy2iWnVwqx6YH2heCtriyzpScGi6MNJfbhH6 is de-activating:  0.005575781
2026-08-17T04:26:20.128Z STAKES Stake account 8c1wTaX1dWYQBGtHDyz4kDrhCRgR21PgNabh8bdcBywa is de-activating:  0.025343591
2026-08-17T04:26:20.128Z STAKES Stake account 8cR5H5EShxQEXosQPA77txtZkGmDqHwmL213aeaSrJ69 is de-activating:  0.011583229
2026-08-17T04:26:20.128Z STAKES Stake account 8crb7VA3ry4frdF5NZnLKmjUFeKphwa2naGDGmM2Z7S1 is de-activating:  1.213673277
2026-08-17T04:26:20.128Z STAKES Stake account 8eY1zTmE4u8HkVktDQeZQhNBFu8ZJkc6G3J7sQbyqw17 is de-activated:  0.103384192
2026-08-17T04:26:20.128Z STAKES Stake account 8f1y5ENH5DemnmF4rsWFkXnt1nwwYxYminVzQ5ssmerp is de-activated:  0.050085643
2026-08-17T04:26:20.128Z STAKES Stake account 8f4zmpCVcgp6MiQde2PQ64BvrPYy4J1E53AgRpVJkFGd is de-activating:  0.120953286
2026-08-17T04:26:20.128Z STAKES Stake account 8fRmZFD6P9kDzaUe6m3FNAEooAqt5mZCqBjpNu35hu9h is de-activating:  0.123725706
2026-08-17T04:26:20.128Z STAKES Stake account 8gCvxmKjRooUjbdDB8mqYygbXuatzMcT4PrG1DtqacaN is de-activated:  0.004885063
2026-08-17T04:26:20.128Z STAKES Stake account 8gPUGuTY8Fmuno3xMJwGUYWZq3Gr7NQNGP9v46Nsr456 is de-activating:  0.012754578
2026-08-17T04:26:20.128Z STAKES Stake account 8gUHyNHsYkbTxuZLQmogSMhPptEumufppDGzbTE6aiLy is de-activating:  0.095613359
2026-08-17T04:26:20.128Z STAKES Stake account 8gvZbwFcY9YAaStqbtJ9oCbGSC6FMEC2WXi68EiSgKPg is de-activating:  2.187767447
2026-08-17T04:26:20.128Z STAKES Stake account 8i68dqUVgUh9SzEVaCnjmQDuSnxcADtspsnbit5uHKid is de-activating:  0.027745705
2026-08-17T04:26:20.128Z STAKES Stake account 8iQ2HDY5rScvgNE68DhtGP3AzL8PxMu58rPLYKi5g97a is de-activated:  0.003891514
2026-08-17T04:26:20.128Z STAKES Stake account 8iVjEQNBG4tvtTr1EpBfZk7gATZJb7AGhZRwmHv64dHD is de-activating:  0.606459387
2026-08-17T04:26:20.128Z STAKES Stake account 8iZu4keadbks6LCFheEiL8b5ZoQdAML1MTHCaUNBvVwD is de-activating:  0.011648487
2026-08-17T04:26:20.128Z STAKES Stake account 8iwvt1Xavx4vWH6Fx6NYrJ3W8FfTGnSXjcjgFnwDrbTQ is de-activating:  0.170399174
2026-08-17T04:26:20.128Z STAKES Stake account 8jDxAPJzHHYzi5dtuKbaoZa5sPNzJgSMfyhEbqkbrHvv is de-activating:  3.284627655
2026-08-17T04:26:20.128Z STAKES Stake account 8jE3cG9S6G66uVQ8njYMN82axqHwdBhNYpsVpdYVWrNF is de-activating:  0.005578769
2026-08-17T04:26:20.128Z STAKES Stake account 8jKx4QrUeXr2wNV3e66N3NNWS5YUev89uj5h2BHpBoZo is de-activating:  0.002282881
2026-08-17T04:26:20.128Z STAKES Stake account 8jMLfLf5jZkmadkpdpWMAwYybbnDJabdHUNoJi5phyQ9 is de-activating:  0.048055253
2026-08-17T04:26:20.128Z STAKES Stake account 8jsAumxcFJTgj77zZyk1kWsvpZFfcQ6nf5Hy1tSCykAw is de-activated:  0.119551799
2026-08-17T04:26:20.128Z STAKES Stake account 8k1YiM4TzgxpPZsowvgSTv74Ws7cShYaNP5VYaquaYMd is de-activating:  1.287758398
2026-08-17T04:26:20.128Z STAKES Stake account 8kN3KwkSQSioTR37DMAVqjhjVCX3yfSKAr576iBjwhEE is de-activating:  0.060172556
2026-08-17T04:26:20.128Z STAKES Stake account 8kQWVoqZmxbGJ6joFUx4Jn425m4kKahp1L3mupzuhAzR is de-activating:  0.006720076
2026-08-17T04:26:20.128Z STAKES Stake account 8kzFCfBsnSQVRUJo2JFBCBaesopGxUMwqckZTZd9q4sD is de-activating:  0.120790159
2026-08-17T04:26:20.128Z STAKES Stake account 8mFDFVe54EH7fpPGsp2wyoWo6rxLgsYuPphtjkd521AA is de-activating:  0.073832174
2026-08-17T04:26:20.128Z STAKES Stake account 8mYTm5KbRueCVky9L1SzCvSvR2t7N9FWKSfyNQbSrjFr is de-activating:  0.002888337
2026-08-17T04:26:20.129Z STAKES Stake account 8n2apujdbHdLGuDBovHPzzuV4GsYx9NcyrUdEJxP6hKL is de-activating:  1187.591690571
2026-08-17T04:26:20.129Z STAKES Stake account 8n9k8qite59inz5zcQAdjaPDSDoTazYanR5qtSEqs5o2 is de-activating:  0.002282881
2026-08-17T04:26:20.129Z STAKES Stake account 8nPjq3SyqtQcmAgAuuLxA5cCtHrUXVN1Z6hY5YoNmxuL is de-activating:  0.060174194
2026-08-17T04:26:20.129Z STAKES Stake account 8nRoBNUQiVjo8VyJHSoCiTc2xv1gbsLAxrh477z5fBVv is de-activated:  1.193447444
2026-08-17T04:26:20.129Z STAKES Stake account 8nfaSMBP6L25qF1oYEZymH9VyqiQgwxy8ryeh7cAQGpv is de-activated:  0.101094449
2026-08-17T04:26:20.129Z STAKES Stake account 8oA8PEqhsD5J6epQ8NEKdWoyMm7E1Nq7VvGkiKoQbFhh is de-activating:  0.008721728
2026-08-17T04:26:20.129Z STAKES Stake account 8oAL8PzctJQLRCtV4imgnzxa1saE4DAPAn7Z6ujE1tTX is de-activating:  0.120953286
2026-08-17T04:26:20.129Z STAKES Stake account 8oE6KKBtyMHfYAio8eijsQc4ufjDdrCPqwgTkfuZWXCV is de-activating:  0.002282881
2026-08-17T04:26:20.129Z STAKES Stake account 8oGwu3WqYzUh2uNHLzdgLDdQj8dScg7srinuHeASam86 is de-activating:  0.002282881
2026-08-17T04:26:20.129Z STAKES Stake account 8oPHcPPCVMCbTRimbUzpCcgqV4ZgXcwCz6PZehz1Cg95 is de-activated:  0.110677404
2026-08-17T04:26:20.129Z STAKES Stake account 8oj9fr8HzTQXZ2Umn8rDbikgkkPdzdeWEnyBc2inCCsK is de-activating:  0.679984479
2026-08-17T04:26:20.129Z STAKES Stake account 8p9exFko5itZw9PH4Ygy5TzLJ6fe7SWoj1uPgrZ6NC5k is de-activating:  0.002282881
2026-08-17T04:26:20.129Z STAKES Stake account 8pPMuoYUF9w3EGmv8gHEs1ohwcLNacnrTUuaVTvdn9RG is de-activating:  0.122397619
2026-08-17T04:26:20.129Z STAKES Stake account 8pSA86921hv95qM7SCaMkhafwrRFn6jYMGCQCyAccCrk is de-activating:  0.01163988
2026-08-17T04:26:20.129Z STAKES Stake account 8pstRMhaQ7zhbM18gdMuNyMTpjGXD7gbd7UrND1s24ec is de-activating:  0.002282881
2026-08-17T04:26:20.129Z STAKES Stake account 8pyAiqehao7Qt13K2X392mGDwVoJLC1uHp8aHA1cFv9h is de-activating:  0.120892017
2026-08-17T04:26:20.129Z STAKES Stake account 8q2RXSWhrHjWoHspjHQBKNd82drnrkdm5Juu7JseJX9h is de-activating:  0.011983695
2026-08-17T04:26:20.129Z STAKES Stake account 8q5edgqhcDtqvm5xDKfkMCkr76vapsnDhP8myGxWtTfC is de-activating:  10.260232132
2026-08-17T04:26:20.129Z STAKES Stake account 8qVrBpXWq5BGHjAKiSV9nKGSeKrTeDeYxp4HnEPbAiwC is de-activating:  0.002282881
2026-08-17T04:26:20.129Z STAKES Stake account 8r28L9AsW1JutHRU8CH6WwcBNMnHZWzjvRwAqwqF5k8j is de-activating:  0.120953287
2026-08-17T04:26:20.129Z STAKES Stake account 8rXpUDzTCcin6uVumUTE9tGrtwGsZK3QR2C9VjD7Hmvd is de-activating:  0.002282881
2026-08-17T04:26:20.129Z STAKES Stake account 8redoqbk1ZN7AWXMCf53Mxx9x1o9bb64Ua8fv2LzVohm is de-activating:  0.120733104
2026-08-17T04:26:20.129Z STAKES Stake account 8sD6iJNT3ahkMY2RxY8sRaotMxYwXkujeNGJvU5fwMiM is de-activating:  0.082555911
2026-08-17T04:26:20.129Z STAKES Stake account 8spqzwUbbUuuWTjWFtG9JD72AttXDr2tvhoR8j724gVF is de-activating:  0.005578608
2026-08-17T04:26:20.129Z STAKES Stake account 8tHJB3SjQLeJZPdL7poYTuN86QmY2uZghM57Q6H83wod is de-activating:  0.002282881
2026-08-17T04:26:20.129Z STAKES Stake account 8tmDefwJrcLYKphCf1cPccM3WjgKPXL1LYY93y5Te6v8 is de-activating:  0.028618114
2026-08-17T04:26:20.129Z STAKES Stake account 8uDGnUVtFEpsbT2e9w3csvSj9uvzrrHMkJJJqRdmyBey is de-activating:  0.509527665
2026-08-17T04:26:20.129Z STAKES Stake account 8uJGKWzpJ5zEpKVAVj97EyipoFPWyMXVz1wmsEs8aY9d is de-activating:  3.638904506
2026-08-17T04:26:20.130Z STAKES Stake account 8uM3soxxoApY2RPY2hC7rwdmwHY2WPQ6opTpHFGDojeS is de-activating:  0.002282881
2026-08-17T04:26:20.130Z STAKES Stake account 8ubbf74SP6i7ujc36Fzq17ZzB8qW2qj1bovzgW2oc4Px is de-activating:  0.120733105
2026-08-17T04:26:20.130Z STAKES Stake account 8urBTSFCHDxAxgDk5HXXtD9jXsijHQngnhmGiSrJhUsV is de-activating:  0.023757055
2026-08-17T04:26:20.130Z STAKES Stake account 8utvuhUXidjGK9X2dfHbZEgVdS4qKtHJ4qfJuVjeCeXK is de-activating:  0.011648945
2026-08-17T04:26:20.130Z STAKES Stake account 8uvaMQKKWknEBw14w9ZnmBjvZHne1AYBw94GiFzhuREJ is de-activating:  0.002282881
2026-08-17T04:26:20.130Z STAKES Stake account 8v5d2cm6x39FjBCLJ7xFmKSYtRyJW56vC7qGR9L5cxnu is de-activating:  0.002282881
2026-08-17T04:26:20.130Z STAKES Stake account 8v7eCabQ2kG5uou3BzCH6Di9sfvK6NujEfZjXumkdnjg is de-activating:  0.036252778
2026-08-17T04:26:20.130Z STAKES Stake account 8vFkQhNrJWmPAeagp4zXuX6qmKfEWK8CwRjqcjFtcSZ7 is de-activated:  1.05142868
2026-08-17T04:26:20.130Z STAKES Stake account 8vSWz3KTxeR4FH1rNU8iBQ3VJFsrnBBmvdp6hiHo47Ey is de-activating:  0.124867611
2026-08-17T04:26:20.130Z STAKES Stake account 8vaZnnxXtX2iNt2xZ8zbe6dzxr7aK4qra78aqWhvkMmS is de-activating:  0.008542245
2026-08-17T04:26:20.130Z STAKES Stake account 8vnKskAe444Y2LPxg1mpeTSNyyegBagjCw6s3ZJdFDyN is de-activating:  0.01598172
2026-08-17T04:26:20.130Z STAKES Stake account 8wNJ25fJT9EfFkbUqNJmoyw42EEjZwD7UCGzW3tVnzxB is de-activating:  0.002282881
2026-08-17T04:26:20.130Z STAKES Stake account 8wdEXdWzPVSunuLFJU1E9JXp26oBqf3pUAcQ4RFrsNKj is de-activating:  0.018039918
2026-08-17T04:26:20.130Z STAKES Stake account 8wkTQgHsyPRZxq767wtEjShv1zRNK24LJUsr7QFncM6z is de-activating:  0.039285845
2026-08-17T04:26:20.130Z STAKES Stake account 8wrnYD72ZLQRLqZTwZVJk9uKbkR9XGNwYQPgPNVX44SC is de-activated:  0.015017338
2026-08-17T04:26:20.130Z STAKES Stake account 8xpfo9HRw1QmpfacT3Xs9A3p7Nh3bBC2naYyBox8MBEq is de-activating:  1.774465142
2026-08-17T04:26:20.130Z STAKES Stake account 8xsvXFretAAxzAxDQ9Sjiz6KQAduAqXQKXCCyGE4zFFL is de-activating:  0.201931782
2026-08-17T04:26:20.130Z STAKES Stake account 8y8UxduxmhfFAPqLgES2GGm8h6Dk7idTgFo8WAP2Ueri is de-activating:  0.120837771
2026-08-17T04:26:20.130Z STAKES Stake account 8yEEMRru1J5ibNVRjUrCpVwxEyzJp54jhXTnwBLqrYTp is de-activating:  0.039738779
2026-08-17T04:26:20.130Z STAKES Stake account 8yUUERBSDYsmc5VibU4d7G8oCGevV9rEVV1cpHUwBauz is de-activating:  0.120841123
2026-08-17T04:26:20.130Z STAKES Stake account 8yj1W7JNHsg88Znz4wBYnkuPM57zZNxb9fvXh9yEHHyo is de-activating:  0.111023962
2026-08-17T04:26:20.130Z STAKES Stake account 8ymyBPSE5TSb3L4yDGcWqW5SGMLfQXvAYgx9dxTpbGTB is de-activating:  0.002282881
2026-08-17T04:26:20.130Z STAKES Stake account 8ypcq8cGSBK63qQqEvkMSe3jcSDMws49X2nqzqAAQEuo is de-activating:  0.120790157
2026-08-17T04:26:20.130Z STAKES Stake account 8ytr6wEGCoGFj1B1qz6pBPyKcDLSFvuapXGGP26p5Pc2 is de-activating:  0.002282881
2026-08-17T04:26:20.130Z STAKES Stake account 8z8iKXVgzPFC1BeWYJkFTGfc9EyEJgNAGvc5oE75tJip is de-activating:  0.002282881
2026-08-17T04:26:20.130Z STAKES Stake account 8zAQwx4SnC3NVbCWFyxv3HDSbH1QLCW59MDvL9Y9SXim is de-activating:  0.002282881
2026-08-17T04:26:20.130Z STAKES Stake account 8zM3XbhdV4e5jSnTRtggVVfdF2WRTvkk1PqGDnN69xpL is de-activating:  0.002282881
2026-08-17T04:26:20.130Z STAKES Stake account 8zbqrcMQ9GvqcbNa6vvLKJ8oQ7Js9rWSkuc8p1aDENVq is de-activating:  0.123725704
2026-08-17T04:26:20.130Z STAKES Stake account 8znymdhq5a3YpBqtVPukWADJvJF7qLEXLjZUWeJS4h61 is de-activating:  0.145056349
2026-08-17T04:26:20.130Z STAKES Stake account 8zoLqfBApfr9AHoCNZv5GsdrbmXFZfbMkcfpXFgvVpHQ is de-activating:  0.099291796
2026-08-17T04:26:20.130Z STAKES Stake account 8zoidMLo1pyvwj7XD5r83vNn4hvBZTd97XKDTD19kqbG is de-activating:  4.658565992
2026-08-17T04:26:20.130Z STAKES Stake account 918AWVi3uPDxoditgAhf4zUS5FL5wRJbi9Aujd8jSdVU is de-activating:  0.120720202
2026-08-17T04:26:20.130Z STAKES Stake account 91YDqnpd8pTQp3Kf7xdPcDKxFYkcShogt6ujTEe1xaPS is de-activated:  0.010029563
2026-08-17T04:26:20.130Z STAKES Stake account 91uhuDME2tavnzmnNurDAtnNHjhGNHYVYLgJ6VU94tM9 is de-activating:  1.212478646
2026-08-17T04:26:20.130Z STAKES Stake account 91w1KfkrXNjmgVZfnMzZZnEbGuFeXuynJBe5qSZUZu9s is de-activating:  0.503184991
2026-08-17T04:26:20.130Z STAKES Stake account 92SXuAuQ7RT5B7N4HRxWoZp7yNJdNCyBZSKHcCaYwNoD is de-activating:  0.120888664
2026-08-17T04:26:20.130Z STAKES Stake account 936nh6yjGX8nwhDPQGccvZCbjLYZ44gfEk5ubvYTrPsB is de-activating:  1.214819299
2026-08-17T04:26:20.131Z STAKES Stake account 93ZP4Gj1UV8eMEpbHujUJi9mocPXYUW6LjWKan6SJZqS is de-activating:  0.002282881
2026-08-17T04:26:20.131Z STAKES Stake account 93ZtMja8p4QoY7Ea9pVErJLG23iSy6QNvPwwQpVYzyNd is de-activated:  0.251985588
2026-08-17T04:26:20.131Z STAKES Stake account 93i4xYGGx77oM2PPdxSi69wMKkqP5fc7cxv6KDshas83 is de-activating:  0.011636401
2026-08-17T04:26:20.131Z STAKES Stake account 93kgUKfwpv4TKHWA78aiVFsPDxd7WTDWEcgzpNSa1Xax is de-activating:  1.821639914
2026-08-17T04:26:20.131Z STAKES Stake account 93tgfBUm7NqRV7hvU7mHGQEG1LZhTNCzHqUBHwYu53k6 is de-activating:  12.280086759
2026-08-17T04:26:20.131Z STAKES Stake account 93vqpp29WhvX1VdvL7sDriax8qfMoQzbkYnWNrh2csQh is de-activating:  0.014426081
2026-08-17T04:26:20.131Z STAKES Stake account 93zMy4nPrJ5jnguK8xquSqrNFfpK7PskcAqHtBtxfZwe is de-activating:  0.304443748
2026-08-17T04:26:20.131Z STAKES Stake account 949MV6zHBvKSY9yiteEYjhXedf9WLN6cPbdSwX6UUwQ4 is de-activating:  0.098040245
2026-08-17T04:26:20.131Z STAKES Stake account 94VMYEE7Yhh8ej8TgsRR6rXG3yz4H3yP4g2khVhnBPrt is de-activating:  0.011648945
2026-08-17T04:26:20.131Z STAKES Stake account 94db9Xp1Hwo5oXHRqHvCka4N7vCPx6zsfa9dekSyQeug is de-activating:  0.003152691
2026-08-17T04:26:20.131Z STAKES Stake account 95NMFXPSNH1EfiptNJe9QTmKTKdCXeWnrHoceemdJvkW is de-activating:  0.160015231
2026-08-17T04:26:20.131Z STAKES Stake account 95QVgRxcpMwchLeaJGeRunAdjesJiCJvFhCp7UHKL3AF is de-activating:  0.12072421
2026-08-17T04:26:20.131Z STAKES Stake account 9619zYNtVo3agpKnnMELHV9yisfrS9LHk2XwHs8bACuo is de-activated:  0.002282881
2026-08-17T04:26:20.131Z STAKES Stake account 967ACnXGD1JuWTe9GkA4yJk7NYRWBx68BPQJjJfsxSnr is de-activated:  0.336441992
2026-08-17T04:26:20.131Z STAKES Stake account 96Wy8X7Gz2HDhg9RtwDufMKHKm8WMLUnMFg5GV5qZRxZ is de-activating:  0.01164495
2026-08-17T04:26:20.131Z STAKES Stake account 974YfCTCFu1ijw7FbHcqD2ZbwtJkkLmLh84PDzxFKsw6 is de-activating:  0.606199615
2026-08-17T04:26:20.131Z STAKES Stake account 978dYzg69DHk5gqGscYai7Y1J3CU4hMsEz5WJTkyThaF is de-activating:  0.021105171
2026-08-17T04:26:20.131Z STAKES Stake account 97KHMo8Mx24E7QPtUdZht7b3XZo6zZbKqhPGeXaZQVs2 is de-activating:  8.491781945
2026-08-17T04:26:20.131Z STAKES Stake account 97SApwaZfoJYnVDi3oJT8CEfCkutxXcafUbnDB1wMEcv is de-activating:  0.033232963
2026-08-17T04:26:20.131Z STAKES Stake account 97gMGBg5TFNn9k3rpypwQMyz5LEimDB56MZ4ZSco23Sv is de-activating:  5.633939916
2026-08-17T04:26:20.131Z STAKES Stake account 97zFBYYEtiBSJTPkygPrApkcowEBNRRByEJjrdvuShtF is de-activating:  5.101538765
2026-08-17T04:26:20.131Z STAKES Stake account 98FKZWgAvhaDGG725xTKhmUekUrPSLWA87UPE1CPJhT2 is de-activating:  0.00713313
2026-08-17T04:26:20.131Z STAKES Stake account 98d9312Sv5VhePW7ASfMbiPyrajQcESBXBErCZvTeqJ6 is de-activating:  0.011636401
2026-08-17T04:26:20.131Z STAKES Stake account 98j9rSDooUcufhm3CFiCA5o5up2vWki3tC2hmTxKZeL5 is de-activated:  1.002676908
2026-08-17T04:26:20.131Z STAKES Stake account 99UPSMFSPWFZG6H3X1wcNK1dY6AzU3JoC8CX4eHG7oH5 is de-activating:  0.120841122
2026-08-17T04:26:20.131Z STAKES Stake account 99crP4Pz2AkQNge3Zcnis51DtCu44eZHJMPTW6Dsh9xx is de-activating:  0.120888663
2026-08-17T04:26:20.131Z STAKES Stake account 99o9snRrVX8AXn3LnobxLeySVF9rx88Zz7GiG6pdaQeJ is de-activating:  3.640759021
2026-08-17T04:26:20.131Z STAKES Stake account 9A6dW5httym18vLkfDMiNweaut9odAffkiF8NfhzfMg5 is de-activated:  0.11872928
2026-08-17T04:26:20.132Z STAKES Stake account 9ALi6zS66F6pYg9kTbrnW5oS4QtcgEHEEKDeeqWsG4ds is de-activating:  0.003496068
2026-08-17T04:26:20.132Z STAKES Stake account 9ATkpkRNcoMMKpgypc3XinJ8Uxz7reAHJmBo5R3ec1LT is de-activating:  0.011639422
2026-08-17T04:26:20.132Z STAKES Stake account 9BeqsqcFhDPoQ8a6rAkgXFZBckW23Yn2hCyHVwG5TPH1 is de-activated:  0.00228288
2026-08-17T04:26:20.132Z STAKES Stake account 9Bpwi6GQgUtLMPNemTcej17Jd9trPxcnbWUELHegVjqF is de-activating:  1.092147415
2026-08-17T04:26:20.132Z STAKES Stake account 9C5qzf27pXUq2rzrWsYdq1Z5rBogM4rbR5ecVXxQPKMD is de-activating:  0.113174622
2026-08-17T04:26:20.132Z STAKES Stake account 9CGm7xKgZTGYaxh2X3tLJkfuRjgJ9qbHRq57Z99Q2K1K is de-activating:  0.002282881
2026-08-17T04:26:20.132Z STAKES Stake account 9CR9CvMZi7D1WghPoUEsQTAv7K8TYuk5iQdEHuVFbVtR is de-activating:  0.01285787
2026-08-17T04:26:20.132Z STAKES Stake account 9D5RVvUXtjyUemLygi55fMcXZio2LxRMRcwUMdvcXnw6 is de-activating:  0.011488529
2026-08-17T04:26:20.132Z STAKES Stake account 9DHUZpvz2SFpPL5XScH7iD8wUaeRe7iTWT6Jy6y9QoC4 is de-activating:  0.485471043
2026-08-17T04:26:20.132Z STAKES Stake account 9DMjy69A7fZCBPfM9G5xHivriAUaUYaJkD21KprnoXzt is de-activated:  0.010003322
2026-08-17T04:26:20.132Z STAKES Stake account 9DhyPphW3ah2f6NGYkynj2kQHCq2dDfcSYCKb1u2LKWb is de-activating:  0.12083777
2026-08-17T04:26:20.132Z STAKES Stake account 9DkhBRwbdKxz5A35BsKi3yPg5SCRbYRpczm7rQhjKyqe is de-activating:  0.002282881
2026-08-17T04:26:20.132Z STAKES Stake account 9DoRiMj8fETB7qzpj4DGpvZkTGYwv6TtMPecKfpz4nhr is de-activated:  0.11463039
2026-08-17T04:26:20.132Z STAKES Stake account 9EbJDtXnaajonxfpUKDWSoFz27ebjyt76yZtZTjHRfSK is de-activating:  0.092697016
2026-08-17T04:26:20.132Z STAKES Stake account 9Ezv3A4uH9LtA8AENcFArkCWEz5n3tSUWqoaveqqyDuM is de-activating:  0.056221913
2026-08-17T04:26:20.132Z STAKES Stake account 9FYZUKzXW3sgGHFraeMrXhVN23YGvTtwYAUm1FmuMNhi is de-activating:  0.140607495
2026-08-17T04:26:20.132Z STAKES Stake account 9Froh77a5dYSagAdMPdN6QEMJdizRDQrWdReRHHRhFzM is de-activated:  0.010037374
2026-08-17T04:26:20.132Z STAKES Stake account 9G1Ur7VsuEBBJLgLbdFG2rzkcoYoGVfe5q1y9Dms4v9g is de-activated:  0.110148684
2026-08-17T04:26:20.132Z STAKES Stake account 9GV8jzPp5gCnawQ7m1vMujvKgbRKAeAiSPBnXt9iRVbK is de-activating:  1.214819299
2026-08-17T04:26:20.132Z STAKES Stake account 9HGXHau45wSGsb9XkerC2mpRfPDoe4nbDdzjReWLhDqf is de-activated:  0.097662119
2026-08-17T04:26:20.132Z STAKES Stake account 9Hiy8kDJbu747AFzrYVNPNfzNYcDVToLr9u6tDD85urx is de-activating:  0.368737146
2026-08-17T04:26:20.132Z STAKES Stake account 9HtxWakZMVF65HRh4DMzdemN5WsXypEoncEma7nBrbkR is de-activated:  1.00890971
2026-08-17T04:26:20.132Z STAKES Stake account 9J1KHGXQqP5VUD5CJbwqeTqdLKw5uzBUAiiYrzUUg2Xs is de-activating:  0.002282881
2026-08-17T04:26:20.132Z STAKES Stake account 9Jp33DecTjqvis3vdZyyKy3kYdPe3hNFCgr7oirREZNg is de-activating:  0.0301978
2026-08-17T04:26:20.132Z STAKES Stake account 9K3cNGvB4rQfiSXsSfvp23FmFK7Qe21Xt4kgBF5KXkdm is de-activated:  0.010649668
2026-08-17T04:26:20.132Z STAKES Stake account 9KBTEQsL2foNRkULwKsXJyrrFYfpUGKzXGFCsUomydBd is de-activating:  0.061124008
2026-08-17T04:26:20.132Z STAKES Stake account 9KGKunf98ckGzvb9rKCXQuJZVcnCWucaPBh44YUqto1K is de-activating:  0.054451248
2026-08-17T04:26:20.132Z STAKES Stake account 9Li33AcmzW8KUjpQad9Bd9GGtuQPsKtyB6N5HcrMFWNX is de-activated:  0.013034575
2026-08-17T04:26:20.132Z STAKES Stake account 9LuVBqyCaAZUn9i4R4LyL7ukFbW5Dzzqaqy2tS4cwx6g is de-activating:  1.213673278
2026-08-17T04:26:20.133Z STAKES Stake account 9LvhQVzxjtwgDuMnME5fsz21XJxUTo98B9TWSBVU2B6q is de-activating:  0.011648945
2026-08-17T04:26:20.133Z STAKES Stake account 9LvqMua17asSy6jBRuxTxp5VQTmxcd4jENWr4mH7ByVd is de-activating:  0.303016051
2026-08-17T04:26:20.133Z STAKES Stake account 9M5d6hkgGx1X86JAio7zL3A6rmXhXnoQ3XzKJXUo9Squ is de-activating:  0.499905294
2026-08-17T04:26:20.133Z STAKES Stake account 9M7XkTqXX5cVLURYejUPaKaj9DaYwaZCmizZMHFmV5YY is de-activating:  0.120841124
2026-08-17T04:26:20.133Z STAKES Stake account 9MYmvjWtPHKB8crDpqHZgVwY7ddCECRSzN1GYJGgKfiF is de-activating:  0.011652062
2026-08-17T04:26:20.133Z STAKES Stake account 9MbwPD7VL44Jqhx4pFh4q68VNZNn2sb8mhv7fXnZQz1v is de-activated:  0.115677193
2026-08-17T04:26:20.133Z STAKES Stake account 9MsfH33gR7bmSoKJ1R6eYrKttKMaFGnV9FgS9g7uuM2r is de-activated:  0.011990545
2026-08-17T04:26:20.133Z STAKES Stake account 9NKHt8f8ggWWyNvoY6VahgiG4iYQoLaDP2UyhY28Q8uz is de-activating:  0.011988126
2026-08-17T04:26:20.133Z STAKES Stake account 9NU1Vjb5C389AdEU3d7NK7c3mesDRfJzVTh4azysGwNd is de-activating:  0.120841123
2026-08-17T04:26:20.133Z STAKES Stake account 9NsB1MGBDqAUPTai4cd2evzwYCcuV2bTfBz73XzcW2ZZ is de-activating:  0.120790158
2026-08-17T04:26:20.133Z STAKES Stake account 9NyPYqZZxi4fGNGBWz9jrbwUWLwJeCdoaawWVN4cpRBG is de-activated:  0.016879362
2026-08-17T04:26:20.133Z STAKES Stake account 9P4G4nLBS3tsmchhAwFz8e1QhnqP8hbSAbVWbNaegMuH is de-activating:  1.191243679
2026-08-17T04:26:20.133Z STAKES Stake account 9PJbLXpSvXqLUGcayEg6fQBwHzwfX7EvFYbYULQTpeLY is de-activating:  1.213673278
2026-08-17T04:26:20.133Z STAKES Stake account 9PQfCKvSsVWSQwTtKZ6KcUKejM2PC6N88UGF4BEnCYMe is de-activating:  0.014403185
2026-08-17T04:26:20.133Z STAKES Stake account 9PoRMpu1nzphgFdmcKs8w2M8fsJAA62Q47JzAyZS67CM is de-activating:  1.666483345
2026-08-17T04:26:20.133Z STAKES Stake account 9Pv6khpa3Cu3V3TUmcpuJD9rtAa1xwr3JBSnmfZ5KCdb is de-activating:  0.120953286
2026-08-17T04:26:20.133Z STAKES Stake account 9Q9d9qC68M548agmtFsdgrFoU16o1MjtSofz1eBGaP2N is de-activating:  0.0080077
2026-08-17T04:26:20.133Z STAKES Stake account 9QC6oKAxSWqu4kPCWx9wfUUJaVoiJ8hQAsvkTX2M5pU2 is de-activating:  0.060228943
2026-08-17T04:26:20.133Z STAKES Stake account 9R51G4Hy5U3qMRqqzcUSzjhNwamZEK6pftaC9ugRD1Ly is de-activating:  0.056402012
2026-08-17T04:26:20.133Z STAKES Stake account 9R5eJ82CsNuniWrMfeibjxuTj7YvqrheLJrF6xdSxt4v is de-activating:  0.120841123
2026-08-17T04:26:20.133Z STAKES Stake account 9R7bBs7WhGnPNXM7xhyijBBFAoFMjomAeM7Jay1rQNMm is de-activated:  0.500463675
2026-08-17T04:26:20.133Z STAKES Stake account 9R7fMwKQMtXnctNjwFn3KPHwAoAjZg43qi7rHdt3Mmvh is de-activating:  0.03808737
2026-08-17T04:26:20.133Z STAKES Stake account 9R9W4oS3JTspbLQkRU3Xc1SRzhoRc8UnGfrgNQFZF1cU is de-activating:  0.070223256
2026-08-17T04:26:20.133Z STAKES Stake account 9SR6ftNrvFogZRCpCVfAcp5qXoakzbvxDv9KV9uT4nPs is de-activating:  0.242191829
2026-08-17T04:26:20.133Z STAKES Stake account 9SoNJH4xst14PYv3TFYJXQdqF1F8CFHZCeCdzjaSJV5c is de-activating:  1.213673278
2026-08-17T04:26:20.133Z STAKES Stake account 9SsJvPkhwu9jduHy6nSQpDJP2qhE8z3hmbw4BAAHUd9S is de-activating:  0.004707456
2026-08-17T04:26:20.133Z STAKES Stake account 9T6v13Yj4K6eDDTsGpCCkxNw8LgqCaC4uZbT5UnVR4oH is de-activating:  0.120629007
2026-08-17T04:26:20.133Z STAKES Stake account 9T9977gAZFetvuUbhhX7cr9m9c7sR4cYkWUdadtMNwxz is de-activating:  0.004102903
2026-08-17T04:26:20.133Z STAKES Stake account 9UDCxxZiEpBtJDTCWocNpPbCeByWM9aJxHw6BA8nQTCw is de-activating:  0.289275004
2026-08-17T04:26:20.134Z STAKES Stake account 9UL3dRtE81saV3XrJ9fgVpB2aQ5STAbxeoGLgf5ydvgG is de-activating:  0.002663435
2026-08-17T04:26:20.134Z STAKES Stake account 9UWHei6EyLERB1ubYaoEhamobt97cKEhgE5VuSAX47Do is de-activating:  3.037895828
2026-08-17T04:26:20.134Z STAKES Stake account 9UcvNJDaDYMKkwjTggujo5Ww51VQPvPzJZK2SriVf21w is de-activating:  0.004102903
2026-08-17T04:26:20.134Z STAKES Stake account 9V8gLufjC8UMHpE2n8TRQMtHs8rPwjPxbR2psMUj2PrJ is de-activated:  0.205672673
2026-08-17T04:26:20.134Z STAKES Stake account 9WBEVae17j4f4VV97vvZU8yy6YpEQfFbs1bGUYzhvNaV is de-activating:  1.2148193
2026-08-17T04:26:20.134Z STAKES Stake account 9WQJNxjBKKuHCtqhoX2DhVCjAx25W28yDGia4uWFq2a4 is de-activating:  0.034432922
2026-08-17T04:26:20.134Z STAKES Stake account 9WSVm536gP63fTr4e1shZS7Dc77ACAFGhuuzPmzWSGL7 is de-activating:  126.118479038
2026-08-17T04:26:20.134Z STAKES Stake account 9WVSGpNWZQT65TEfjshs6eXFtrjKzt6wgdLZtJqiooP2 is de-activating:  0.008275779
2026-08-17T04:26:20.134Z STAKES Stake account 9WVspjshAASYj8DwjxWdX9Y45Pos1gMKQTnSE78Z6dvW is de-activating:  0.002292881
2026-08-17T04:26:20.134Z STAKES Stake account 9WXueq1Voe5UB4NHLgNRJpfUpLPg6vmvFSEt6KjFYV3B is de-activating:  2.425818589
2026-08-17T04:26:20.134Z STAKES Stake account 9WZVvEJhbsegoULUy42ReXrjQaR6D2LW4WkVyDmo1Ca4 is de-activating:  1.286574599
2026-08-17T04:26:20.134Z STAKES Stake account 9WrwyyTrZ4E7SZ1zfEpxKXT3Q1caUVqbe4qK8WU65h3d is de-activating:  1.214159253
2026-08-17T04:26:20.134Z STAKES Stake account 9Wvx3uGW9AqtJdRHbDjpWjAo7f5djm9oj2ufyWJQoFWQ is de-activating:  0.002282881
2026-08-17T04:26:20.134Z STAKES Stake account 9XRDWyychdSSQg9xPK4nMzZSoebn3ja1ah7Hzoy66FPF is de-activating:  0.011643931
2026-08-17T04:26:20.134Z STAKES Stake account 9XXMfjDGfzwk6FGTB5epBhxNVYdoNjcQ155iPwpbfgBX is de-activating:  0.060199068
2026-08-17T04:26:20.134Z STAKES Stake account 9XY77e8EKEXdifmcPcroF6ZtHRxBrAzBSsFmq8LawV8x is de-activating:  46.580760316
2026-08-17T04:26:20.134Z STAKES Stake account 9Xkk6bgmFKYwUGEyHTpXy875FLzXoat8sfUZwAxWGKLD is de-activating:  0.011619827
2026-08-17T04:26:20.134Z STAKES Stake account 9YFak271fTAWfA9qVCvjw8NHdC4qYCpZhaJjLyD1iFk5 is de-activating:  0.021457977
2026-08-17T04:26:20.134Z STAKES Stake account 9YgL83rh9v4aaHibxJFy21wmgXigvbuDRwiGYfKn3LW2 is de-activating:  0.035660501
2026-08-17T04:26:20.134Z STAKES Stake account 9Yu7Y13H1KarxNDfgwXEf7BMoQUu4yFa2nBPcRSwGzWB is de-activating:  0.120953286
2026-08-17T04:26:20.134Z STAKES Stake account 9Yz6zAskKcnnDnJUG5tez7MFDha8etnHTVigmnh7SvCE is de-activating:  0.006530421
2026-08-17T04:26:20.134Z STAKES Stake account 9Z7q8o9fM8J1CfWwceApNkLCF9NbCXyLAZ4nAH1iUuoC is de-activating:  0.011636401
2026-08-17T04:26:20.134Z STAKES Stake account 9ZWyUn6ieLUEt44FqgTbHbBxcCtSWGQ812S99UTkrQMs is de-activating:  0.120892018
2026-08-17T04:26:20.134Z STAKES Stake account 9aKqvczjgYCw2pCt1hyzvnimgfvvyWXTzAYbgc9Bs9Yk is de-activating:  1.213673277
2026-08-17T04:26:20.134Z STAKES Stake account 9aQS5oUYGSrCUs7GwLDa47RRV5tgzwN8xTK8u5bPJZ4t is de-activated:  0.070031729
2026-08-17T04:26:20.134Z STAKES Stake account 9aytuz2iSEoe5wCecs32uVWRNwKvF7UdHPbQ8mepcmac is de-activating:  0.005569402
2026-08-17T04:26:20.134Z STAKES Stake account 9bHDciskViKrxMnYpbRp8Ss7VTjo5oVD6HypZ3ZZkswG is de-activating:  0.606653047
2026-08-17T04:26:20.134Z STAKES Stake account 9bJA9K6WL5ZVnCQ8s4yyRKHzDuaNLpHEj73Em9s9wrnX is de-activating:  0.002282881
2026-08-17T04:26:20.135Z STAKES Stake account 9bUdcBxKhm3itN6G6ztVQBthvH2tr6v43h6NtvQx9vsW is de-activating:  0.028973377
2026-08-17T04:26:20.135Z STAKES Stake account 9bmhqDbzVDe2CZt43MYTZ4bHvA55Lt314re2YBFhuqWN is de-activating:  1.158457195
2026-08-17T04:26:20.135Z STAKES Stake account 9bqzLrS9GiaxYgnxDYTxwGqDmhY7szTyy748z38hZudS is de-activated:  0.05008652
2026-08-17T04:26:20.135Z STAKES Stake account 9bru6i3oN9p4VXdkSX8DCyQBfBmXUErJSLfekQcqUKp3 is de-activating:  0.118753771
2026-08-17T04:26:20.135Z STAKES Stake account 9cJeMkyyYyhFVoBaTMQwSayYSBLobqqxsMnzuRsjovor is de-activated:  0.055933853
2026-08-17T04:26:20.135Z STAKES Stake account 9dKCg2Utc7SSQwEk1SMh9tuvBaaXtHtpahzawro2LirU is de-activating:  0.057170616
2026-08-17T04:26:20.135Z STAKES Stake account 9dNrRShNQiNjVwX51V6DaSrnvxzhkPa1wBYoGWjaG2H6 is de-activating:  120.946777856
2026-08-17T04:26:20.135Z STAKES Stake account 9dVqjMR7iRMvuuX5b9JkcdAo5bhUBTv7iDWfGhNS3C3w is de-activating:  0.014515991
2026-08-17T04:26:20.135Z STAKES Stake account 9dZLK3JUgW5BEWEJaWVhMDXmEQ2fyszzABusvhjp4hiU is de-activating:  0.120841124
2026-08-17T04:26:20.135Z STAKES Stake account 9eG5JrU88wNQv1jRsmtLDkMfqZzD549iac1SeQCTmHHA is de-activating:  0.037145808
2026-08-17T04:26:20.135Z STAKES Stake account 9edmQGNPoLr2tiYYbQs9wzmhCjT7CHDvc6Em4AH3YrrN is de-activating:  0.120892017
2026-08-17T04:26:20.135Z STAKES Stake account 9ekXjs8f5MigBQdXTQpEWPdEanM1hLhiW3sw1b1LKchV is de-activated:  1.000929479
2026-08-17T04:26:20.135Z STAKES Stake account 9emotT8hRUGoXhwkoPrmPFYjLirFd7p1Pyagz6ucp1iP is de-activating:  0.606199615
2026-08-17T04:26:20.135Z STAKES Stake account 9emtgPhrVh2czzejvocZWwio5pCPg1Gb3J8JK7X3uWao is de-activated:  0.101437937
2026-08-17T04:26:20.135Z STAKES Stake account 9enTMeBvoCcrzroR3RQT5LMjdMrKzzC4QRpCQvomBkoK is de-activated:  0.010307715
2026-08-17T04:26:20.135Z STAKES Stake account 9etnwN9pFGsx3Pnc4GkxCjUaPBcLb5wbBRX99rgavSWs is de-activated:  0.127743866
2026-08-17T04:26:20.135Z STAKES Stake account 9euJLZXg4wQcixrFRUJFN6qpFyiG9w9RH2nFa3DKPDg7 is de-activating:  2.855455279
2026-08-17T04:26:20.135Z STAKES Stake account 9fUJgjU3VbnPdJ1ZA2UzuM7aL3b7ewnTieGXWcdcBQKc is de-activating:  0.020464193
2026-08-17T04:26:20.135Z STAKES Stake account 9fUTtfqMzBGAefD3DnRMQ4JiCUfS3rHGqozn36M84HhN is de-activating:  0.120892018
2026-08-17T04:26:20.135Z STAKES Stake account 9fW5pu8XegXYmzaLhLBT9eu4M97DJ7nCtVGPfD1PtTBr is de-activating:  0.242301638
2026-08-17T04:26:20.135Z STAKES Stake account 9fiYegNoDT2AjP9ZH9NyuNcK6zc6qFee1747NZ4LzUB6 is de-activated:  0.020049291
2026-08-17T04:26:20.135Z STAKES Stake account 9ftWgoT12naCwGX3mhsMJENpYLWKW8xVDUx9WorV2pvV is de-activating:  0.004709725
2026-08-17T04:26:20.135Z STAKES Stake account 9gAATFmuG5URR1p8z6RuAWccPFDLvUeUwEMrb1gQgto3 is de-activating:  1.216445102
2026-08-17T04:26:20.135Z STAKES Stake account 9gKrquk3sZUEfuww6g4iiCGYd6oo7UJKVSa4NmztHZuE is de-activated:  1.315370913
2026-08-17T04:26:20.135Z STAKES Stake account 9goRZYaj61MX19kFEon5NVsCeRLaB1xfnkRER7ex8tst is de-activating:  0.242198615
2026-08-17T04:26:20.135Z STAKES Stake account 9hBsXhUjkdnbzjwDgWFDRdxXG1CLxcN3NwX8u7t6Uss8 is de-activating:  3.589812699
2026-08-17T04:26:20.135Z STAKES Stake account 9hF6TzuyJTUZJJtidSVGXV43PZHXsTqNodfJRLADskR1 is de-activating:  1.213541432
2026-08-17T04:26:20.135Z STAKES Stake account 9iF73JDsnkR7Qvmzmu4sdEpU1JtLBeMAfAgrZFZ2K8ap is de-activating:  0.038243017
2026-08-17T04:26:20.136Z STAKES Stake account 9iKWgi9gojtSjU7yAwrMrPv1MQs3YRuHYetJu3jLXDEW is de-activating:  11.831834361
2026-08-17T04:26:20.136Z STAKES Stake account 9j18f6Tdmv2Bi4UgzJuLi78EGJA17yLzCvCGj14XgJZm is de-activating:  0.148021395
2026-08-17T04:26:20.136Z STAKES Stake account 9j4XpUh1FWzDKrFiz3MYCMHtY3mP2AmaHLfkFjV4dZPA is de-activating:  0.003152691
2026-08-17T04:26:20.136Z STAKES Stake account 9jB8tNKxqSU6UHZRsFSHDpKtRu5SNfh74r4uFswxVeKb is de-activating:  0.132099329
2026-08-17T04:26:20.136Z STAKES Stake account 9kDka6ZBbUrUduDUsMCCQPvBiCTk28FfeCweufHovcrw is de-activating:  1.213152443
2026-08-17T04:26:20.136Z STAKES Stake account 9m6PkQaaqrCmPweYrHVdczHa7pkWTTHHdTKs34sLZZ8r is de-activating:  0.040042085
2026-08-17T04:26:20.136Z STAKES Stake account 9m9wiTtHoKPwQiGTS5GqS3gyHjTk9uTsxkGNNMkP1NJ8 is de-activating:  0.002282881
2026-08-17T04:26:20.136Z STAKES Stake account 9mLNALvrfdaSFkVGnfzzXC3sW94ibY5KXptwNgsFnAbh is de-activated:  0.002282881
2026-08-17T04:26:20.136Z STAKES Stake account 9mZewyfk3V3htk1HFHHxSdRGo8SvAQuXWaeiJTnMq1fy is de-activated:  0.10078192
2026-08-17T04:26:20.136Z STAKES Stake account 9mbcmc6BzaViYFQ7qY6Jfr318xoSGQFz4v2ZSJaBCXPJ is de-activating:  0.49891813
2026-08-17T04:26:20.136Z STAKES Stake account 9md48HMdaqpnCXexP4imYdcFgqyfkYGYd53G7pVFxxVj is de-activating:  0.01164495
2026-08-17T04:26:20.136Z STAKES Stake account 9nGVocCRAV6kmCyJYiFMjQcXPStv8ABEqzGeyzbCkYeo is de-activating:  0.002282881
2026-08-17T04:26:20.136Z STAKES Stake account 9nJDWEctyzsRQRpNSnqa8mHbU4gMvehiakxz64fXZRn3 is de-activating:  0.063576792
2026-08-17T04:26:20.136Z STAKES Stake account 9njb4CTcirCzjakcZz48UoH1ZpgzW8hLdW5LNeBvp6u1 is de-activating:  1.133633005
2026-08-17T04:26:20.136Z STAKES Stake account 9nutUgidEWdmjoTe39wrai8xrAD7amB63CVchXhuHC7M is de-activating:  0.01164495
2026-08-17T04:26:20.136Z STAKES Stake account 9oBsDZ1gFMc8TjFHrGLncaAoJX41ZNsiszWXZkSwVjv1 is de-activating:  0.002282881
2026-08-17T04:26:20.136Z STAKES Stake account 9oQAYy5MxAg4g2gdMv8hLhco7XAajfwJY9bLdU7pnenj is de-activating:  0.067188341
2026-08-17T04:26:20.136Z STAKES Stake account 9oayTTdVTTS4uYnNsKHPrA7gUx5frnmsNg8AUiax4mie is de-activating:  5.898446868
2026-08-17T04:26:20.136Z STAKES Stake account 9obkeWAaWzPeSB9mZVnkqqVLo9sPDwSXTKhsxWJDvMXD is de-activating:  0.011640899
2026-08-17T04:26:20.136Z STAKES Stake account 9oydeXiYPwtXfncvV5uVVHitbPUVBUgWyCvprvLfbgmB is de-activating:  0.124824197
2026-08-17T04:26:20.136Z STAKES Stake account 9pA4pzfhM5z6uuSxDC36yKQ2f5eVHSjD6GiFkt7FQ8eP is de-activating:  1.214193509
2026-08-17T04:26:20.136Z STAKES Stake account 9pGgNoou59pSxWk5t91zgogWg43wNyRmje7tHE6S3drt is de-activating:  0.023777247
2026-08-17T04:26:20.136Z STAKES Stake account 9pNPXXyoqVYNivqcun3c5Qr21rb8H4z81rkWP7S8ywP1 is de-activated:  0.018396021
2026-08-17T04:26:20.136Z STAKES Stake account 9pWyBFXcpZDDkqBAiYpsCbPbsh8R8aFKVeyvXKqb7Pq9 is de-activating:  0.007736869
2026-08-17T04:26:20.137Z STAKES Stake account 9pmLwuszri6ZeXbL18k4hnYKhDKm1j2EQURy9XnDEhAg is de-activating:  0.120953287
2026-08-17T04:26:20.137Z STAKES Stake account 9puGcexG2bQGGnbSkpbD3T4FpBqtZMVNvKF1hLv5TTbw is de-activating:  0.011640635
2026-08-17T04:26:20.137Z STAKES Stake account 9qFRFSJYjTSrNSp2By3SWq7rtg5WFrhR1SWo3bry2JJZ is de-activating:  0.023786482
2026-08-17T04:26:20.137Z STAKES Stake account 9qXUCPSm4xi8pxhD6HaabLDvrFyYnHtAtUEcgYrVUAtp is de-activating:  0.011648945
2026-08-17T04:26:20.137Z STAKES Stake account 9qotY3uuthDzJC4bi7GLyW6jFFPcK3BPZLw767EKHdzw is de-activating:  0.011648945
2026-08-17T04:26:20.137Z STAKES Stake account 9quFcfiHpWNhq1A1Y1CDdfM2X3vPgRgDnc5ZmmEYp8e6 is de-activating:  1.676448642
2026-08-17T04:26:20.137Z STAKES Stake account 9r6Me8LL2zP54kp4WwFDENXxGPmU5gMZZ6oJUgdRbBmU is de-activating:  0.060579068
2026-08-17T04:26:20.137Z STAKES Stake account 9rTghNQ1ZG3eA3H1i1rDjeP1gY3jYreu1qbafveyQyDX is de-activated:  0.050214351
2026-08-17T04:26:20.137Z STAKES Stake account 9rvAz5rTDGx6Cm1nNhY6Je5dsxb8sBKVJHQp59DQXoSF is de-activating:  0.015009617
2026-08-17T04:26:20.137Z STAKES Stake account 9sgY7P4ysPcxsLm3P3JP2oqfMUErtK9QubAxjFsL8F7J is de-activating:  476.94055346
2026-08-17T04:26:20.137Z STAKES Stake account 9shYAQQZqjeamfpYHdPRTYvK6zTqDYPRVqxq83jBaKTm is de-activating:  120.684045665
2026-08-17T04:26:20.137Z STAKES Stake account 9sob5PFhnN9wEjjAKXz1uCuYXXnq8SecMA3EaYWoYc6E is de-activating:  0.120837771
2026-08-17T04:26:20.137Z STAKES Stake account 9sp5YSve8EMZ75utQ25RV2s9vfLHAffs27CMrH9TdMyC is de-activating:  0.032591288
2026-08-17T04:26:20.137Z STAKES Stake account 9sz75BYaEe3KfkxoiWDqiv5FxMZDYcnEw8dzoA9YvC7B is de-activating:  0.120841123
2026-08-17T04:26:20.137Z STAKES Stake account 9t3ndZXuAwnaj3Vm87tVFiT7F6tpSD9nwwSHa8dNvchh is de-activated:  0.003003147
2026-08-17T04:26:20.137Z STAKES Stake account 9t4TsqYHJPwSCZs2dyXjJTGywVVqTksbR2ZcDVtkdhBf is de-activating:  0.013802695
2026-08-17T04:26:20.137Z STAKES Stake account 9tAjwyMjLwuqqmzwdvLJjpGVPPx8mBQfUXtsNCCkRwvU is de-activating:  0.120790157
2026-08-17T04:26:20.137Z STAKES Stake account 9tCkmnBLgQaqyDXD8AqgFG9daTDNf2TrnKp8eH6iEwNc is de-activating:  1.218253518
2026-08-17T04:26:20.137Z STAKES Stake account 9tJtzrWubytky1JcTSDmFqSqJqJVnUEPbFTmWEQTzxa5 is de-activating:  0.133021067
2026-08-17T04:26:20.137Z STAKES Stake account 9tTSNjZAsqwaZ2y9mNBjfZwG6AKssBzNrmtgsaqYSPkH is de-activating:  3.593270049
2026-08-17T04:26:20.137Z STAKES Stake account 9tTXXpCRKAYkJdSWEuHdJHt5enVWBWKCeJ3qDRbAoYJd is de-activating:  0.606653045
2026-08-17T04:26:20.137Z STAKES Stake account 9tbCc9YoJXVEsfizE5R8b4efxpmjyyDaEJDuUaYhDP1X is de-activating:  0.010781141
2026-08-17T04:26:20.137Z STAKES Stake account 9tqVbo1gLien3adhBxiQ1VoYrT8V71LbWxi71WsnKzoG is de-activating:  1.152820672
2026-08-17T04:26:20.137Z STAKES Stake account 9tuWpbKpEiLSKKtmhqAa6E1EoMA5o1xx7LNYXMwVDXuN is de-activating:  0.108540479
2026-08-17T04:26:20.137Z STAKES Stake account 9u3X6Ea6RnwHsrVBtLuxtSVL2VvGjadCAv7qArtuqrrs is de-activating:  0.002282881
2026-08-17T04:26:20.137Z STAKES Stake account 9uPRvaKPNdDDsBw2KaG5kwXrhfFdFT8qvmTdUx2bVy5x is de-activating:  0.002282881
2026-08-17T04:26:20.137Z STAKES Stake account 9umamYg3Mq9XsG5VUrPJLPuc9AaXA2anGZAqWybaJxHM is de-activating:  0.178094849
2026-08-17T04:26:20.137Z STAKES Stake account 9unSgLEX1XDAmk6gzoDpdt9Zo85pTbrEtC2EkZB9jNdw is de-activating:  1.213152442
2026-08-17T04:26:20.137Z STAKES Stake account 9usCwY4PcfauFRBLX689yR994abVSdDvNShtaXHhE7pw is de-activating:  0.242275501
2026-08-17T04:26:20.137Z STAKES Stake account 9vYLkMPJjk7Mvux1GDeic3zy7r7nHEDjnZhEvWAsFf1N is de-activating:  0.035909574
2026-08-17T04:26:20.137Z STAKES Stake account 9ve3zqCGCyUyy5exeM2A5BReEApZwdxpcUNRPERBBXhV is de-activating:  0.26052479
2026-08-17T04:26:20.138Z STAKES Stake account 9w1kufLXMS2xnjLJy7LPmYZKjBptd4Uw77QoihRb5EEA is de-activating:  0.002282881
2026-08-17T04:26:20.138Z STAKES Stake account 9w9bVzaAszoW6fcaYELod6Es7XowVw2tv7sy21C5gJJp is de-activating:  1.213152442
2026-08-17T04:26:20.138Z STAKES Stake account 9wHu2R97nLTuZZ2MfvqjLqoDuLJXs2rkFP62h7K6SS3z is de-activated:  1.013463883
2026-08-17T04:26:20.138Z STAKES Stake account 9wM667jy6EmGokuX53BVbSZwLBBkJjXCc76TbgDwMnGo is de-activating:  2.428028938
2026-08-17T04:26:20.138Z STAKES Stake account 9wQeH5Y7L3tgBeSEi3zDs5TS2Z8uKYDMTB989h3w87Mh is de-activating:  0.002282881
2026-08-17T04:26:20.138Z STAKES Stake account 9wX1kxhtp17ssgw5Cp1asUHEsGJ3E5cnpcjpzCAQ4x7k is de-activating:  1.212569458
2026-08-17T04:26:20.138Z STAKES Stake account 9wnnaQ56KmFAk7gnw5uwT9JG4q5S6BjRsRwqAChx4hiF is de-activated:  0.040084661
2026-08-17T04:26:20.138Z STAKES Stake account 9wyHnuzn2Q7aKeJUNsTBkGCfVPE3S9SLyQcXyqgPMi6x is de-activating:  0.120835315
2026-08-17T04:26:20.138Z STAKES Stake account 9x24sjQGwdpTLujEah8Bdk3qgyyjbLsTtUTYYXCBkghh is de-activating:  0.009524099
2026-08-17T04:26:20.138Z STAKES Stake account 9x2waJ6ZbVPzSSZejjuY52N7k8k44PVUfPcF2cyjPtiE is de-activating:  0.014426081
2026-08-17T04:26:20.138Z STAKES Stake account 9x84dnBgLukSYq3mGwCFqyJjHwpRnjtehwn5rUaAhLXD is de-activating:  0.022309209
2026-08-17T04:26:20.138Z STAKES Stake account 9xGzNnwVrEgXTiB8KAfZtc22R42LxdH2EHy4qq5y8gi3 is de-activating:  3.808738437
2026-08-17T04:26:20.138Z STAKES Stake account 9xVVvg7qsFYixAD6s4jK7LQUpDNczm5A4rCd4n9VS1Yq is de-activating:  0.123722269
2026-08-17T04:26:20.138Z STAKES Stake account 9xWKAynW72C9S6wQSohb7vPtXkNkDu8hBcjinMXyJCpk is de-activating:  0.01164495
2026-08-17T04:26:20.138Z STAKES Stake account 9xi7vrwbXWiNHM8CikS3cKcDKpTyEbKMULHGZ1cgUwyB is de-activating:  0.02352294
2026-08-17T04:26:20.138Z STAKES Stake account 9xnN64FbRgMjzqB7MekHqwXNzLpVT4QMaWxormJhEQQd is de-activating:  6.07093645
2026-08-17T04:26:20.138Z STAKES Stake account 9xv2SFXiF7u9XhAFYamPshHRTKJ7b91gk5UHqerToEPg is de-activating:  0.035895131
2026-08-17T04:26:20.138Z STAKES Stake account 9ypTExgEdckJuHjto6EhAnMNgTwRY8vsvGNM8JJP4CzY is de-activating:  0.205003594
2026-08-17T04:26:20.138Z STAKES Stake account 9yqBYRka5F54tcVVcJT1Q9N6Dv7PPM77jigBiEc9qtw9 is de-activating:  0.122397619
2026-08-17T04:26:20.138Z STAKES Stake account 9ysh4gfbX9y1DnNdpsHS7U3bgMkhH4M29sxWEZtndEMR is de-activating:  0.011636401
2026-08-17T04:26:20.138Z STAKES Stake account 9z3DzjuGmwByvTMnqjMXwMWgNqhswkJikC3vfRSWLPHX is de-activating:  0.031202458
2026-08-17T04:26:20.138Z STAKES Stake account 9zFxSqH6ET66gQKr6kMeNgyWPZNrja5HnAe7gponpopD is de-activating:  0.031927606
2026-08-17T04:26:20.138Z STAKES Stake account 9zUVj7S9swv7AenG9ZA2wJwD6NM8cg9mePkvgPk13cMC is de-activating:  0.002282881
2026-08-17T04:26:20.138Z STAKES Stake account 9zmaVFg6nnqGUv3Gz8poLkKD7GzwPLyN81wmvAC1ZRkA is de-activating:  0.030430197
2026-08-17T04:26:20.138Z STAKES Stake account 9zrMQVPQM98bvkGf9R9ckH86yhSY6Yd7RzjPDsGPgeFY is de-activating:  0.120892018
2026-08-17T04:26:20.138Z STAKES Stake account 9zyT5sLZXAVZReE5m3krjCXQQHtHhFbn3SZM3zFzq6FJ is de-activating:  0.002282881
2026-08-17T04:26:20.138Z STAKES Stake account A1YD8bhM6DVyj27e9shLLSR2tiPQ5vGmfkhGGzAciGjr is de-activated:  0.015485866
2026-08-17T04:26:20.138Z STAKES Stake account A22htLkwLU6yQJeRbD7gzpiru8fboRZTEi67CePZr7Vy is de-activating:  0.002282881
2026-08-17T04:26:20.138Z STAKES Stake account A2ArK9u65mvQq3hMtBhB7tLmu4WsmeuSuzkRfvjhsDnY is de-activating:  0.120892019
2026-08-17T04:26:20.139Z STAKES Stake account A2FEJjgRic5cfGv3gfsPfXvmR4RfRtUGdvtqGPKwkF5J is de-activating:  7.135542245
2026-08-17T04:26:20.139Z STAKES Stake account A2aJZTW4ejTvYM6HTxJ6MNRGgy7zEwvjteFr5122Dr2L is de-activating:  0.012032498
2026-08-17T04:26:20.139Z STAKES Stake account A2tQa1ZBTp7HMVmXHQDWMUsL3iP7w9cAXDPLeQz7Mk28 is de-activating:  0.011636401
2026-08-17T04:26:20.139Z STAKES Stake account A2upFuqKA1CoeJhvUMjaNHuiURqe2DthLqWNX43BqupW is de-activated:  0.009620882
2026-08-17T04:26:20.139Z STAKES Stake account A2vvgaMjvSphCd8wwAbeRSh37auqNNjTV7aZvNmWzk9y is de-activating:  1.808639602
2026-08-17T04:26:20.139Z STAKES Stake account A3Xbnmabw2gpAhg7NhbvafgdZZetPLZtuPpT8csyGLcG is de-activating:  0.120790158
2026-08-17T04:26:20.139Z STAKES Stake account A3eVvnXi8KrAjckKK4dRRbKmCGYrqjX5erEvAodusEKq is de-activating:  0.01164495
2026-08-17T04:26:20.139Z STAKES Stake account A42oadafX1e995q7ost82fc11VomgKendmuGTSVY2bnY is de-activating:  0.120841124
2026-08-17T04:26:20.139Z STAKES Stake account A4DAQHLJXmJ66quUUS1HVZ2infwcSRJmpADeEtcivQr9 is de-activating:  0.011643931
2026-08-17T04:26:20.139Z STAKES Stake account A4NFGg8G4CzVcCX9SgTemFznoU4bwbxQ5c6tNXX21Fu7 is de-activated:  0.002282881
2026-08-17T04:26:20.139Z STAKES Stake account A4f3dix8kmLnrFSAg9aFyWfT2TwNFczRpfRWgpGVnHPD is de-activating:  1.788590991
2026-08-17T04:26:20.139Z STAKES Stake account A4oVQERp1WqEwhQYTKH6aDtY1ZW6b8bRfhZ32w1hM5F1 is de-activating:  0.010868799
2026-08-17T04:26:20.139Z STAKES Stake account A4oVfNpJee2bRSRyfTntAH3ecfGjZ5kxsoKweLCLLx3k is de-activating:  0.120790157
2026-08-17T04:26:20.139Z STAKES Stake account A4urn5FHc4pKWe7RhaP8yc7YG3MzLqNVRpqsukfsNo3U is de-activating:  0.303171385
2026-08-17T04:26:20.139Z STAKES Stake account A4vJZNGVeB4dAsHZ2mPGS1fef6jXW3k5Stv5xC9CiUXG is de-activating:  0.002282881
2026-08-17T04:26:20.139Z STAKES Stake account A5FCtz6a3kaHjzXcruKDybjxF6GwFZwjKuKZbvhCwwTS is de-activating:  0.011640197
2026-08-17T04:26:20.139Z STAKES Stake account A5h2jWfBn8WVBqdkQW8FAYgBeqDuqxvYSJNaRjuRNcT2 is de-activating:  0.050789315
2026-08-17T04:26:20.139Z STAKES Stake account A5rJ4zxAEUcmn9j3bCBppF5XRNqnWUH5VS673S5qJ1DV is de-activated:  1.163985989
2026-08-17T04:26:20.139Z STAKES Stake account A5weBkJi5D6wP4vFPTA9SGdMQxcAZiVNEqXmaj4T7EP7 is de-activating:  0.002282881
2026-08-17T04:26:20.139Z STAKES Stake account A61K21PSZGScyx19rvRuaysyad9barcTemEUEsncAbgu is de-activating:  30.379768973
2026-08-17T04:26:20.139Z STAKES Stake account A6HVLWWZjS7c4Q7yXvUtjotQ8QMPShwKw5vDbBqBps4H is de-activating:  0.002282881
2026-08-17T04:26:20.139Z STAKES Stake account A6NafBUZoMH2r5CEku2wYVwU1JLBqGidpXSc8cfccdcu is de-activating:  0.056901155
2026-08-17T04:26:20.139Z STAKES Stake account A6rnybsWShdQe879KKQbZA5VSTfSQzmLAdZV9wAM5Bgd is de-activating:  0.002282881
2026-08-17T04:26:20.139Z STAKES Stake account A6ybELTgiUjRyUq2CBQGJwLqnkL5mCMX4NZ7Lx36UEdQ is de-activating:  1.215305804
2026-08-17T04:26:20.139Z STAKES Stake account A72fDYHa7toNi9VCFhswwzs2QpZJJosoHzhRXBgn2tZ3 is de-activating:  0.005920406
2026-08-17T04:26:20.139Z STAKES Stake account A7MQsk3QApvdLYYX2g6aWG4ije884nppkPUcAAjFb2f5 is de-activating:  0.11481144
2026-08-17T04:26:20.139Z STAKES Stake account A7MgVxvvY98YPCVWtjPXwX2m5eVoSkh9xpFTMphDL9v8 is de-activating:  0.003151545
2026-08-17T04:26:20.140Z STAKES Stake account A7oMC4ECoNCr2DkFRqDZWqNCqQEyHF5qZtrm3utAcFVB is de-activating:  1.213673277
2026-08-17T04:26:20.140Z STAKES Stake account A8Ke35AWtHsunx8ZTeTnpkXnfKKD11efjNz4LPSivKx1 is de-activated:  0.020181557
2026-08-17T04:26:20.140Z STAKES Stake account A8XPKhjWMzJTXuaBFv2NdX8jAfED2DPvUTdgJMNS5JQi is de-activating:  0.020800143
2026-08-17T04:26:20.140Z STAKES Stake account A8Z1BdTRPsMhAqbLQqUns51t1bJ5G7Az18xUuVXcx7GC is de-activating:  0.011648945
2026-08-17T04:26:20.140Z STAKES Stake account A8q5ahYZYEXSPYtWmaSBVknJY4Hyz2UpVro9zTPUEa7G is de-activating:  0.517722392
2026-08-17T04:26:20.140Z STAKES Stake account A8qGuYWsCWiPvmPaezjU3VwYteCb4iRVvuTRBcqwwARf is de-activating:  0.036700094
2026-08-17T04:26:20.140Z STAKES Stake account A91rKX2o7CDToVm7BjtfFLzyzNiRf3YNsXa4UkCQq76g is de-activating:  0.120953286
2026-08-17T04:26:20.140Z STAKES Stake account A96qXSs5jMrVdAVMoaNhYnUmYnfiq6iSAsB5v6BSPDai is de-activated:  0.003786241
2026-08-17T04:26:20.140Z STAKES Stake account A9ZutVvM8qSee4aAmbkrbVrm4ivQHiJgNFMHxgXqj2iu is de-activating:  0.064163001
2026-08-17T04:26:20.140Z STAKES Stake account A9oFwes51RtWvL7FeReVpbcWChp7wCUni4rXFR7tJ4sj is de-activating:  0.285019741
2026-08-17T04:26:20.140Z STAKES Stake account A9w9MmYUrafjZnzg3jktorjD1J6tehdfYemxveCsUZBa is de-activating:  0.017446548
2026-08-17T04:26:20.140Z STAKES Stake account AAGaUf9q4F1bDwU1kMGyXfrEjdFGPgwuDewLi1xX2U7Q is de-activating:  0.048086313
2026-08-17T04:26:20.140Z STAKES Stake account AAJ43bZXLrnfU33nwQwcw3HN3VUZZBtk76AEGfnaDffF is de-activating:  0.025939634
2026-08-17T04:26:20.140Z STAKES Stake account AAeSUudgh1owPNj88RtmmbuM6KMPbfwCiNtvef3M1weV is de-activating:  0.120733105
2026-08-17T04:26:20.140Z STAKES Stake account AAhNoNU6KMX99uVaR1biMkR58yMJi7cWFc7xH5foPze7 is de-activating:  0.002282881
2026-08-17T04:26:20.141Z STAKES Stake account AAv2LMv9GSK3vKmBRqWHYfhvypq6PJQnZRgDxwwvfmEZ is de-activating:  0.002282881
2026-08-17T04:26:20.141Z STAKES Stake account ABExvoEL6s6YeSF4VWRstxhzqTSkucHgsJoYWuwuwEzn is de-activating:  0.002282881
2026-08-17T04:26:20.141Z STAKES Stake account ABTLRZNHVtHREzDKSCCLbrnDS6RvSfzdTuKUissZWzgf is de-activated:  0.002282881
2026-08-17T04:26:20.141Z STAKES Stake account ABYdCD4gVTVc6oZmEHGge5uPF7cso4h75JSbU9FQ1FJL is de-activating:  0.023776194
2026-08-17T04:26:20.141Z STAKES Stake account ACMTJdAyF7NSMSi8exNrKu9xvyQ9ZGjJNDkVZFr6yV53 is de-activated:  0.050065063
2026-08-17T04:26:20.141Z STAKES Stake account ACZaY6MkonYVkZpFRdh2nf6QfuBUQSVU1obT7X1z6uAn is de-activating:  0.002282881
2026-08-17T04:26:20.141Z STAKES Stake account ACcpwbtqfWWc6BCTLh5tF3Y5Xg9UqyYWEsZdkLaxbRfq is de-activating:  0.011636401
2026-08-17T04:26:20.141Z STAKES Stake account ACumQ33qfw7c3fHQjshYaLog1gdFmDNDYX2KzuwNWgwP is de-activating:  0.053843174
2026-08-17T04:26:20.141Z STAKES Stake account ADRKHTgP2Vm1JsHeSnMoue1ak3MqVXN9UNjqa1u2Leof is de-activating:  0.002889432
2026-08-17T04:26:20.141Z STAKES Stake account ADVEaPJAZc9iFFbhu5oMjY2DPPKjCJ6fgxxxhFE78myo is de-activating:  0.120879099
2026-08-17T04:26:20.141Z STAKES Stake account ADcChi2cSa5T71JPiX7p4hopfsjPc3QsjShUCgDyJ85x is de-activating:  0.086014993
2026-08-17T04:26:20.141Z STAKES Stake account ADg7mSeFDtmAroTBMPjNHw1LGo4SZX7PxXR9zBj32ZC8 is de-activating:  0.120892017
2026-08-17T04:26:20.141Z STAKES Stake account ADpyA2EirhFaoSmWFtp1Ts5x67aLMPFze3XXjNAyLSB8 is de-activating:  0.108796141
2026-08-17T04:26:20.141Z STAKES Stake account AEDBKUFQsZFhp6D1SSAA2TbU8tBZwjtaRpToPt86GW35 is de-activating:  0.011635383
2026-08-17T04:26:20.141Z STAKES Stake account AEJn7ygXxLgB7wr5iYSLfqHSuWvEGUuYsZLPDqEaaqba is de-activated:  0.115043124
2026-08-17T04:26:20.141Z STAKES Stake account AER2neRyg9PuuJur54bJCnkN8qd7YjydRBssb65bWH7z is de-activating:  0.017711098
2026-08-17T04:26:20.141Z STAKES Stake account AF2zZPwQQuHYHbxcmzM2k4FxnRv2yp5Et6xrh3zyAgLG is de-activating:  0.399812194
2026-08-17T04:26:20.141Z STAKES Stake account AFFCw8BnCVsGQRyhEV6kFHGYxgvV8ahzxMnDBgwEZ6GX is de-activated:  0.002689429
2026-08-17T04:26:20.141Z STAKES Stake account AFGMgbD5B4iHzCUVghwLeSWmMSVZFV3UHW9BTBg5Ei8x is de-activating:  23.642223401
2026-08-17T04:26:20.141Z STAKES Stake account AFmBBKTkUZzRRaJSHvxVPBHakaBon8abLt5HHGWmqLR2 is de-activating:  0.002282881
2026-08-17T04:26:20.141Z STAKES Stake account AFvhgg7NYoEyZLaWHRQfUBGxXFGXrfifpAJ7gdRmCnCD is de-activating:  1.214027352
2026-08-17T04:26:20.141Z STAKES Stake account AFxFGNFRmCC6Uvp3SWMzWzi2UpcDMjBAeCyxSgQ1x2qL is de-activating:  0.002282881
2026-08-17T04:26:20.141Z STAKES Stake account AG5MzrYuLMiMTyJ33UX4msWT5gVXYj1uEvfH3dmMq1Hs is de-activating:  6.057449325
2026-08-17T04:26:20.141Z STAKES Stake account AHwbj84f8kSgDoYSwgvSoEjxVsTouKg8AkoyFLWmMXZL is de-activated:  1.124503525
2026-08-17T04:26:20.141Z STAKES Stake account AJ8PnQWEmzoXHdXvgUBErJJPwYwBY9qaz1yZkQW6DWVF is de-activated:  0.050361709
2026-08-17T04:26:20.141Z STAKES Stake account AJ9ioPc2mhdCSJG642g31RUAvMQSmphTbPsFbqot2dBN is de-activating:  277.145867303
2026-08-17T04:26:20.141Z STAKES Stake account AJN6XHZGb2GrJqv4bAyz5kni6dGBVugSwzhEnWAQCkTv is de-activating:  0.242172488
2026-08-17T04:26:20.141Z STAKES Stake account AJXPDx7JrD5nMtkv49AAzPDqRw7roxnoLfs24HqCj6eZ is de-activating:  0.60589178
2026-08-17T04:26:20.141Z STAKES Stake account AJeMfzTPBTtSkjJPHjuCVk7WsQQgqfwsBiNf2diUvLQ4 is de-activating:  0.01164495
2026-08-17T04:26:20.141Z STAKES Stake account AJyj6nSVTjhSsMWLUpmNidsrmB2T9r9WeVK9UAqZaWL9 is de-activating:  0.060199069
2026-08-17T04:26:20.141Z STAKES Stake account AK3kWaARsMtZUtSzuW2U183hcHchHuHyQLF6LgujBifr is de-activating:  0.027736221
2026-08-17T04:26:20.141Z STAKES Stake account AK95KWsf4ZqGsHQyLjVhsXy9eTY2bbfRUFodeXaJ8kZr is de-activating:  0.120681734
2026-08-17T04:26:20.141Z STAKES Stake account ALZm92iWTaJhJkiGcfMjMxxjtcZweutH5uZrtbsz2yRf is de-activated:  1.102486793
2026-08-17T04:26:20.141Z STAKES Stake account ALheFb9vDqCRopYYoJAcsGCcVWjGi2LFqrs7vdecXnpU is de-activated:  0.050273822
2026-08-17T04:26:20.142Z STAKES Stake account AM7whwkvGygibexHefFGAf6ZJrkvvWTt5p7Wioeg3xCb is de-activated:  0.005500337
2026-08-17T04:26:20.142Z STAKES Stake account AMVAQafpCYXbgeUMqD5eWYNExmsqJX9YpR4xj2nH5QRJ is de-activating:  1.201417445
2026-08-17T04:26:20.142Z STAKES Stake account AMWCzn4EdvEHWApvL41YELRAMnwAP2ACbnp3QGGL5ELe is de-activating:  0.009866565
2026-08-17T04:26:20.142Z STAKES Stake account AMahZWyZxpuqdeHZea77zwWFSy6CJktoyzGugWD1gMun is de-activated:  0.150344552
2026-08-17T04:26:20.142Z STAKES Stake account AMcGqsGcmDhioc4f3Puxnf1mH8fTaNa6r2yLxJPTN3M3 is de-activating:  0.12910014
2026-08-17T04:26:20.142Z STAKES Stake account AMfcpYtDY6uUK2A8ixAwX8tNiR1wVTNnc2S4SFUCaTC2 is de-activating:  0.060169847
2026-08-17T04:26:20.142Z STAKES Stake account AMr7ZNVSYetoCaYZ2A1drw93VNVBEnHf4zczo26Aohjs is de-activating:  1.212478647
2026-08-17T04:26:20.142Z STAKES Stake account ANPTCusXScJ5k5WyYmJrEEPCPE2sstqB6hfoCHcqJVa6 is de-activating:  0.120790158
2026-08-17T04:26:20.142Z STAKES Stake account APSGE4M9PKYqM2jdgwtLNWxPP2qDmFLuAcwKh8hxL2GW is de-activating:  0.029589649
2026-08-17T04:26:20.142Z STAKES Stake account APdJhrPRr1RRSWmDiaeQMrM3fPmfHJaCg5FxVHqbsr6Q is de-activating:  0.08887313
2026-08-17T04:26:20.142Z STAKES Stake account APjrJaJJUG6w91SChCskVgCuqxcWpHCMdYNHyHnevydW is de-activating:  0.130373283
2026-08-17T04:26:20.142Z STAKES Stake account APmFvurtQnmqqKKarxRRLELTqAyEhx71gt5yqN8MjzEK is de-activating:  0.180486466
2026-08-17T04:26:20.142Z STAKES Stake account AQ6ebX74Ntf6AFEQVmcGrNyf7pGGJPseajnTxoDuqxUK is de-activating:  0.002545598
2026-08-17T04:26:20.142Z STAKES Stake account AQJRCqad3DCdcHNmCAS6JoKNLoBBFawxTiggnzQp3ovv is de-activating:  0.01164495
2026-08-17T04:26:20.142Z STAKES Stake account AQNBErTiv6ys5Y61NC3HpoK6EaYVPoZwAN7RzuuYwfqv is de-activating:  0.014402617
2026-08-17T04:26:20.142Z STAKES Stake account AQRZYgAffYN2wAgQ1sSoX16fxWaUZTrcuQJ2n3fJvCv5 is de-activating:  0.035894181
2026-08-17T04:26:20.142Z STAKES Stake account AQcnSbn7s6BomeLFwY9WAV8apyHLK1GDAYph7WJcYy7Q is de-activating:  0.120892017
2026-08-17T04:26:20.142Z STAKES Stake account ARchjsxuiCDcdiuBmgCdWe2NNuP6fWLZerFrHZXMnnNM is de-activating:  0.120790158
2026-08-17T04:26:20.142Z STAKES Stake account ARdS37uxNjvuT3gw1AevWWFAqa94DPPBnceFMeHtrbM7 is de-activating:  0.018653421
2026-08-17T04:26:20.142Z STAKES Stake account ARrwXVmppGXERWSb1q6UiSy7hv2bsrpqrdM29a2g3zj4 is de-activating:  0.003588202
2026-08-17T04:26:20.142Z STAKES Stake account ASEXWkR2iXXVdop6G4SnmHbDnC9HRXLR6igDpxtBQenV is de-activating:  0.042941009
2026-08-17T04:26:20.142Z STAKES Stake account ASREgTzVnwtYLzkroQnnantCvaP25fiUB7qU5QE2LgAm is de-activating:  6.070764944
2026-08-17T04:26:20.142Z STAKES Stake account ASTMTftNWC25gmcg6a9MJTYd29VA4svzcvFxiLge1Q56 is de-activating:  0.363722438
2026-08-17T04:26:20.142Z STAKES Stake account ASyh9DuQoLez1CJRdEPD61vFHv8B96Y3byqYpnQbYrkC is de-activating:  0.634130792
2026-08-17T04:26:20.142Z STAKES Stake account ATMrE397Z8HSX2Je6KEoUpgMNcu8NNmLvtCJTmSbb5y1 is de-activated:  0.003348653
2026-08-17T04:26:20.142Z STAKES Stake account ATSPADAgoq4Urqa2ErQVdiPwoCF7K2Fd9BKYZtKswSZG is de-activating:  0.627180418
2026-08-17T04:26:20.142Z STAKES Stake account ATUwu5zqCRQ3n2MtbtVEv5jCKQ3KRvYM6m8HJB8XkqgN is de-activating:  0.120841124
2026-08-17T04:26:20.142Z STAKES Stake account ATXdTBtDZbrKcV5KkCXQtcrd1nhHGKjKGCDVgzYnuhPw is de-activating:  0.094868311
2026-08-17T04:26:20.142Z STAKES Stake account ATpvCtcS7yzo1sRq2qhuj5F576ZdzcKxC81TRmbvyGL8 is de-activating:  0.01016491
2026-08-17T04:26:20.143Z STAKES Stake account ATzSAs7S8NPmP1EjDdHn5eJKGxGKfJGFKVJrpKoam4kC is de-activating:  0.002282881
2026-08-17T04:26:20.143Z STAKES Stake account AU8wUP89Vc8eXc8ryo48b33WwpdwAmyhAqmKjgCR9jAb is de-activating:  0.011648681
2026-08-17T04:26:20.143Z STAKES Stake account AUo35JGY4Ug1mwgXyKVFCxKbqfWTZkwgP9KwhNdi1F9o is de-activating:  0.002282881
2026-08-17T04:26:20.143Z STAKES Stake account AUrkfcDwpLm6cAGh4iniMXvpKPqR2AhQJvTGRUqy6AoQ is de-activated:  0.100133244
2026-08-17T04:26:20.143Z STAKES Stake account AV2yAnvhbg9iVpMSTeA5ZbCfKXSzSjkpUNYSdr3y6vuD is de-activating:  0.011488529
2026-08-17T04:26:20.143Z STAKES Stake account AVWiCXNv7y8TVfwXgnbN2zBYSeZntExR72t2Swb2CABQ is de-activating:  0.002282881
2026-08-17T04:26:20.143Z STAKES Stake account AVmBx5Nqu54FXQdJYaj7zXCCDhcu8XXpvfc9sEasYyjD is de-activating:  0.120733105
2026-08-17T04:26:20.143Z STAKES Stake account AVqBQLceAF38gxqUURv7rb6ZiztvMKYNXhr1haEeXEdg is de-activating:  0.04533115
2026-08-17T04:26:20.143Z STAKES Stake account AW51ZcPp5gPiKWYSQ9se3eDg93bDdRN9bcuofNq1iM99 is de-activated:  0.102641353
2026-08-17T04:26:20.143Z STAKES Stake account AWNDJRKroWAttQ7xWs7e6K7NTtipUkSNAZxUGih3MhTk is de-activating:  7.57114635
2026-08-17T04:26:20.143Z STAKES Stake account AWi2V6oGSjL5Qh3PM66Uz2CWmHDaASHCYEFpfdLWLPC8 is de-activating:  0.002282881
2026-08-17T04:26:20.143Z STAKES Stake account AWkAgUrHpMRYPrxW8UhPgAkPeRuGdV7uQBPrJR4EwHSo is de-activating:  0.241979976
2026-08-17T04:26:20.143Z STAKES Stake account AX5w8ZRM9EmTKFBkvrHEgUJBLFt3vaPFnFtNKxCm7Mo4 is de-activating:  0.634767867
2026-08-17T04:26:20.143Z STAKES Stake account AXLV3CuXMCYqhokTTqEfFXsWyv2Vx8Av91paknbUPswi is de-activating:  0.011640899
2026-08-17T04:26:20.143Z STAKES Stake account AXMM1vboDpwD4FwkCyvDhbpnye9RSaDdmi9PFuLDMkJ2 is de-activating:  0.002282881
2026-08-17T04:26:20.143Z STAKES Stake account AXpEGRirpoRmT3jiKuth8ts3S7THuAnfTekUi3qMmFGH is de-activated:  0.344188281
2026-08-17T04:26:20.143Z STAKES Stake account AY25vrQa2Js1LdQpSBcsyMg5gFCyohVeqBsXcJ9Ngg7h is de-activating:  61.575019763
2026-08-17T04:26:20.143Z STAKES Stake account AY8aweJ1DtNiFRcucv1i4w11dMUzePHkGyRRaoRQzVq9 is de-activating:  0.120781261
2026-08-17T04:26:20.143Z STAKES Stake account AYYaSB38j7P6vmqfDqACVeNCB5oPbXxpspgjxk4Y2ZvA is de-activating:  0.041070323
2026-08-17T04:26:20.143Z STAKES Stake account AYbvAtPKhhgBX9JkZZkfbSfKsbU2oGDkzgqVqxGTYRjp is de-activating:  0.30258035
2026-08-17T04:26:20.143Z STAKES Stake account AZa2A6dkhNNCJLnjDZsybM65u5qFCcJjM5ZL7Ssigg5x is de-activating:  0.010535566
2026-08-17T04:26:20.143Z STAKES Stake account AZgXqaPzjSML8q5trbqBDcADMcwmo7YiFwfdZM5XGFR3 is de-activated:  0.320836453
2026-08-17T04:26:20.143Z STAKES Stake account AazYAHKieYMkJn7sg6eADFfVP9F4xewSzjyHWVgsnuRN is de-activating:  0.207335677
2026-08-17T04:26:20.143Z STAKES Stake account Ab8rkZdAo2YKBMbmAaU7naJW8UtndbLRmo61u69y4b72 is de-activating:  568.161868188
2026-08-17T04:26:20.143Z STAKES Stake account AbBRsmqXDX4wXUEp6Quo5x3K7P5SD7Y6k9xNsp5fPwTY is de-activating:  0.03512811
2026-08-17T04:26:20.143Z STAKES Stake account AbsvWct1krxnWujBrkGm5cXtyfqkRLDR5GFMCYB3vqZJ is de-activating:  1.213673277
2026-08-17T04:26:20.143Z STAKES Stake account AcagBTyEse3YR1XvhN37U6hXKjAXkzkiegMnEahxE4Q6 is de-activating:  1.695819461
2026-08-17T04:26:20.143Z STAKES Stake account AdDbJFLhL55TsCNoAdXtWMtGM1jP1d6Z4tg4KJTLNxpY is de-activating:  1.214819299
2026-08-17T04:26:20.143Z STAKES Stake account AdDpK4rPQueKMbKcz5DNGh7z7yTNa26fqUbc33MP2DLo is de-activating:  0.249978747
2026-08-17T04:26:20.143Z STAKES Stake account AdYd24b64YGg4B5TGgPXxFFajhbhgAoygXTs7xcby3rA is de-activating:  121.480432085
2026-08-17T04:26:20.143Z STAKES Stake account Adxr7k73dzQ5ZyVCs1LVSRcT3QwpBBaqSLCCGefV2Xea is de-activating:  0.064706791
2026-08-17T04:26:20.144Z STAKES Stake account Ae1JWYswUcs7DyHuAMuvgrsqaaj5eCAdUwUPyLMR8mFr is de-activated:  0.005500337
2026-08-17T04:26:20.144Z STAKES Stake account Ae6ord1Bmkgmt6fkAf582Rb5UfMKx1BzXahL455hxvZt is de-activating:  15.973651587
2026-08-17T04:26:20.144Z STAKES Stake account AeDSytzbCXRZUFXc2T5R3seAgRpPgRyBxNrzZ8hbC6zM is de-activating:  7.005926914
2026-08-17T04:26:20.144Z STAKES Stake account AeSE1bEfbV1HDyuT4Hvm9m5YF8igyU7PXu4Fhw8YzohF is de-activating:  0.120733105
2026-08-17T04:26:20.144Z STAKES Stake account AeUY4D3myFphcynMMtVyM2cFD6iEW7NXvsLUZznNeGeb is de-activating:  0.011648945
2026-08-17T04:26:20.144Z STAKES Stake account AeXNEGqGzEgjEXbJem4wHERvG7iJSJQXanbTbVcsDXyJ is de-activated:  0.011596642
2026-08-17T04:26:20.144Z STAKES Stake account AfeHAmMxGrcp8a2hugNVoTyrwno5z2VqucPRGD8sNhtG is de-activating:  1.332995061
2026-08-17T04:26:20.144Z STAKES Stake account AfyrrGTuCcYvqx1MWzVWDPQVTMXHKnnVLfJfdqLByUsV is de-activating:  0.120953287
2026-08-17T04:26:20.144Z STAKES Stake account AgJk9m8gENgRRVXhGbWLxKHEs6jWUvC26Gxkxc6Puh1P is de-activating:  0.002282881
2026-08-17T04:26:20.144Z STAKES Stake account AgJnR8xatzssYyfioHFFr5wuAbaEaawWwqSRPBNE1wmn is de-activating:  393.435515394
2026-08-17T04:26:20.144Z STAKES Stake account Agc2D6jYiXNbqbJ2mgTjkwFdRQPtEi1WQf6wvqsQEewt is de-activated:  0.002282881
2026-08-17T04:26:20.144Z STAKES Stake account AgxYEuhcFg8AnJA6u85FFH8pMj6MDKuSZqutPFVgUThz is de-activated:  0.00442893
2026-08-17T04:26:20.144Z STAKES Stake account AgzLYfiPsebNaL1qvQ6Rw9UzBspGox9rB459g5VVX3Ur is de-activating:  0.014419804
2026-08-17T04:26:20.144Z STAKES Stake account AhCJK2vidZjf5hBFnjuD6ZgcpEGqeMg4GVzthY8VwyGx is de-activating:  117.725950283
2026-08-17T04:26:20.144Z STAKES Stake account AhCwYh2tmTfW8uBSZG6Kx3MsqWPiQT46W6rCUgtdj83h is de-activated:  0.11508254
2026-08-17T04:26:20.144Z STAKES Stake account Ai9fvQEQDH86KetqUpyvXqbzzejzEaujbaaCKcL59HNE is de-activating:  0.01164495
2026-08-17T04:26:20.144Z STAKES Stake account AiCEpoTRyenT4B8TaZTzBjator29JQRoFsbEZUtxzsoH is de-activating:  0.01164495
2026-08-17T04:26:20.144Z STAKES Stake account AiHfEbWbtmzFAsEQ1iKsNQot6vLzxGUz4qypXXsd79gz is de-activating:  0.606459387
2026-08-17T04:26:20.144Z STAKES Stake account AiK95T6m9gCdEp7iMtt9SNnWqHxucAviNcemvKUQeeQC is de-activated:  0.054486268
2026-08-17T04:26:20.144Z STAKES Stake account AiLLjDkiRCF44W9CDpPRKuevUaiiL7RkfJi5749xEdFc is de-activating:  1.328367312
2026-08-17T04:26:20.144Z STAKES Stake account AiR8njSQtEmGQH1ntmx4Pnn1rz1gDuSgFuakTtcdamG5 is de-activating:  0.005578769
2026-08-17T04:26:20.144Z STAKES Stake account AiV3iex5V68Um9JeQXpvk2VML99RyLwSS1hTgKvi4pH5 is de-activating:  0.606718844
2026-08-17T04:26:20.144Z STAKES Stake account AimxhRuzUMt843qk6pySr5nb5zTPeSp7Fwqmugf5TzrS is de-activating:  3.624656767
2026-08-17T04:26:20.144Z STAKES Stake account AjB8Phf24HfoWA1r351eCyF5dMkqnPwr2iU7izMFZ8Za is de-activating:  0.145179114
2026-08-17T04:26:20.144Z STAKES Stake account AjBgGssdgoZjjF4r53gN8t3LMKKgtcLET8RUNUrm8Car is de-activating:  0.01161195
2026-08-17T04:26:20.144Z STAKES Stake account AjU3Un7vNCyjTYDzNq5kFqAwgBNARj2Uj23jmh8xnqyq is de-activated:  0.260738444
2026-08-17T04:26:20.144Z STAKES Stake account AjYafzQvDRwqYVwwBnaTYr1aRKnAiKgBXxEEi8ZWHRxn is de-activating:  0.002282881
2026-08-17T04:26:20.145Z STAKES Stake account AjdDqYBUKrL4RAadxBSrKdq2tWti2Nr45rNTv9W8q4zS is de-activating:  1.551852871
2026-08-17T04:26:20.145Z STAKES Stake account AjfHbprqbcbvVUVYPXS5dfw7WTAV44FKq9mRsm8rxbJ3 is de-activating:  0.002282881
2026-08-17T04:26:20.145Z STAKES Stake account AjtoHttkPf39oVAgG5PGH5aJ4q65yfYGZPCyqpk9Lzxe is de-activating:  0.242191829
2026-08-17T04:26:20.145Z STAKES Stake account AkCGzHBEM1etBYrXczNxDtFsXkMCq4YJihLGfaaqk2Pq is de-activating:  1.213673277
2026-08-17T04:26:20.145Z STAKES Stake account AkTa7jimMstEgdss3p53zQ4deUSpJAn52AJ22G8sex65 is de-activated:  0.00228288
2026-08-17T04:26:20.145Z STAKES Stake account AkWoXuVPFMDX3EVMQPnMfUGeFgdkUDLddreXqfA69wqe is de-activating:  1.213673277
2026-08-17T04:26:20.145Z STAKES Stake account AkaZUm2UaxwFxcCxmdFBGeC6C72HQ6N4Gjeic8A2WLi5 is de-activated:  0.350284261
2026-08-17T04:26:20.145Z STAKES Stake account Am1TPkfSCEJ63SswGqixdmV63fEPBLv4Yt2QuNc7jcMw is de-activating:  0.002282881
2026-08-17T04:26:20.145Z STAKES Stake account AmB2aeYDdp9GbuhfDaRXRGCmqN3gKiBYm69Rcu9sEdNu is de-activating:  0.120790158
2026-08-17T04:26:20.145Z STAKES Stake account AmZm4R7vuMaAno15ZsfAKKfQHsEJZwY5xG1yFzUXmTQn is de-activating:  0.008342621
2026-08-17T04:26:20.145Z STAKES Stake account AnDw6icDFyd5DyvXxkRGN45ii93L4M4TUNEYkQ9TBNqP is de-activating:  1.212569457
2026-08-17T04:26:20.145Z STAKES Stake account AnaXg6JjBpbMDvd6VyDx7NaGdwgh8RiCF5rTCZtFqSMY is de-activating:  2.43080095
2026-08-17T04:26:20.145Z STAKES Stake account AnfqnB6wdUAdNVewk6d5PSnBFeDGe6A73gTZYMxQ3WPv is de-activating:  0.12082821
2026-08-17T04:26:20.145Z STAKES Stake account AnkYk25AoXSyLDeizDCXuBCF2aoVzo32M3FQ52yMdZNo is de-activating:  0.017954188
2026-08-17T04:26:20.145Z STAKES Stake account AnnKQ77pcPyjpxqFAwB5rx6mCdikrVLUEG2jVQBAuQBb is de-activating:  0.245816273
2026-08-17T04:26:20.145Z STAKES Stake account AnnbXZduyiTnimBSac3oFRuZcJCkqBRYvMafjXEnKUXP is de-activated:  0.004282881
2026-08-17T04:26:20.145Z STAKES Stake account AnuxbmbA51xsu3dkzemxhwydZ2fMewKMBu6YhGw3xqFC is de-activating:  0.002282881
2026-08-17T04:26:20.145Z STAKES Stake account AoMZC4XcmbMj4LeSLKqEJHQdPa3Fy53Pn7zT3qjp49Pn is de-activated:  0.050042225
2026-08-17T04:26:20.145Z STAKES Stake account AoUasaX8hCmMDf93LvmzYs7SzqUNffWaw6EXeX1wZLqX is de-activating:  0.002282881
2026-08-17T04:26:20.145Z STAKES Stake account Aoo5orrgSs4cwcY3md6C7FBsjBsQ27GfhoYDbJ9RqDDY is de-activated:  0.147188179
2026-08-17T04:26:20.145Z STAKES Stake account ApXdvF3hUBv1qEQvaWQ5ziRTRRp2D9PVP11vPKuMK55W is de-activating:  0.012447695
2026-08-17T04:26:20.145Z STAKES Stake account Aq2FjHHyuAwSfj8ticETX3nbpAGvcZnA7GMgcGtGFsdF is de-activating:  2.417041458
2026-08-17T04:26:20.145Z STAKES Stake account AqfRtPW9NWiTD3DNg26omvTJF4GGz7ebchKEgsmPDTNw is de-activating:  0.605908846
2026-08-17T04:26:20.145Z STAKES Stake account Ar1HAbKCDtKSeWDySqzwhYwhpbMiVi25ACxesySrqqR2 is de-activating:  0.002291212
2026-08-17T04:26:20.145Z STAKES Stake account Ar2CBfXHagh2xJqtdNwpVhVeWtcaxMs6hMsJpF5of5Hr is de-activating:  0.002887804
2026-08-17T04:26:20.145Z STAKES Stake account Ar6xVdZv9bSpvjPotmbrU5qQHh5a4pmpXceaiG9tm4GQ is de-activating:  0.003153134
2026-08-17T04:26:20.145Z STAKES Stake account ArhWk61QcccLsJvQN34y8A7ySD6iRqtKcXRbohjem8BQ is de-activating:  0.174751906
2026-08-17T04:26:20.145Z STAKES Stake account AriFDaCNQ5GM8Y9NFzRcEUHdwiEq5HLuE31s1Vz9De2F is de-activating:  0.799575294
2026-08-17T04:26:20.145Z STAKES Stake account As9Q8HnGLitb1JZkngTdTWPLxjqQdV5bcuvVuhPSSAT2 is de-activated:  0.021280162
2026-08-17T04:26:20.146Z STAKES Stake account AsAr2yKyuhShiQLMXBK4dr2juKJEFKjiirgmwQSAc3CD is de-activating:  0.002282881
2026-08-17T04:26:20.146Z STAKES Stake account AsLPMEKGL6uWTPSNxpma3T79FMuM8J3RMNS1bPAyxpt3 is de-activating:  0.005315355
2026-08-17T04:26:20.146Z STAKES Stake account AsTijCJVym8VZDHvfkb2EKbaWzSfhtag897nQEct42Yc is de-activating:  0.002282881
2026-08-17T04:26:20.146Z STAKES Stake account AsjSUxg5eAkBCwPQNBVF7oWCu3yzGNT7LeU1PH7sxDbs is de-activating:  1.216907019
2026-08-17T04:26:20.146Z STAKES Stake account At7E1J51hyNMkcakZ594s2Wh3Cd9hYJwunxm59MBjCQL is de-activating:  0.119582849
2026-08-17T04:26:20.146Z STAKES Stake account AtLx9LcqtuBp59qjUjHJnhMqjEFY6adV7hCS8zdocJBm is de-activating:  0.048061533
2026-08-17T04:26:20.146Z STAKES Stake account Atcc9JDJVGLNGdNaRaqVcsMmSvbHBMxaB8PSVwpGf6PT is de-activating:  0.120892018
2026-08-17T04:26:20.146Z STAKES Stake account Ato2ZuDVGL4MZDfcEihs1SUyD3w9HGjJGw82orL6zkRY is de-activating:  0.002282881
2026-08-17T04:26:20.146Z STAKES Stake account AuJcdBHsvb2GzGq7jfYULE4dBdx6wYQpV6vDdDXBsTAQ is de-activating:  0.120892019
2026-08-17T04:26:20.146Z STAKES Stake account AuUrBmovzcg4UvUQUXgmmWajSWafmZY2ETvoLjxzo492 is de-activating:  0.424679123
2026-08-17T04:26:20.146Z STAKES Stake account AuViE5AdrP3BVFvz6pnhmk1gkfkbAByfSMxqwnNzYgA1 is de-activating:  0.120790159
2026-08-17T04:26:20.146Z STAKES Stake account AvTvaTcFbk6Dr8fK3QBa4x5FSTtDJbWPBUDy5gDnCTTv is de-activating:  0.002282881
2026-08-17T04:26:20.146Z STAKES Stake account AvVrDcL3aXyXTz1L1tBsvV47EXNEAxdf8pLC47gPS1Yz is de-activating:  0.011648945
2026-08-17T04:26:20.146Z STAKES Stake account Aw2ZDz5o2xJeaQhspcqJQQqE2NUHnPEmWvWdt4qTFiNF is de-activating:  6.070639389
2026-08-17T04:26:20.146Z STAKES Stake account Aw8CB18kH3oNbgRtibNkNprcxcoTMFZCdu9VwEftaVVi is de-activated:  0.011179213
2026-08-17T04:26:20.146Z STAKES Stake account Awkne7qi4YK37STYAy7ZuuU11JF7GR3xMTWmX3sUqMXw is de-activating:  0.02377664
2026-08-17T04:26:20.146Z STAKES Stake account Awsvpq6sjrvfTFXNv3xokkZnHeyWBX5UA4zuMcybrgux is de-activating:  0.060517395
2026-08-17T04:26:20.146Z STAKES Stake account Ax3pzZhKe6GMMbBqTrnLKfbhc8BrGBgMhiiodevYBHGx is de-activating:  0.008354159
2026-08-17T04:26:20.146Z STAKES Stake account Ax7E6M9Xu778cxdjsk6U3ZZDpJYVGGSpAv6VyDrS1S6a is de-activating:  0.294254355
2026-08-17T04:26:20.146Z STAKES Stake account AxGE5op9w9FBgVEeN4wWXYzWkkJBiNVFzsgFvHrA5Ygk is de-activating:  0.317050104
2026-08-17T04:26:20.146Z STAKES Stake account AxH3KP4pUQPJgbe5rQKhVm4fSzVZpCkL7ZkLqrxVVrg4 is de-activating:  0.596177062
2026-08-17T04:26:20.146Z STAKES Stake account AxnFR1sx9qHEsEzQcXtMf8W1MbqWwkAJwQ4assxxYBHu is de-activating:  0.302613057
2026-08-17T04:26:20.146Z STAKES Stake account AxsjdthuujgN4YvLsnCqHWzXW8tMuqJwYJmGKpaUCDGZ is de-activated:  0.01
2026-08-17T04:26:20.146Z STAKES Stake account AyHjBqQ98KtN1hrL5CznS4KhyrrnHpif1Z62z7tYyd66 is de-activating:  0.011636401
2026-08-17T04:26:20.146Z STAKES Stake account AyNiapY8wivs1isWNGYtowF4bmRYXQabxrEd9MSUBmuC is de-activating:  0.002282881
2026-08-17T04:26:20.146Z STAKES Stake account AyYQdzjWvSft8ke6GheSi8e19nB5cowEA7CYPSKFG131 is de-activated:  0.01
2026-08-17T04:26:20.146Z STAKES Stake account AyYdttA4JCcrZhvQEiiuDfFkPYEEQwpozVjHMHhU5vMS is de-activating:  1.214193507
2026-08-17T04:26:20.146Z STAKES Stake account AycghxktdNMCHC1JrZL137frhobYb92goQEm4Y2dSV7V is de-activating:  0.058697561
2026-08-17T04:26:20.147Z STAKES Stake account AyeEDJYS4j2fLFRaF54dqyQkhu94AnMntLeT2z1gBo3X is de-activating:  0.03594138
2026-08-17T04:26:20.147Z STAKES Stake account AzZYVb2K5xFEFvD9ePXugrqVeTQNriKN1ojkraMjgevW is de-activated:  0.010017991
2026-08-17T04:26:20.147Z STAKES Stake account Azgnxu4sVZoqd2Ai9d6VVasxYdBBUnQ8zJLu3KsPutg8 is de-activating:  1.214159254
2026-08-17T04:26:20.147Z STAKES Stake account AzrgCqP6nznoqreHXokUiD9T5SRPsqNKBUpruJbzCPKB is de-activating:  0.060121451
2026-08-17T04:26:20.147Z STAKES Stake account B1b9xK8hadzBNfyGqvVQcNvc1ko1RT1GN4nDZ4L1btPt is de-activating:  0.402318506
2026-08-17T04:26:20.147Z STAKES Stake account B1xTLAVD1i1DQfTwLV7hzMkEs1xnwKnL8efarXbqi2Mz is de-activating:  0.023777247
2026-08-17T04:26:20.147Z STAKES Stake account B22BWYLtepagSKBbCxzLUBhpWLzVHLrxLDmsHo4P67ca is de-activating:  1.248553366
2026-08-17T04:26:20.147Z STAKES Stake account B22XR43BkXeqWoQ86Ek2qouKuX6LyVzv93C4UN7G6oA9 is de-activating:  1.252342045
2026-08-17T04:26:20.147Z STAKES Stake account B23Zv4m9ydS7Asuh4yKKWkdLdunUzJywT6BPsN6C7FjA is de-activating:  0.066611166
2026-08-17T04:26:20.147Z STAKES Stake account B2tRm86pQbAKaZtGNLnhLBkWafDZ3jhFwUfxF94Uc9Eb is de-activating:  0.02907309
2026-08-17T04:26:20.147Z STAKES Stake account B3Fo55kTVFoRePAzEbsz9CbiczEq1V9YkLnC3TUcY97h is de-activating:  0.120837771
2026-08-17T04:26:20.147Z STAKES Stake account B3ibskcBiVcXEHBn1dAENyRgp6w5wz4MM4nniktqBQQn is de-activating:  0.002282881
2026-08-17T04:26:20.147Z STAKES Stake account B3mwbTJXgaDW8X1xpnQ7RhUyzbtVXzmhSpwcqC9tBA9c is de-activating:  1810.085800813
2026-08-17T04:26:20.147Z STAKES Stake account B41rsDwVMKZpGjpPNekEK7mnFLk681KTMGKWpNPQV2PS is de-activating:  0.023777247
2026-08-17T04:26:20.147Z STAKES Stake account B4HgiQohZEchQhsMn18fsJCGrgJ7mZmT4oebvnATjWM7 is de-activating:  0.120841124
2026-08-17T04:26:20.147Z STAKES Stake account B4onRzKfgvQfQkMn1JTjo9fjVtt9YLmoVZM3AkQLidLB is de-activating:  0.002282881
2026-08-17T04:26:20.147Z STAKES Stake account B58J8hApSnGRgJ6pXxT1eSR44s4vYnZkqWnXppQJSw3q is de-activating:  0.453576716
2026-08-17T04:26:20.147Z STAKES Stake account B5ZDffjbYKDCH46fnLQHykCA65iSY58CtnQ23w65CHw5 is de-activating:  0.065970001
2026-08-17T04:26:20.147Z STAKES Stake account B6PnvwwvEqAS4EAqZcr8PT3uxqvtCRFc3EePsR7y57JT is de-activating:  1.290475302
2026-08-17T04:26:20.147Z STAKES Stake account B6cm2hvXTEHGnisbPkaBmMZiChkcCwh3cUtN46B7Wr1S is de-activated:  0.00228288
2026-08-17T04:26:20.147Z STAKES Stake account B7NNUrWUDZfDe5PfG9r9BY3PpMvdYMwtqXXiaFqaqQzJ is de-activated:  0.101763137
2026-08-17T04:26:20.147Z STAKES Stake account B7igMeEt2KGbuEhSm43SgJP1asaEb2rhWDTkoASJg91C is de-activating:  0.011657836
2026-08-17T04:26:20.147Z STAKES Stake account B7mGbnPVd7hHgsF35mQUa9WS3iHVhBasph3Ayytuz7Lt is de-activating:  0.047552496
2026-08-17T04:26:20.147Z STAKES Stake account B7zPPwcj3BjKTCk2SrXrTqseYJeSUQJH4hPy6Hqhqn6a is de-activated:  0.003355815
2026-08-17T04:26:20.147Z STAKES Stake account B884HTYE6R2eZpbh1kcnvHzEWTneKGBwnhqRrgGVE73i is de-activating:  0.01164495
2026-08-17T04:26:20.147Z STAKES Stake account B8AK4jW3n8bQiT3S3jx5inYpAcxRex1bm9QtBG96tMia is de-activating:  0.013433661
2026-08-17T04:26:20.147Z STAKES Stake account B8rNyei2L9Jp62dgxtUC5dzUg3SdL5g7CcF1RPeZL4hN is de-activating:  0.060169846
2026-08-17T04:26:20.147Z STAKES Stake account B9Za3xpmH8Kf68cs3HHiBh8s6Fc95vGjA7C2wCK3yzDa is de-activating:  0.011640899
2026-08-17T04:26:20.148Z STAKES Stake account B9gJzB7zeSexAXrk575C4hQNo1myYE9ZAnj36LqZ3hqn is de-activating:  0.605588887
2026-08-17T04:26:20.148Z STAKES Stake account BA9DbLmGZjidKa9uLcqMXiEZdHSTcuSLoYRCm8okDy7F is de-activating:  0.485014344
2026-08-17T04:26:20.148Z STAKES Stake account BAPA7fy4UB5r4o8SYeBp9vdw8wAgawNpsYTK4XpMqZ1u is de-activating:  0.121000913
2026-08-17T04:26:20.148Z STAKES Stake account BAbrsp51CQnvqR6Q5FCzxf6PxKqdpfbu1mQzfmMGYSUa is de-activating:  0.020640918
2026-08-17T04:26:20.148Z STAKES Stake account BAubMGL7JEGP2KqwHi9KxCNgEht6T5bruB5F9SPBA6Gc is de-activating:  0.032006457
2026-08-17T04:26:20.148Z STAKES Stake account BAyxMUmwwTMKNMLrjfGTSCoZ53wctX6oPWk8KNCjjvXT is de-activating:  0.004102133
2026-08-17T04:26:20.148Z STAKES Stake account BBDnX4NDepBdoBD4uSKbahdfYRJ5LCHfvZFyppeSF69t is de-activating:  1.334542802
2026-08-17T04:26:20.148Z STAKES Stake account BBNTP4584ht7JH7bHDM1RmCqyUAeMfxS84zQbkVS25hu is de-activating:  0.303171385
2026-08-17T04:26:20.148Z STAKES Stake account BBoSs64o84WiUdp4GEF2MEBYR6qzEf8VqLRsunmkUXYy is de-activating:  0.242425582
2026-08-17T04:26:20.148Z STAKES Stake account BCjfSFAgModk5PvuiySzRPJE6bFHu5t2765CzgPdZS1F is de-activating:  0.005920406
2026-08-17T04:26:20.148Z STAKES Stake account BCnmD6HzR16H5cFW5QkcpCTJ5FYs7DetVhgSmnKjpubx is de-activating:  3.8671366
2026-08-17T04:26:20.148Z STAKES Stake account BCs7vTNdLzQVxzr4LBeWobNzVdfn2riy4zoEixh5U4i5 is de-activating:  1.213152442
2026-08-17T04:26:20.148Z STAKES Stake account BCtiJW2VgU2QzNguFREU13SzRuJtannibfyhe36PZUV4 is de-activating:  0.011636401
2026-08-17T04:26:20.148Z STAKES Stake account BCyHWH4a79ySNSwXryeyCBESPT4mPErck2oYTRNyHtuK is de-activating:  0.01164495
2026-08-17T04:26:20.148Z STAKES Stake account BD24r762f8nvofDcdNYZWHLaknbw1BSUVNV4u2KR4ib6 is de-activating:  0.002282881
2026-08-17T04:26:20.148Z STAKES Stake account BDCeJ7hiiXCrTwzC4gnTyqkCkZyvtqY8yM6ssF4MgdGJ is de-activating:  0.363869708
2026-08-17T04:26:20.148Z STAKES Stake account BDKgbzrpPS3H2HYPsxmM7woe3ErMgBmByZSThkPfVSzi is de-activating:  1.165155261
2026-08-17T04:26:20.148Z STAKES Stake account BDNrAzhQjGResJG2Rkj2VvWhDgjDJJKYhUVML2iYUWeU is de-activating:  0.278343649
2026-08-17T04:26:20.148Z STAKES Stake account BDvcmx2Qe6ebAbNdakC3vtjwZLQMBbqdKwj2GvuuL4J3 is de-activating:  25.898588613
2026-08-17T04:26:20.148Z STAKES Stake account BEDbo8sn5ndeZZozBEGjDgK5yaehBkJspcVaf1ZDUoPS is de-activating:  642.084923915
2026-08-17T04:26:20.148Z STAKES Stake account BEaDGkufRtDF8b3NMC2QukKG5mqELe9S1RLwW5E8432d is de-activating:  0.002282881
2026-08-17T04:26:20.148Z STAKES Stake account BEkePLNbSe4TjzX5WFMHtuiwYKNXCdRJMxJ69QE8T4a3 is de-activating:  0.011639933
2026-08-17T04:26:20.148Z STAKES Stake account BEm5pg4qwhDKELPevApAmRQdifAnTAjyMWpuinSeXwcq is de-activated:  1.103072801
2026-08-17T04:26:20.148Z STAKES Stake account BF4RZzjsEyjVNshCbQpg1iPBsAKNqoWrsdVpgFgCWpCv is de-activated:  0.035543898
2026-08-17T04:26:20.148Z STAKES Stake account BFBocPS1AUzFJWeh7cN6FcntyRbpRKDjw4MnX5jaZVTi is de-activating:  0.074403808
2026-08-17T04:26:20.148Z STAKES Stake account BFu5MBw82M7tJhTuegQVeX6vo26QMDnsRxQ7xwL72CkG is de-activating:  0.00713313
2026-08-17T04:26:20.148Z STAKES Stake account BGBh7iSkd3RJsxGFgrbyitzEodMjNpmJJ9msj7672wer is de-activating:  0.060199068
2026-08-17T04:26:20.148Z STAKES Stake account BGJQFHNMeNGnqxH5dTPGMvrwQgWaXT8PYu5e5daimjk3 is de-activating:  0.060174193
2026-08-17T04:26:20.148Z STAKES Stake account BGoyhqAFAvp9S9hgHkRhxPBxX4SPCKJuRRjaZzr4UrgS is de-activating:  1.213673277
2026-08-17T04:26:20.149Z STAKES Stake account BGqhUpkY2ra1x3mYJGdy8S8QoWXcPLvYqycSMczcY4Ne is de-activating:  0.013206059
2026-08-17T04:26:20.149Z STAKES Stake account BGuq8a6unGmVwpDeUXxqw9zTiTrBmx1Pmb9LVDVkpztw is de-activating:  0.077532825
2026-08-17T04:26:20.149Z STAKES Stake account BHAKWJ42GJFdhVkTBHSUMLVdocWya3naoU5HzaZDP9xZ is de-activating:  4.851686528
2026-08-17T04:26:20.149Z STAKES Stake account BHKVHBVyydMkzxsCCgWWGPFKpuNPGSAiNhGMVXLgrb29 is de-activating:  0.606948034
2026-08-17T04:26:20.149Z STAKES Stake account BHMpMiFtoHPxxT6ezNDdh6sccAYUDowUnozPvuec3HMu is de-activating:  1.212044588
2026-08-17T04:26:20.149Z STAKES Stake account BHy1mAvB2dG4iSZPpPYwJiQyjWBjmpYrXo2V36bKtq7E is de-activating:  0.092146375
2026-08-17T04:26:20.149Z STAKES Stake account BJ2xAPXU39Ha6AbnKSseoa5MAQv3D9c4zNUaVkdDwq4a is de-activating:  0.002282881
2026-08-17T04:26:20.149Z STAKES Stake account BJLcB9KXrTviuUVAekqk6Ru1oQUdByUXiSYz3hJLnWki is de-activating:  1.213673277
2026-08-17T04:26:20.149Z STAKES Stake account BJXMpXZpsv1RKfTofgRrdf96teqUUX9oPs66xBoYUi4B is de-activating:  1.228075822
2026-08-17T04:26:20.149Z STAKES Stake account BJXzPnVkJrxsPFsfggabjVaUXPaHvfuCRhQnmBRENNUX is de-activated:  0.243728607
2026-08-17T04:26:20.149Z STAKES Stake account BKCUpq7E6Umi7mbmdWCnfa2iHux6zWCZYq7HczkByqgk is de-activating:  0.007134666
2026-08-17T04:26:20.149Z STAKES Stake account BKFULNU2jdMfb3Q1hxS1kYWWvVjJnB3TAGbe3ngnQriX is de-activating:  0.18151913
2026-08-17T04:26:20.149Z STAKES Stake account BKJ59B51SMi6fWBUyfmcmSk4R6rN5LYDmpkGj2AB736W is de-activating:  0.018929097
2026-08-17T04:26:20.149Z STAKES Stake account BKMLGwNKbaMsvgBG7BkJbasjkkQfSUTyDgiW4qtXWCmV is de-activating:  0.254048506
2026-08-17T04:26:20.149Z STAKES Stake account BKXA752iMA15G7rk39h4jFQggWz4thKmiQtA3sRyEa8Q is de-activating:  0.129737149
2026-08-17T04:26:20.149Z STAKES Stake account BKwQMFPv89RB7dh58aVzqM8bhDBWCR24DZar8y6b1wWV is de-activating:  0.120892017
2026-08-17T04:26:20.149Z STAKES Stake account BLJBnk7GjXkTZrw4jrCvVi2kfocwyKXsyDXbaGxD7AcV is de-activating:  0.060172556
2026-08-17T04:26:20.149Z STAKES Stake account BLKMRFGBhKrdshhgsTXhUs7ApyCuW1xkyGrMKoXDZfDD is de-activating:  0.120892018
2026-08-17T04:26:20.149Z STAKES Stake account BLrhUPXZEhwtmP2J24B6nzxFoMER32JEUppjuLHwP7tN is de-activated:  0.002282881
2026-08-17T04:26:20.149Z STAKES Stake account BLsEr7EzSvnjj3MwmSn3yZUKDuoqGdYSK1uSYHGRYSC1 is de-activating:  12.141477324
2026-08-17T04:26:20.149Z STAKES Stake account BMVn42LAxymwSVn8x3h9z2s83gCRyt4BRi36TqWP8GTx is de-activating:  2.428588075
2026-08-17T04:26:20.149Z STAKES Stake account BMXFayPF1g4tKZvNfbYmJ2kb8ErNVnYMUQ9qWc5HHZBN is de-activating:  0.64718262
2026-08-17T04:26:20.149Z STAKES Stake account BMZxUoKRXTt2qoA8m13N86ikfbJixCetzrfpRWcy1icK is de-activating:  0.19267726
2026-08-17T04:26:20.149Z STAKES Stake account BMkajm9gcwSRe8DsQ6HyxkDN9mQ2Y7GmZCunEKvYbBXX is de-activating:  0.014495159
2026-08-17T04:26:20.149Z STAKES Stake account BMpDeMqhWUYHGg23WuRdQCmpCppKgv9Pb3161DtYhiwy is de-activating:  64.57932675
2026-08-17T04:26:20.149Z STAKES Stake account BMr7gLpu6487w6TtHkrsFqBHYVFfe1xcyEjjRUN5w7ZP is de-activating:  0.606393617
2026-08-17T04:26:20.149Z STAKES Stake account BN3fV6KcNBN8PvRKpyZAJ58GKBJfFdVi5LHvJk3DDtKW is de-activating:  0.002282881
2026-08-17T04:26:20.149Z STAKES Stake account BNB6EZNinAY28rRoPbUokdVZMCsftFPHjEGE1KSpqbjU is de-activating:  0.12089202
2026-08-17T04:26:20.149Z STAKES Stake account BNKcvoxWM1nSaszaa8AGLHDAfaTvBZXrEA48Sh75RCaJ is de-activating:  0.060199069
2026-08-17T04:26:20.149Z STAKES Stake account BNNTCm2oCLoLxRns7qaXLA598FF6iwHrp6y3sTZF9p4E is de-activating:  0.060199069
2026-08-17T04:26:20.149Z STAKES Stake account BNY6B5mESsRc5hDAaP2Tkd5TCzSAx1iMtN8TC1m4JqW2 is de-activated:  0.195089968
2026-08-17T04:26:20.149Z STAKES Stake account BNYbqb5DEtHD21xbtJtE9wfqcbEiLLRLBC2nMMzJtJmN is de-activating:  0.120841123
2026-08-17T04:26:20.149Z STAKES Stake account BPNx62aJMKaLEqu7XHUga5p4wh2iFc7T2uonXsyHwGRd is de-activating:  0.002282881
2026-08-17T04:26:20.149Z STAKES Stake account BPQR9cW7fgUY8RSwi5KkoYRwSwp7tDhhpkpZUocARQiN is de-activated:  0.002818958
2026-08-17T04:26:20.150Z STAKES Stake account BPj28XDQ35Y91RvEFdoiWJejUWRPNnGx7e77KxMseZ9R is de-activating:  0.605908844
2026-08-17T04:26:20.150Z STAKES Stake account BPt94u5ajUX4V8QFJUMAG7BKwC4gRiQ7JCPRJHEhPiZX is de-activating:  0.12072421
2026-08-17T04:26:20.150Z STAKES Stake account BQ24aXUtBgc9mhA5h7WMvw93wqD8huZ98Kk6CRbLhtJi is de-activated:  0.002399149
2026-08-17T04:26:20.150Z STAKES Stake account BQ3Qoab49RkMxHSdXejAjQwYHamWEC2LupieUnGfqUwo is de-activating:  0.038694859
2026-08-17T04:26:20.150Z STAKES Stake account BQ8gUpDenNK7UDcsShsMTU1J3kDx4Tpivvqk7fN1dgzv is de-activating:  29.267660966
2026-08-17T04:26:20.150Z STAKES Stake account BQKTx56mzGWNfqHiB9Rez8k7VAwojc1wcn31LgEcvMWC is de-activating:  0.012469123
2026-08-17T04:26:20.150Z STAKES Stake account BQTxGHSdzedYbZexnQATh3cDLRPtnQ4H52pwEXiitpeR is de-activating:  0.002282881
2026-08-17T04:26:20.150Z STAKES Stake account BR1FE9WhgjYqjYj3AKpePx5xiQ7mb1GwqbRjELne4ZcU is de-activating:  0.002282881
2026-08-17T04:26:20.150Z STAKES Stake account BR7XB5x2CTkU82UGCMWu5TEfoQMJ5qCYtsb5w6WFksij is de-activating:  0.362745222
2026-08-17T04:26:20.150Z STAKES Stake account BRPNoLbbL5xxsBCWkJU9iJEnCbyQVvCBJtV9bUzx5cUv is de-activating:  0.126530802
2026-08-17T04:26:20.150Z STAKES Stake account BRd5n3zW4TrEhsDcUKoQqhzXPgWrpjL65rGFcWaVPDJJ is de-activating:  0.002282881
2026-08-17T04:26:20.150Z STAKES Stake account BRkat688bbDSbB8D5M4g6kjzRqv3a4d94SABqqYHD2Fc is de-activating:  0.120790158
2026-08-17T04:26:20.150Z STAKES Stake account BRt1dzatmZRDzP4TjxE6M3N8PHiUtihmDKtmUJ75aZJD is de-activating:  0.002282881
2026-08-17T04:26:20.150Z STAKES Stake account BS7MdU6GYrf8DLW31HpBSEHKmsuxcNPY1FFxXtecpXfJ is de-activating:  15.785251432
2026-08-17T04:26:20.150Z STAKES Stake account BSN5ucBZNSLDRsrkCe49i8qEpta4PBpBrgiJ2N66TASg is de-activating:  0.120837771
2026-08-17T04:26:20.150Z STAKES Stake account BSxWDo114iFvzxyhyq1QfSmQcEDS1C7iQXNyUXfrBmj9 is de-activating:  0.023786482
2026-08-17T04:26:20.150Z STAKES Stake account BTpwnH29i2x6E57Jn3RDDPwzTPdPu4Hurj419tmCAEwe is de-activating:  1.505112951
2026-08-17T04:26:20.150Z STAKES Stake account BTzrxEhJV5dXJZUUEwawSJAunU4g335HyRsqrVhHuv5u is de-activating:  2.362554523
2026-08-17T04:26:20.150Z STAKES Stake account BUWGto2ApYtcn7xtHrkJs8kjHtHHB9Xf8GxFiU2qaGFD is de-activating:  0.011648945
2026-08-17T04:26:20.150Z STAKES Stake account BUgq9K4psYSKNQCAmwqeE2ParTB1JMfLcrv8oVHm5FBU is de-activating:  0.002282881
2026-08-17T04:26:20.150Z STAKES Stake account BUrBEQYirzG5ck92ukVE3RHHV9fkqBJgPUWcUNtwNThD is de-activating:  1.213152444
2026-08-17T04:26:20.150Z STAKES Stake account BUtMPpcXzcSp26QeVCWXUfXP1Qsg6XRPTckuQgAzhKDU is de-activating:  0.013206059
2026-08-17T04:26:20.150Z STAKES Stake account BUwCc61veEd5RkkDU6FeiYLEQYXkqEp6b7MD9MHXZjtv is de-activating:  0.018931458
2026-08-17T04:26:20.150Z STAKES Stake account BUxWLTy2kA7VAdx3GPd3WisUjUgjYaahSQ1xBUYZV7Q1 is de-activating:  1.213673278
2026-08-17T04:26:20.150Z STAKES Stake account BVRSvjmnvhW4YpSKU7A22SL9E7pVbjoLrCGZvdgpDbsh is de-activating:  3.639007292
2026-08-17T04:26:20.150Z STAKES Stake account BW26p4ETuymV1HaYMCVDbDMPUiJgE2REBtbC76x8u6DZ is de-activating:  0.130768901
2026-08-17T04:26:20.150Z STAKES Stake account BWJMtxyzSAytHQK7gLvsDNgw2Li5uf5N15YJQwHw5uPB is de-activating:  1.213639039
2026-08-17T04:26:20.150Z STAKES Stake account BWr1vZ6ddexdqYw2ygFz7tpbomi4J9uYXYA1nbULudYq is de-activating:  0.11063076
2026-08-17T04:26:20.150Z STAKES Stake account BWvPZgvJhrtBxaxzLtc8JiEsQ7JWJhY7QU1McwiN9uQE is de-activating:  0.015015743
2026-08-17T04:26:20.150Z STAKES Stake account BWx7pHDaP23GrhBjKGMe2MivFB5a6cUEpiormaNMhhwF is de-activating:  1.2148193
2026-08-17T04:26:20.150Z STAKES Stake account BXUBUFJG6pY9PU2HZ6WcJb78xKLNVt6MSSQSKizHZw4Z is de-activating:  0.00470874
2026-08-17T04:26:20.150Z STAKES Stake account BY1Tdue2DEYBLXGKnjXEpY1B66hJY4ngBDio6d9ykqhc is de-activating:  0.002282881
2026-08-17T04:26:20.150Z STAKES Stake account BYbnE4A3sGoi8jYcN7fstnCgtUfQ2xnNoyiWEG3aQ2td is de-activating:  0.002282881
2026-08-17T04:26:20.150Z STAKES Stake account BYk2SZgojXp5m75h3z6EETtpEZG55358p9GdyKo9i7u4 is de-activating:  23.279227973
2026-08-17T04:26:20.150Z STAKES Stake account BYniMVrnkQLpUQv9WrmCNWan9Bccc3o3bpG85Du23vSC is de-activating:  0.016738802
2026-08-17T04:26:20.150Z STAKES Stake account BYtp7xoTzTVRKNqh2nk79FoXFgKDWJs2R21p9ZQJGuho is de-activating:  0.120733105
2026-08-17T04:26:20.150Z STAKES Stake account BYvnaQW2vVQuM5GGcr1ku4er9Wyt7HqY1cMia1NiDyoG is de-activating:  0.002282881
2026-08-17T04:26:20.151Z STAKES Stake account BYzZ9XqLF4Qw1Ea3eREjoxdGzBc8o7ihjJdX8S9o3WpY is de-activating:  0.060228944
2026-08-17T04:26:20.151Z STAKES Stake account BZK2vaAuofjq7LkL3zCf9oCGt1kMvPKdpuJrGUbBBeze is de-activating:  0.060149312
2026-08-17T04:26:20.151Z STAKES Stake account BZf3bHACzEgKfzV9Pk2xwLLtU2oJRhFiaDsqJXtcrPJs is de-activating:  58.868245178
2026-08-17T04:26:20.151Z STAKES Stake account BZptdYAA6Hj9u4nx7nYt11JSfPoKnSJGxL8JCHLno7K6 is de-activated:  0.003284241
2026-08-17T04:26:20.151Z STAKES Stake account Ba6wy3ibnVgYgh9gqH4izU31NqmCEDHu4FQk5Nz6RYCu is de-activating:  0.084817447
2026-08-17T04:26:20.151Z STAKES Stake account BaJz2PEVAxz5EStkSukGwsD2rxA9pSfSNj4fQeLJmoWF is de-activating:  0.002468792
2026-08-17T04:26:20.151Z STAKES Stake account BaSWnzSEdRkmi4AHmhhtcZy7sFDDqjZMvGKy8QBLxo6T is de-activating:  0.002282881
2026-08-17T04:26:20.151Z STAKES Stake account BaUavcMwUyqjQiEgaZH3Fy1rpDHcXPk8M6mMG6tnZjoA is de-activating:  0.120790159
2026-08-17T04:26:20.151Z STAKES Stake account BaX9gmYsDLTQCqV7tptv6pC3L2uYjaRZQMwMW4m1UViB is de-activating:  1.2148193
2026-08-17T04:26:20.151Z STAKES Stake account Bb4xEx6Wvu5zgYo7fYXtUuDqm8fuFT6GApyCbNocrwBN is de-activated:  0.066310448
2026-08-17T04:26:20.151Z STAKES Stake account Bb5kEGtJsE6dhkfxuyoSAXwgBs8E4H3UKZNZJFXrhV9C is de-activating:  0.002282881
2026-08-17T04:26:20.151Z STAKES Stake account Bb6KrJt3nTUDByk9CmEKcM6Y5B1jv8znxkLPAPPX6XFg is de-activated:  0.012310697
2026-08-17T04:26:20.151Z STAKES Stake account BbAPzR9xb4uJFRQivShjLG1xTehEkrtFKWfMMUTBEe5M is de-activating:  6.454613773
2026-08-17T04:26:20.151Z STAKES Stake account BbdfownmzRUHkGCj1Krg4gsXXAc5tNjn4mc2tkTCyxun is de-activating:  286.976666116
2026-08-17T04:26:20.151Z STAKES Stake account Bbip7t5B4AMVomcSb8uibuNnWCjdtoA6qTdgLDNnCe1d is de-activating:  0.011644248
2026-08-17T04:26:20.151Z STAKES Stake account BbrkisF5LEvZhT4BTJbUdMWXVNLEGP6agZaMS78wVwZw is de-activating:  0.060174192
2026-08-17T04:26:20.151Z STAKES Stake account BcR6xz8ef32LzSWHsy6BzhTkJNW6yEduojJFSM6sohKa is de-activating:  0.12410644
2026-08-17T04:26:20.151Z STAKES Stake account Bca3qumen2JLBfqZDo1PJgxdPiyaMVHTy5bmauMdKM5m is de-activating:  0.10211771
2026-08-17T04:26:20.151Z STAKES Stake account BcoVyVtuAW1Tq2vmj9n2ArfG85L2hJQgzqCet8ypGnQ1 is de-activating:  2.427764946
2026-08-17T04:26:20.151Z STAKES Stake account BcsckM9evi2mhcCETg4CNKnsn87KejTNjvQ4FQVqPZcK is de-activating:  0.01321171
2026-08-17T04:26:20.151Z STAKES Stake account Be1bL5tRWzXQzo8mmNxhHpfJ1i8u1BvnE1EFX5ZATRJf is de-activating:  0.060174193
2026-08-17T04:26:20.151Z STAKES Stake account Be8YH3r9GGAM7zeBJ55TvbSdtok1BEixmC1tj4PWJkKj is de-activating:  0.237714398
2026-08-17T04:26:20.151Z STAKES Stake account BfKxmwV9v7kM4ZTP9NPCrUUKS3pYEojAwfwVJiCvcZZU is de-activating:  0.606199615
2026-08-17T04:26:20.151Z STAKES Stake account BfhWpHtK2o1ivp1TLmf6oxwv7sST5NDBKM5ZX582pKbF is de-activating:  0.017859542
2026-08-17T04:26:20.151Z STAKES Stake account BfjMkYzjk2VnKb1yb8ef3DYEfBuRqDw7PxjemXn8i65E is de-activating:  0.592141849
2026-08-17T04:26:20.151Z STAKES Stake account Bg1tYMQtpQBNMuPPCh6HsXwoLM1HQxy25drqQ2WZXYEw is de-activating:  0.033248947
2026-08-17T04:26:20.151Z STAKES Stake account BgSG6wCKfZ78w8D6FUPzCk6VWrzWFCYZgDAZVKuQRWyg is de-activating:  19.03026446
2026-08-17T04:26:20.151Z STAKES Stake account Bh7k2MPYEnGUshNfxpDJ4UpMawKgus39zREwcthFPN6S is de-activated:  0.236264808
2026-08-17T04:26:20.151Z STAKES Stake account BhDspiyn6sU5QgZigESdiR8whhedccLzu5nhc2hDux87 is de-activating:  0.498276136
2026-08-17T04:26:20.151Z STAKES Stake account BhUAzouESgHJDVmXjAV28XwNMbxwzDZ882koRYPtQyoM is de-activating:  0.014426081
2026-08-17T04:26:20.151Z STAKES Stake account Bhpu4fkd228woVXFDdTrUwpivVxQk9vE6UwR2G96z1S9 is de-activating:  23.470060366
2026-08-17T04:26:20.151Z STAKES Stake account BhxRbNHUvo17ADPkZiTuYn8es258M5DeoXuZahXBWtqC is de-activating:  0.216588666
2026-08-17T04:26:20.152Z STAKES Stake account BiTRpVk5oA9xN8UMr7f593a28q4ASsK4PWcLYTPiXhzq is de-activating:  0.120714399
2026-08-17T04:26:20.152Z STAKES Stake account Binq3bnLYSKF5F4TRx6yf16hM1GydXWGZHMp6FJkYWo7 is de-activating:  1.274942939
2026-08-17T04:26:20.152Z STAKES Stake account BjcjUbZMpDck7XRU1QjZiDpcQqvJp4JLcbecx5yiR5Xd is de-activating:  0.242399435
2026-08-17T04:26:20.152Z STAKES Stake account Bjt7RcdJQDqdLsrjg4d6u55rCU2ioecyjjR452D9quPq is de-activating:  0.648109616
2026-08-17T04:26:20.152Z STAKES Stake account BjwnnrwogP2FmhxeaHP6MiHYJQEkNBWDv36NLQQEAw1h is de-activating:  0.01164495
2026-08-17T04:26:20.152Z STAKES Stake account Bk3yNp67xArGXxeskm7gH6xJPh4jQ8gSdbJ7TkGeXepd is de-activating:  0.0271635
2026-08-17T04:26:20.152Z STAKES Stake account BkJ8jLRtT8B42k5C5XAumRwKigi9M77WjkEobrmm19aX is de-activating:  0.01319142
2026-08-17T04:26:20.152Z STAKES Stake account BkTobUQpNHz8HANvc2CSvWbx4zyDhpvBG9zcGsXBYmrZ is de-activating:  0.011648945
2026-08-17T04:26:20.152Z STAKES Stake account BkXvxborLYKEm5BsSHTTJxRGAmdyi8KRVG1UVrtXAB9m is de-activating:  1.215923032
2026-08-17T04:26:20.152Z STAKES Stake account BkbDURH4HMbxr17PK34tMUkwU1uAzz9j7w33CBt1ytkp is de-activated:  1.140295645
2026-08-17T04:26:20.152Z STAKES Stake account BkkW6smmekYoEh8PP9XVmA6y34SMvEotVKmrZctaTUB1 is de-activating:  0.002282881
2026-08-17T04:26:20.152Z STAKES Stake account BmLEEDMCaALaZNvL3EzPhLPeHiFQj11MW7aCxCb3VbQG is de-activating:  0.011653785
2026-08-17T04:26:20.152Z STAKES Stake account BmMT7inWokjzNTsymby2Jreh3p334ZhPxQ2qn2UNn9pc is de-activating:  0.013807998
2026-08-17T04:26:20.152Z STAKES Stake account BmRfhgZdNoLXnrZtvbjE45SBcwSGXmKjqfQ61ur4MKB5 is de-activating:  0.002282881
2026-08-17T04:26:20.152Z STAKES Stake account BmZktpour5edf3GVpDbcGcA23aGbXNKFzf892uiQbLNR is de-activating:  0.0314115
2026-08-17T04:26:20.152Z STAKES Stake account Bmn4fYYz8oKfJez7GQUe1qv1AvnLk8Q6oXEy5euD1aJv is de-activating:  0.219390174
2026-08-17T04:26:20.152Z STAKES Stake account Bmnb36SKPi2TxWpfpXHV2i5qSy977fB2dCXJM5y5tBrD is de-activating:  0.011648945
2026-08-17T04:26:20.152Z STAKES Stake account Bn2J8p74upYVYdPE2J8Rmk7GfcukmHUgvyHVhNt6gy4M is de-activating:  0.044776273
2026-08-17T04:26:20.152Z STAKES Stake account Bn2ZVrnAvbVk5vmswXhpmyAVXVhBzJ4jRxoXBqYCyDa8 is de-activated:  29.928675609
2026-08-17T04:26:20.152Z STAKES Stake account BnDcixrPbJ4wcdN62obgYwhVNbM6dWvhbYKkz6zT5a3R is de-activating:  0.011653785
2026-08-17T04:26:20.152Z STAKES Stake account BnLbrPEn5rgkF8WFu785QgTnYXLfPUwRFRpDaaFuV7m3 is de-activating:  0.011644686
2026-08-17T04:26:20.152Z STAKES Stake account BnWT4VRvGkpMtvNo7fCQ7SKcq7hZCFEf14vW1438Z2ob is de-activating:  1.325706807
2026-08-17T04:26:20.152Z STAKES Stake account BnhamiHiYojhHmJuBGtD79EoiKU9f4KHT265hU84YE6i is de-activating:  353.256123614
2026-08-17T04:26:20.152Z STAKES Stake account BoaWLsUi3on2x4TywNAp8gbeDYKVzseNXbLUGncnCTpy is de-activating:  0.120841124
2026-08-17T04:26:20.152Z STAKES Stake account BpBsY7g9jygj4SyKwqmBwZXszXdterz28MCgnnzt5Dy3 is de-activating:  0.073313734
2026-08-17T04:26:20.152Z STAKES Stake account BpCKutCJs2kWEUhUiMcFVTRSWbSD2NwYNrZkwPAvYrzV is de-activating:  0.011648945
2026-08-17T04:26:20.152Z STAKES Stake account BpPPjjvAF48VTAnEa6qgUD9GeBfDBePYbbMBrdZASEQX is de-activating:  0.011648945
2026-08-17T04:26:20.153Z STAKES Stake account BpmmtpXDymwkF5Ybt8BbLuFusmNJZeoTPFC598ZS7CTY is de-activating:  0.002282881
2026-08-17T04:26:20.153Z STAKES Stake account BqALtZgtJxeJFwwzk6mqFKdPYP6aUaXV22MbEiNz4HWj is de-activating:  0.01164495
2026-08-17T04:26:20.153Z STAKES Stake account Br9waxDMBj5jR9q45CEMd2Axj8ScKdqNa62yg9LM6Rn1 is de-activating:  0.002282881
2026-08-17T04:26:20.153Z STAKES Stake account BrJt5i24DC1ntfezLXpfiVDrFnoXWnXd75y87TcAhNob is de-activating:  0.120892017
2026-08-17T04:26:20.153Z STAKES Stake account BrMqLLQBnUhV8F8gqyxJRP2ehAjvEukrZRe2kEW514JF is de-activating:  0.363411944
2026-08-17T04:26:20.153Z STAKES Stake account BraY8FxVGpkp8aFV3VqBg2Wv5sJ3FuUBCxxeuFfZxmrn is de-activated:  0.120452545
2026-08-17T04:26:20.153Z STAKES Stake account Brd9XHKp3pTgp34aDY94nYZkQL2NtTqQpa1FBb2sHhDN is de-activating:  1.213093164
2026-08-17T04:26:20.153Z STAKES Stake account Brx61wv3jpSZhHL5p6Awiq9k2hH4ZAJ1LNrV489wUqyp is de-activating:  0.038332625
2026-08-17T04:26:20.153Z STAKES Stake account BsGau6eLAMfm3n9UobML7m49gTFW2HcaT6GSTm6TeW8p is de-activating:  0.340377565
2026-08-17T04:26:20.153Z STAKES Stake account BsWJL8bnEYGyvt7CrdEL7wmNWUGS1F3dSpFHjPL2fFuH is de-activating:  0.011648945
2026-08-17T04:26:20.153Z STAKES Stake account BsvvK7fA1bsmqkbZ1PxAKM4t4Yw5rur3DabVtRU5ywrF is de-activating:  0.167301817
2026-08-17T04:26:20.153Z STAKES Stake account BtUN9wd5FvRMZdLTukTgf1GHZmVYP9hqpT8xWvR2Vgaw is de-activating:  1.21363904
2026-08-17T04:26:20.153Z STAKES Stake account BtaYpX5zU8a4xg2PkQ33qTM7WwX9tGoSAk8jGvPfmamR is de-activating:  0.120790158
2026-08-17T04:26:20.153Z STAKES Stake account BtsGJZZJ6jD9MNAjsbQ9hWon78aNAask1Jk7Mkze12iN is de-activating:  0.606182542
2026-08-17T04:26:20.153Z STAKES Stake account BtvNZCzVG4GTvpsqLENPUAL4Zg2DtSLuANijJUuturx3 is de-activating:  0.849713818
2026-08-17T04:26:20.153Z STAKES Stake account Bu75L4W2PxDkK8XpEjZ5irmu1vcDaELMsQYbLEyH9vLc is de-activating:  0.002282881
2026-08-17T04:26:20.153Z STAKES Stake account BuBZ9rLCtLfx9Mkf1DDAfiZAYVo6WGLso24QDyq1xEWJ is de-activating:  1.214193507
2026-08-17T04:26:20.153Z STAKES Stake account BuDjjj7s9yePBAy3A2Fnh6rqoeCf9L3sQ4MmH5oTDbKD is de-activating:  0.030793214
2026-08-17T04:26:20.153Z STAKES Stake account BuG7rQbarQSqMJmXPEyyMqdZf1ygpZyz1h9KUWPrfUf6 is de-activating:  0.019252059
2026-08-17T04:26:20.153Z STAKES Stake account BuQSKhdwDoYje6B5z7kFoMNCcZsLxuarUiZn1Vi8ZbYk is de-activating:  0.087175811
2026-08-17T04:26:20.153Z STAKES Stake account BuatuBtB1P6yfvmPeHcbg4uWLH1qe5w9vznSrd7dPBDu is de-activating:  0.120781261
2026-08-17T04:26:20.153Z STAKES Stake account BucsqR3bJTgj2AFkQszK5YmThuNsXj2AQHaBdadFDJjB is de-activating:  1.334397804
2026-08-17T04:26:20.153Z STAKES Stake account BvSva5HEW99SjRatTA8J4tpnxMvsYq2MnFKcrDH94J4e is de-activating:  0.060147676
2026-08-17T04:26:20.153Z STAKES Stake account BvYWfBQreYXwvALoeau9E5dUedUjPKZn2yKmVo8gT6aA is de-activating:  1.212478646
2026-08-17T04:26:20.153Z STAKES Stake account BvhVnygmBWkkjQEokPJvBNw7NXxXJp2htcdZg9C6sib3 is de-activating:  0.002282881
2026-08-17T04:26:20.153Z STAKES Stake account Bw6NuCAAHQPM6xGktyhW3Y2bniVQhGW9nNRaSt4W12Gp is de-activating:  0.035878928
2026-08-17T04:26:20.153Z STAKES Stake account BwK4JPYmwzxARUNrPPaKGjw9JKL4grXMUBgpcNty3emf is de-activating:  0.270571338
2026-08-17T04:26:20.153Z STAKES Stake account Bww1XY1EiLKEcYMKVmZy3cTnRTvekVKhqjEMrphPDCtq is de-activating:  0.011636401
2026-08-17T04:26:20.153Z STAKES Stake account Bx3Tkrv1bZjxM7ANbCtukcPYNYzMC6kHKT4J65RtCYhB is de-activated:  0.002282881
2026-08-17T04:26:20.153Z STAKES Stake account Bx4rncELavSZdgni1faaAkWjvvEiHUWhkfPfokGgztEX is de-activating:  0.011542012
2026-08-17T04:26:20.153Z STAKES Stake account BxUoe4atwFRToRB6VtDkAAgYz47HaC3RazY2QfpgEZCe is de-activating:  0.003152691
2026-08-17T04:26:20.154Z STAKES Stake account ByQFHvhQt2sTGp9Ker2arRwJmupmC7kXzDGMWUmz3JYW is de-activating:  0.063001264
2026-08-17T04:26:20.154Z STAKES Stake account ByVnh7XwPz9jJ6PqKSxStKt43ZZ5EYNdkU1akmqtVL3A is de-activating:  0.090886226
2026-08-17T04:26:20.154Z STAKES Stake account ByhdYMMughpob7ucZJufG4W2iS9sXH9EjB5idcoDEgrE is de-activating:  0.011384446
2026-08-17T04:26:20.154Z STAKES Stake account Bz1ysFTSDfgLGied3D77Vg38v3o6gvVHevhTUGgBsPPp is de-activating:  0.119475202
2026-08-17T04:26:20.154Z STAKES Stake account BzBsJqnNtTy2KKWdzGPFj74PVEG9JPqZbcCQ7W3UaDwe is de-activating:  0.024736718
2026-08-17T04:26:20.154Z STAKES Stake account BzDx7haPrHiowJY3GWga8Z6VnBrkF7tW5vLZtsUrWpnw is de-activating:  0.002282881
2026-08-17T04:26:20.154Z STAKES Stake account BzGHYxrFcz8JkqXr8aZ6Y3xRTJxh8hZrsFCW4b5PZPjY is de-activating:  0.363913406
2026-08-17T04:26:20.154Z STAKES Stake account BzZCzQnBRRmuKp9Cq1gNY5PE1zGgZaiwrKadBtSzdPRD is de-activating:  0.016234439
2026-08-17T04:26:20.154Z STAKES Stake account BzcCefFyTj9xd3PEUhtLu2zfq3kEhi3Ah8zdfsc4WSom is de-activating:  0.174726304
2026-08-17T04:26:20.154Z STAKES Stake account BzkoiAzdkGPFzhn8FUyTDu3TobHi7QJbrL88cpy15kaU is de-activating:  1.213673277
2026-08-17T04:26:20.154Z STAKES Stake account C1J8PUd17ktTAts9CqDsE9fuAZFFj5CY7HLp94Qr1Gs5 is de-activating:  302.446434635
2026-08-17T04:26:20.154Z STAKES Stake account C1R12AYwh78E4Ntcq3r1Rg5HDD7WKiW8KZscGfnBY2xP is de-activating:  0.16433795
2026-08-17T04:26:20.154Z STAKES Stake account C1TM6FkCpQAgfDEbytbPvKgPce81K6bSnLT2TkF4XVeT is de-activating:  0.011640899
2026-08-17T04:26:20.154Z STAKES Stake account C1atMj4rVxyS6yzZCbbC4qcr9UiDoqasUyXZczyEivJK is de-activating:  0.120841125
2026-08-17T04:26:20.154Z STAKES Stake account C1fDWBdf9DqTgL9upwxnePUEuGtK3bsAJNjGLbZC4CZk is de-activating:  6.622321204
2026-08-17T04:26:20.154Z STAKES Stake account C22bBK9Vrvwogu73wkT15GQ89Xr55CHwnWjbvzLgmif6 is de-activating:  0.15826843
2026-08-17T04:26:20.154Z STAKES Stake account C2CmKY8SX2KWbrDjWtXk9vTb9nZ169hVThRo6X3AE3x9 is de-activating:  0.024736718
2026-08-17T04:26:20.154Z STAKES Stake account C2HUj4DvkW4MkcmSVTrBDaSzpPqbs2aLiDzDG1LgQ6L6 is de-activating:  0.120953287
2026-08-17T04:26:20.154Z STAKES Stake account C2TadCfAfVpGyEFC4QeeZ4FqKFGTY4CX49uKePavaq8C is de-activating:  0.004365409
2026-08-17T04:26:20.154Z STAKES Stake account C2Xwta5mcA8vN8dCoPKE96iwNuYy1LdjM4Bqk2qcXRSQ is de-activating:  0.035907927
2026-08-17T04:26:20.154Z STAKES Stake account C2f4zPJ4aig1UtXCt8hTMWej8F2vEjiJxviFukysrNNE is de-activating:  0.024141117
2026-08-17T04:26:20.154Z STAKES Stake account C2hsuJuPqJZrzfRFFMLUoABkS76QHDbtvcyu3mdbi4zB is de-activating:  0.02378414
2026-08-17T04:26:20.154Z STAKES Stake account C2sMifDm3mzcVKPNQgh3aHVpUUEbP2iBuEySFhcFXzLB is de-activating:  0.012585348
2026-08-17T04:26:20.154Z STAKES Stake account C39zgRnnDjEkzTcUZmP8jErhSwKmChNuSWiYsrHW6Edy is de-activated:  0.101997579
2026-08-17T04:26:20.154Z STAKES Stake account C3PVXJs7RjFtPSHGEFe3sDCSohNXsAK6ghE1ryGkP3Ld is de-activating:  0.002282881
2026-08-17T04:26:20.154Z STAKES Stake account C3gVoAwLUH2wHKKtEAdxd5QTiaRo5UYTtUPtPHRGhZT7 is de-activated:  0.080904349
2026-08-17T04:26:20.154Z STAKES Stake account C3izqxbjkL24pvKJKkWUqsXpApszd4tKuaMLfbVEUBx2 is de-activating:  1.196401494
2026-08-17T04:26:20.154Z STAKES Stake account C3jzXG9xy4UN85S36Xa1x55Txny8fdhTg4JmebNkHJAD is de-activating:  0.606170044
2026-08-17T04:26:20.154Z STAKES Stake account C3tmPqeX3sq3KWEh87QjLK1vJURNApJoUL4FhkUq6M1s is de-activating:  0.002282881
2026-08-17T04:26:20.154Z STAKES Stake account C3xRTCDrcYW6xbdpw1crZDqX6aJNM9d98MkJoeXPzm74 is de-activating:  0.002282881
2026-08-17T04:26:20.154Z STAKES Stake account C3yikquQCLL97N31rajhZt2n7U7uGowQJUa1qo6QuL3P is de-activating:  0.035909574
2026-08-17T04:26:20.154Z STAKES Stake account C41VQnrqHVP4c2gjfmjdQSHa2PUAUDYJRHL13xPA7hMh is de-activating:  0.120841124
2026-08-17T04:26:20.154Z STAKES Stake account C45Aupz8ZNXZ4s1EoJrnZ1qXaAHN8A6LzcDAY7k2diYv is de-activating:  8.476067018
2026-08-17T04:26:20.154Z STAKES Stake account C4ShKhVP5J4bNxpieuSUWzevqmKUtkWEFtEmdBmd2Hac is de-activating:  4.861229995
2026-08-17T04:26:20.155Z STAKES Stake account C4iFgYiPq2iQHu7jeDto7NQagd9hxuFungQXwTeJtgNT is de-activating:  0.120733105
2026-08-17T04:26:20.155Z STAKES Stake account C4j9wd2iPdrtG7LMcRjajQy413uFgwFQJT3bJByHazGL is de-activating:  0.002282881
2026-08-17T04:26:20.155Z STAKES Stake account C561qtaNSazXuA6TfvhDekyPhYnd46ZjDHdsVrH9FgeV is de-activating:  0.002282881
2026-08-17T04:26:20.155Z STAKES Stake account C56Pw3y2WbKJJyZ1HrcQ7xVcfZaYWXpisWSD7VADtYc5 is de-activating:  0.132979181
2026-08-17T04:26:20.155Z STAKES Stake account C5n77S3fK67LDipg7cFEy7HfVCTvNW44ucAQ46K8ttQg is de-activating:  0.059935525
2026-08-17T04:26:20.155Z STAKES Stake account C5u3QUtKVykkrVu4qZpkDB4DJ4zcJZvjV6getKUrMATv is de-activating:  0.002282881
2026-08-17T04:26:20.155Z STAKES Stake account C639SkoguzT7MnZzkJyisLAya83dLHNbF9LwJcFUJkAk is de-activating:  0.120786806
2026-08-17T04:26:20.155Z STAKES Stake account C6DeH7SCkTmSS5vTxHGeS6kpWn73bxkBASDepzBDbpYt is de-activating:  536.827429464
2026-08-17T04:26:20.155Z STAKES Stake account C6eEP8ReypQk1GUhGmSWQaVEe9gSU1EoPRuu68QHkyqN is de-activating:  0.011628207
2026-08-17T04:26:20.155Z STAKES Stake account C7Frijx88VcfcGoTUdAGb1ndcCqCYbj3DV8QjU5QEdTu is de-activated:  1.038851229
2026-08-17T04:26:20.155Z STAKES Stake account C7ebCfoEwTxQeZLAb9J2rSnLkYUd8NiMdkxnWXCnZDHb is de-activating:  1.415468951
2026-08-17T04:26:20.155Z STAKES Stake account C7rqPTkz6opWnPsCiiEEFaPJ1d9RzHyHvNCRoEUcMJDd is de-activating:  1.214193507
2026-08-17T04:26:20.155Z STAKES Stake account C85cKWYD7VRdffuswbURVg9egWEAkvGhLyFntH8y2iVo is de-activating:  0.017067593
2026-08-17T04:26:20.155Z STAKES Stake account C8WpzKaom1uMyRmy3W1ZFE4UKnERYCAXxT7iTE2vaENo is de-activating:  0.005577372
2026-08-17T04:26:20.155Z STAKES Stake account C8mBcpDiCzwBm1tv3WXv4Fj7KFzShwD1refbDRn3DW7z is de-activating:  1.172887491
2026-08-17T04:26:20.155Z STAKES Stake account C9QNsJUatrVyQtt9yQH21KMyrHTL75rZwVBt1kb83SGu is de-activating:  0.224414331
2026-08-17T04:26:20.155Z STAKES Stake account C9j4uLsVhQ29eVQJoMkdaqURxmrDbeomFyshvTXADQWq is de-activating:  0.003849858
2026-08-17T04:26:20.155Z STAKES Stake account CA3UGeeCdUtLG55Hrdh5ZYPZzB7Y4PL5bTrAfqeAYdZs is de-activating:  0.011978827
2026-08-17T04:26:20.155Z STAKES Stake account CADi1R5tAYBR1djinwCui6VwMS2vosTueNBTe7v7WN6D is de-activating:  0.120841124
2026-08-17T04:26:20.155Z STAKES Stake account CArSroLawmZr9bBzDH8pFNgi7ptQHfNNJduDusVwmiVp is de-activating:  0.035924033
2026-08-17T04:26:20.155Z STAKES Stake account CAv75gKqtAk5E8cta7th9oDPDU6yDZgcjp1RVvnQ5ziH is de-activating:  0.09047376
2026-08-17T04:26:20.155Z STAKES Stake account CAwXBQwCSdYbTp3D6tENc3roXkcwwNzpbWtRgStg363M is de-activating:  0.233442375
2026-08-17T04:26:20.155Z STAKES Stake account CB5u8FKYd41iha1mzqWrbBuNHZoTNssznU2ykwRMdGNh is de-activated:  0.20347245
2026-08-17T04:26:20.155Z STAKES Stake account CBHBRyQt6RZq6RoNtqi8jQAr1yz94u1W5VqP7zoKDcqr is de-activating:  0.002282881
2026-08-17T04:26:20.155Z STAKES Stake account CBS4R1Mc4KzaSXG6mEFxfCbHwo44NjiMr8Bf7U2Ubr6x is de-activating:  0.038713661
2026-08-17T04:26:20.155Z STAKES Stake account CBvZremzh7XcKs2jBADTdj2ayTBVEvMDeZnNMbRXfZub is de-activating:  0.799635361
2026-08-17T04:26:20.155Z STAKES Stake account CCFr7vp5LGZG4mPDWCVnPw3KdSbGjgDnqYC6J5eQuacK is de-activated:  0.010301533
2026-08-17T04:26:20.155Z STAKES Stake account CCcp8atGNxVQoywNPTFH1wcn1AZV4NHpvbiwLB5Ywzk3 is de-activating:  1.213152443
2026-08-17T04:26:20.155Z STAKES Stake account CCvGmfVAL86GeAp4f2rGBanDb3FjgQJZj9S2QCaeqBiw is de-activating:  2.717084447
2026-08-17T04:26:20.155Z STAKES Stake account CDeamkaAv36AQAM5VPWV7KPPWtPtfKmqDYsYot7mfkGq is de-activating:  0.002282881
2026-08-17T04:26:20.155Z STAKES Stake account CDg8YU6SwBpBLFu1Qp2Nh2mTUguGsVPR2yYhFTp2GxJZ is de-activating:  46.621859824
2026-08-17T04:26:20.155Z STAKES Stake account CDuk79nbVhKETse2T9Frawoq1t3e2BEqgPTpQyX4XZgp is de-activating:  0.095094492
2026-08-17T04:26:20.155Z STAKES Stake account CE6ciTuTxTibZBQtSygqfAVDATsjgtGxYwoefncx7Exv is de-activated:  0.195165411
2026-08-17T04:26:20.156Z STAKES Stake account CEEKt9Hx5HFVYbEAkb2AaSiwjB2sDxXepbT1M5oEULKz is de-activating:  0.242535073
2026-08-17T04:26:20.156Z STAKES Stake account CEG6HVhyPN7mMEWRXK5NJQ3PnpD3A4TMpZkQQouE5Zxk is de-activating:  0.002282881
2026-08-17T04:26:20.156Z STAKES Stake account CEtNXjzXEsYwbRE5xC5psmEPu7Gu1Rt5DoGAZtbg33aZ is de-activating:  0.011644248
2026-08-17T04:26:20.156Z STAKES Stake account CEu2tdQAuK9TFmbTycQvMBpMdeqyw691cugfHzGR4aak is de-activating:  0.020584635
2026-08-17T04:26:20.156Z STAKES Stake account CFXfJLTicGejw9atQZ4T8Fv68jiRzsAJEkyHJ2LaSXSt is de-activating:  0.023797587
2026-08-17T04:26:20.156Z STAKES Stake account CFafi8QZpomFYbFznuasrmRwgV5a7S5s4KSakf4S6He3 is de-activating:  0.606199615
2026-08-17T04:26:20.156Z STAKES Stake account CFkqqLZFah9KaRLAzwsn5L3GXc2YBkGHSuyNADVXvGMF is de-activating:  1.213152442
2026-08-17T04:26:20.156Z STAKES Stake account CFszJoHuzbXetcTbEK27NUKWahHVL86WHG8wBuW1hxMA is de-activating:  30.30614145
2026-08-17T04:26:20.156Z STAKES Stake account CG3GgkCUgkLy7Nz3emcfxBNXDBMGmNgUChQSeNahd3cG is de-activating:  1.213541433
2026-08-17T04:26:20.156Z STAKES Stake account CGKsXF8damhKiC2FAt2yvUubd9wwNh2TiyPdFLSpT2ET is de-activating:  0.007743577
2026-08-17T04:26:20.156Z STAKES Stake account CGYRSUCyH6WFVRx1vTcF1tub5rmf1cK7bC4EnV2hVo4e is de-activating:  0.032006457
2026-08-17T04:26:20.156Z STAKES Stake account CGauwUUWVRb998vLaGEzGqDD5MPhNFD68TUeNCiiakuz is de-activated:  1.510660142
2026-08-17T04:26:20.156Z STAKES Stake account CGbugRJeE7xELQw7X1PjqGEYa1UrykEqTNPivAx6o5m3 is de-activating:  0.132715755
2026-08-17T04:26:20.156Z STAKES Stake account CGwP717Lt5yBCUiuXXwf2SdVurss8KkCL5AxsrnviPXj is de-activating:  0.011636401
2026-08-17T04:26:20.156Z STAKES Stake account CHDdN4fk2VYyXj78m1xKSPSeNn8xnhz5AcbsW1Seg7Ni is de-activating:  1.214193506
2026-08-17T04:26:20.156Z STAKES Stake account CHE6zsPgLrXJLUrxwEEj726AFaJ4qXaT6uVegL2CvF9P is de-activating:  0.637809952
2026-08-17T04:26:20.156Z STAKES Stake account CHPZnLvrro6bDeD929yjUEbpCEGa9mre1JcAiGXkKiY2 is de-activating:  0.002282881
2026-08-17T04:26:20.156Z STAKES Stake account CHdzYr83yM2nPCwrhhRdhaeTATxBzdh8JHByiqWq7tME is de-activating:  12.153872839
2026-08-17T04:26:20.156Z STAKES Stake account CHet2rZDWJRy6eg76fqACuH5RaoY7pgPdPFdinZztBZ8 is de-activated:  0.017492953
2026-08-17T04:26:20.156Z STAKES Stake account CHtnrsJDS6uC6uBT49nsXqPJQSwcvLiWEkFoRTeEDUPa is de-activated:  0.250219221
2026-08-17T04:26:20.156Z STAKES Stake account CJ8qX1uaWGM1A3KW3m7XhbroTCPFnfbXHYbQT7bvWnks is de-activating:  0.117466319
2026-08-17T04:26:20.156Z STAKES Stake account CJDEBkBMjjueRKqnszWFcMFVsjhPPvYDpCSPh5L5KnkE is de-activating:  0.002888897
2026-08-17T04:26:20.156Z STAKES Stake account CJG9gGssK8APgZSyws2WeEKEJpZhxZcjfJLTJ9gtiB8H is de-activating:  0.009561668
2026-08-17T04:26:20.156Z STAKES Stake account CJQ1XfzNojXM42Xro5sJuLiL6vrf6zCAo4Z83cbg1eCA is de-activating:  0.01164495
2026-08-17T04:26:20.156Z STAKES Stake account CJoaWHRwQmdx23bK4PTqRk5aFjmv5rURtVuFUszAb3E2 is de-activating:  1.213152442
2026-08-17T04:26:20.156Z STAKES Stake account CJr2X8yBGnesP5Kyme3djRmi78BscGzhpgHXHBusMprX is de-activating:  0.004101344
2026-08-17T04:26:20.156Z STAKES Stake account CJxpQiNN4ZCjPM99jLTdt9djY6wJLMxUT5CkNE3cmomK is de-activating:  1.335115886
2026-08-17T04:26:20.156Z STAKES Stake account CK3FEGcHCybyk5p2txQipASEcTgaKrvCTissE7pEGNmy is de-activating:  1.17925538
2026-08-17T04:26:20.156Z STAKES Stake account CK6HGdC3R4rs43tQzken7jsboko2GPhkgA4HWSj6ttne is de-activating:  0.120892018
2026-08-17T04:26:20.156Z STAKES Stake account CK8v2K9TVuuC7FwipyVGjL8zTYKFPDBSxszrtcCzv6nN is de-activating:  0.117593973
2026-08-17T04:26:20.156Z STAKES Stake account CKD9vNDW36V5B2QoyghPbhMz4eTjr2k24DygyHxVEBgM is de-activating:  309.558294172
2026-08-17T04:26:20.156Z STAKES Stake account CKfeetY7JKJJRxNTB2ZgPaNTErXMrN1jJKdeqnJtkjcR is de-activating:  0.607030956
2026-08-17T04:26:20.156Z STAKES Stake account CL9RhYfAJgdArcSMZm1JDKtQ4zENVD8PSfDyXXf8HrAD is de-activating:  0.011636401
2026-08-17T04:26:20.156Z STAKES Stake account CLFGmD8d2vCUqTZ2o2bGZNkFffpJo58MrZfRFmmBz5e1 is de-activating:  0.011288965
2026-08-17T04:26:20.156Z STAKES Stake account CLQsiWvbB5w8JGhNDMV9eTe29dFqupdWEKBdQot72Wz5 is de-activating:  0.121904072
2026-08-17T04:26:20.156Z STAKES Stake account CM4s372FQ4uvfmmLQgE5pyT8ees3NX4ti37DpKiwFPCr is de-activating:  0.002282881
2026-08-17T04:26:20.156Z STAKES Stake account CM9L9M3Kt5reUkcpTgWjsfs46U7fFZysrZXrwQNDckD1 is de-activated:  1.001790832
2026-08-17T04:26:20.157Z STAKES Stake account CMzn6QLFThFo1KSU8Q7bA7dMqN1yqcR5nwdt6gLM6svz is de-activating:  0.120841123
2026-08-17T04:26:20.157Z STAKES Stake account CNHQL1bvKfm4nfGst89MPfgCzwhFu3zfWeQZ6hmYJ3kr is de-activating:  1066.505396542
2026-08-17T04:26:20.157Z STAKES Stake account CNN6DVqCtgMxmp74YhDrkCCUcHaH7171UrFjxgsEfKzw is de-activated:  0.003986517
2026-08-17T04:26:20.157Z STAKES Stake account CNqAmApmL4mTi3frbaGdkgDmfyCychHnyXQp9jtnL71w is de-activated:  32.098784816
2026-08-17T04:26:20.157Z STAKES Stake account CNuG2xvY9xCe3YtYGMEPPx3XecVyTjQ6KpT3cJW9ggVY is de-activating:  1.213152443
2026-08-17T04:26:20.157Z STAKES Stake account CNuuTNhckvhNiRoSP29jxW5g9Nq9tQ7KMR2nWSksfkj1 is de-activating:  0.181519131
2026-08-17T04:26:20.157Z STAKES Stake account CPKhizNsd6YjTKua7C8Aff4433KepTZL4GAsU9gFeCSN is de-activating:  0.110652794
2026-08-17T04:26:20.157Z STAKES Stake account CPavwFaFcqfXkBq2AMUNZkpq85sc3S9E1iwHdJeJmaaT is de-activating:  1.212569457
2026-08-17T04:26:20.157Z STAKES Stake account CPiS7BMXVkPt16uR4vSFXoEfZE7gVfWwMtxxbZHpvap7 is de-activating:  0.030780975
2026-08-17T04:26:20.157Z STAKES Stake account CPsGsYdKXHzVyFTifMMQZtbnbaDENKk3S85TXWszG6UU is de-activated:  0.114109051
2026-08-17T04:26:20.157Z STAKES Stake account CQTugnmvanJGuxnFJJPE9BExViwLR5VK6uxjDRZJUG9W is de-activating:  0.038765068
2026-08-17T04:26:20.157Z STAKES Stake account CQj41RKhAFf5q8mzH5B3iDPpxURDciK4wcJL9HEMB9Tn is de-activating:  0.113191825
2026-08-17T04:26:20.157Z STAKES Stake account CQo7UrDxZGSU5dNkQscnoNUpVwvCj41Rb4KnczHEuRUz is de-activating:  0.004666546
2026-08-17T04:26:20.157Z STAKES Stake account CQwPkk8a4EHy5E35rMdQ3CjVYTqdcV5esD1tdyJksVrc is de-activated:  0.01055967
2026-08-17T04:26:20.157Z STAKES Stake account CREmgtFiFRzr8dZZAeLbgWDpjsRKbSs6w2tnc52apxWq is de-activated:  0.102441983
2026-08-17T04:26:20.157Z STAKES Stake account CRRbc74hEx97jzrrKW1VkKHtpXKLbkoadktszeiF5obV is de-activating:  0.120790157
2026-08-17T04:26:20.157Z STAKES Stake account CRUuX1HZVSZhJ4V95dKPa7EMx59hbmZ1K9khFHVKX2x5 is de-activating:  1.216966481
2026-08-17T04:26:20.157Z STAKES Stake account CRXPxDCN5QH4mWSvVYEzXsGbVbD2JE7ejaH3BmDtieo1 is de-activated:  1.001790832
2026-08-17T04:26:20.157Z STAKES Stake account CRg86RwtHg25ZwaZixbZrakqTavLv6jQdKJSyW1NQ4ZL is de-activating:  0.003151521
2026-08-17T04:26:20.157Z STAKES Stake account CRpgoEB3CTvJYiaCVnVfPVANEWWs1k6BPcJMPfgCgRQo is de-activating:  0.120892017
2026-08-17T04:26:20.157Z STAKES Stake account CSmtKqsMPtp1ABcnUJHJsuDHLyvxdGomj3Qr3ibaYDmC is de-activating:  0.018053847
2026-08-17T04:26:20.157Z STAKES Stake account CTfEZHSBGpH2Abz55o3noiebgEprFprFqd9RbogUn9Yc is de-activating:  0.047938769
2026-08-17T04:26:20.157Z STAKES Stake account CTkA3WFHp5LS9KQN3nLXjkUE4CrpWNo81CxpB1PT2EdF is de-activating:  0.002282881
2026-08-17T04:26:20.157Z STAKES Stake account CTvASuXRM9EDLDPTthtCMncgdXwvgTEgA9Pmwt2gAmpV is de-activating:  0.002888337
2026-08-17T04:26:20.157Z STAKES Stake account CUGQPb6G8qGu9D11whEyV5CxiRCacgooudvB49po61i1 is de-activating:  0.011640899
2026-08-17T04:26:20.157Z STAKES Stake account CUQFVefr4YwVd5fFNsVgjWUbjKoZoHLfmrmXycKs7twG is de-activating:  1.128186209
2026-08-17T04:26:20.157Z STAKES Stake account CUT75bjh7nuzVxTQtfPn5WVjfRv2b5xfpkmXMDWeAqAr is de-activating:  0.606199614
2026-08-17T04:26:20.157Z STAKES Stake account CUZomowUXY4g6yZUc8nxjvwAWia81TPVaKnhTiJsahaR is de-activating:  0.023777247
2026-08-17T04:26:20.157Z STAKES Stake account CV5HMM7SaPadpdoxB8y8DydiZLHHfxhidDdkEjpexAfg is de-activating:  0.002282881
2026-08-17T04:26:20.157Z STAKES Stake account CVHwBW7UnFyk7GejVUPYrgJ2N2tQkYZiVyFbPVZzybvj is de-activating:  0.002282881
2026-08-17T04:26:20.157Z STAKES Stake account CVLVnombyavWiirHwcnx2RfqCqdKMB5ZkuBtD8CTq2Wc is de-activating:  0.002282881
2026-08-17T04:26:20.157Z STAKES Stake account CVZi536z2eCoAFXZRf3Q8hrke3FgAg3stU6wDHFJsUUc is de-activating:  0.589520564
2026-08-17T04:26:20.157Z STAKES Stake account CWEv1bBADNc9yQLYZuJq93jYxJizYBp4C9YsfMbDgcAg is de-activating:  1.214728336
2026-08-17T04:26:20.157Z STAKES Stake account CWJk4xbxF3gcxXSaMuQ3BnNUGyPoDQgLmYsES2sG2X8W is de-activating:  0.242301639
2026-08-17T04:26:20.157Z STAKES Stake account CWZZMqK6TZvjeEBs3Rr4CMs8uUPBnTiJVczivHv8LCY3 is de-activating:  0.121184347
2026-08-17T04:26:20.157Z STAKES Stake account CWrafk7obQn37TMtGihsuCfKhWUPVgisRE2fdBqCFtYN is de-activating:  11.843861559
2026-08-17T04:26:20.157Z STAKES Stake account CWzT26ga9sXJWWNeW3ZJZgprjKcxnum5kSia6uVdj8ra is de-activating:  0.011486835
2026-08-17T04:26:20.157Z STAKES Stake account CXFCZVwY65iisjgivCRpHJNw1eAe4HwAGsVNU7VH2yVi is de-activating:  0.060149312
2026-08-17T04:26:20.157Z STAKES Stake account CXLRS2qrH9u4zkDR6pLuqY9wMCdxcxUGhav4cXGtUuzS is de-activating:  0.055635714
2026-08-17T04:26:20.157Z STAKES Stake account CXjF3PFU6tAzhHpWYmeWHFtwL7bxx5qDsU8SP1Tue32b is de-activating:  0.029818309
2026-08-17T04:26:20.157Z STAKES Stake account CY4eHguKyYs6miLAmcxnywHUN3Wuj6ugTr4sAmsLrRyh is de-activating:  0.060228944
2026-08-17T04:26:20.158Z STAKES Stake account CYPS6PRikvju7fq5ZgETsN6fLUvUyD5f4TRbZY69VxUR is de-activating:  23.641551141
2026-08-17T04:26:20.158Z STAKES Stake account CZ7fezbjxdwqdg6LGa8R3fxg3F6PDGqAZuXgHADF3mTy is de-activating:  0.030792408
2026-08-17T04:26:20.158Z STAKES Stake account CZD66ZvZ8Rw3BjrNQnVEJhvLRKaZWfecJhGAom3FagT8 is de-activating:  0.017452549
2026-08-17T04:26:20.158Z STAKES Stake account CZTWjPVsBwc6fKQx4CbDgk7evBVJBdTN6EvAdmsNxjpJ is de-activated:  0.100486439
2026-08-17T04:26:20.158Z STAKES Stake account CZV3tMw2jX8kEeDZwhsyqN3j3T1zS6SEJK78Jf35QmK6 is de-activating:  1.214193509
2026-08-17T04:26:20.158Z STAKES Stake account CayGETgkFJgUsKZs9o6jsC3Dkc2UGFTjRMaXkdcWncWz is de-activated:  1.081120657
2026-08-17T04:26:20.158Z STAKES Stake account Cb3vZ5p63DjhFgsSZwXucpks4FmuAJUFjpZhvx5Yjtsu is de-activating:  0.011843323
2026-08-17T04:26:20.158Z STAKES Stake account Cb4tYe6vKd5Lujy6xayMwP7x5nXpXBs5VYR5zdyhLW7u is de-activating:  0.266830175
2026-08-17T04:26:20.158Z STAKES Stake account CbDzSVAFJUc5wGoCEtrFcXQ2ipoUSnapK9Vh2eiL12kq is de-activated:  0.050153176
2026-08-17T04:26:20.158Z STAKES Stake account CbTRXJE3xt2jfaeAzL8kxCRjHXdtntSpteVuoDGEd89G is de-activating:  0.027416944
2026-08-17T04:26:20.158Z STAKES Stake account Cbajc2XFSR6KFvwHGRUP76uJHddyHuvgFbrQcAKqp2wA is de-activating:  0.124824197
2026-08-17T04:26:20.158Z STAKES Stake account CbdKYVBLCfynKUTRcuJgmf8froym1WGAeKAcR1MYM7RU is de-activating:  0.031993688
2026-08-17T04:26:20.158Z STAKES Stake account CbodmEXAWEJEtYspZNkYoCmRmDb6H5TnGAtMKBfimiM1 is de-activating:  1.228666245
2026-08-17T04:26:20.158Z STAKES Stake account Ccfzo24U67nwLfkxmzMj34d1zsVxuCBHGvCBQZnaeJGR is de-activating:  0.015633184
2026-08-17T04:26:20.158Z STAKES Stake account CcuGaKprrKdZ4Fv9kqa7C3agv6dGhvRWy784hNjsFiDa is de-activated:  0.040084876
2026-08-17T04:26:20.158Z STAKES Stake account Ccxxvdb7CXpmaev1eqB5JB3R93f9tiDsqroaRgxmuPLB is de-activating:  0.263378881
2026-08-17T04:26:20.158Z STAKES Stake account Cd2AmbZaxa7DbvbHdtjcScALQoyXKWMsXfP5LK48kXJm is de-activating:  0.120953285
2026-08-17T04:26:20.158Z STAKES Stake account CdV8XcqvZz4K2H8LekeTDVPeAUgAiXbgwZihCTa9MCvu is de-activating:  0.606459385
2026-08-17T04:26:20.158Z STAKES Stake account CdWz2vzN1oZ6xQeB9DZtnWBwE7d8icKFRS8cpHUPbKUx is de-activated:  0.020041318
2026-08-17T04:26:20.158Z STAKES Stake account CdcR4acr72bEznC9gxvjH2pz6RN8vzxmJHmEVdpwN9vu is de-activating:  65.730627136
2026-08-17T04:26:20.158Z STAKES Stake account Cdhrt2o4VfHWKLWoT6mwqzxwJnJqqnF4HwhJHka82nBg is de-activating:  0.011488529
2026-08-17T04:26:20.158Z STAKES Stake account CdtWRmvXQ3kGcN8PvP6k4GaQXdzHgUTAtdeiuNt5LfkG is de-activated:  1.028032439
2026-08-17T04:26:20.158Z STAKES Stake account CeWbKBjxkW51HgSGtnPUX8UiEZXgPycmptsdbq2yspuq is de-activated:  0.006036602
2026-08-17T04:26:20.158Z STAKES Stake account Ceu5oLE8FgFiEZsdWpT7dYxLY6NCKnHmLuP69pCDxdWs is de-activating:  7.113119472
2026-08-17T04:26:20.158Z STAKES Stake account CeybxDUcFH5SzvTvqg9ZsqNieH1j7vH5n6TDhFoP9XPm is de-activating:  0.004597281
2026-08-17T04:26:20.158Z STAKES Stake account CfA8Baau1wkHg1wFM6ZrCZf8RFggqaRcjVoZg3rws8B6 is de-activating:  0.002282881
2026-08-17T04:26:20.158Z STAKES Stake account CfwUNffZti2Yw8FVhzc3siDKW7kVnyTX3f4DWznZviQS is de-activating:  0.011648945
2026-08-17T04:26:20.158Z STAKES Stake account CgC5LBdUs5Ev3PnFpFGPejJH1TJScRefcQzEcngMTud2 is de-activating:  0.002282881
2026-08-17T04:26:20.158Z STAKES Stake account CgNycgToWhT3SVu8nRa5eDmVL6f73V7GurGnK4nyRrym is de-activating:  0.553295504
2026-08-17T04:26:20.158Z STAKES Stake account CgqQmJ7gwUg8YihoRgKwKVCBWBqV6SgYv4uQDreQP3qo is de-activating:  0.015622102
2026-08-17T04:26:20.158Z STAKES Stake account ChEp6K6krZDDec6fqwqLnLbh1G1SZdgXEjTDXB8NQd7h is de-activating:  3.627473681
2026-08-17T04:26:20.158Z STAKES Stake account ChMpszu5U9TSWToYMTxj65jsUxe45UJtY3hmLwMTzQhA is de-activating:  0.002282881
2026-08-17T04:26:20.158Z STAKES Stake account ChSKw8BpUAkZiqpxUmx3y4aAtq1U6vh33wkaeVtRSmuL is de-activating:  0.011648945
2026-08-17T04:26:20.158Z STAKES Stake account Ci1gUVaRStZ32hStjBFKmDpPZzQdHGitKeoHLx5q5h2S is de-activating:  1.21367328
2026-08-17T04:26:20.158Z STAKES Stake account Ci957b6ZkgTXH1MuEV3pVqDPVonfU4MUekJhc3GbhrzX is de-activating:  0.129566341
2026-08-17T04:26:20.158Z STAKES Stake account CiQ6KNV2sReJLQ2d3kFCqAqA6B55sjn8SStSUbbd5D5c is de-activating:  0.244747588
2026-08-17T04:26:20.159Z STAKES Stake account CiyJBtyGGNwo8mfmuqsL2KAFHVtob2KtF6sXNBrvh9Xm is de-activating:  18.007480921
2026-08-17T04:26:20.159Z STAKES Stake account Cj5c7YLWm6nmPrDmNAUzFoNvRthXxq6d72bjNNNQyhpL is de-activating:  0.01164495
2026-08-17T04:26:20.159Z STAKES Stake account CjodaQxQMdXGqiaSKvooj6yr8VzmRCFSPHCi5sAyasBS is de-activating:  0.002282881
2026-08-17T04:26:20.159Z STAKES Stake account Cjr33dHzucYYRaXCgWtYwMdqN5yVztaD8o6VPwXYppa7 is de-activating:  1.21363904
2026-08-17T04:26:20.159Z STAKES Stake account Ck5iecGYADEGtVZaFPLDEtUgLBHPcK2iduGT4GnpmrmX is de-activating:  0.002861484
2026-08-17T04:26:20.159Z STAKES Stake account CkGU45PiiZhpTBELwLUTXGje6hiHGRy8U8aqJDT1tk7a is de-activated:  0.200530476
2026-08-17T04:26:20.159Z STAKES Stake account CkKf45xYsocqx9efwJif9TosZaRCFpug3Uu7pzoPdKpk is de-activating:  1.213020654
2026-08-17T04:26:20.159Z STAKES Stake account Ckbhu8Hc3SZBfodYHLbsZcFcho1UVEQhd2tGkoXWUKhC is de-activated:  0.10047766
2026-08-17T04:26:20.159Z STAKES Stake account CkbrJkyctZwynxf3hRRsu2XkRB4PBeQgdUVM4x7MwiVj is de-activating:  0.011648681
2026-08-17T04:26:20.159Z STAKES Stake account CkxhozSrpSfhiyF1xjNW7NVSQhj7Zis4b7LLDb8tejak is de-activated:  0.232684565
2026-08-17T04:26:20.159Z STAKES Stake account CmMsTBucwxwE91gck3cWq1SE9unvRrZyws5GZcLJHeNB is de-activating:  0.002282881
2026-08-17T04:26:20.159Z STAKES Stake account CmfTbLwrx7eXJR1vcxK749FSRqGrZBvVqFtVtYYphch7 is de-activating:  10.467328883
2026-08-17T04:26:20.159Z STAKES Stake account CmnNUroRzd9ahAeuyikha4SAkL7CSgqsD1yy2oErzTXY is de-activating:  0.003599255
2026-08-17T04:26:20.159Z STAKES Stake account Cn5zmrcFrXYkr34ax1yDifTni5xtAqznyHv57jzkb8Sn is de-activating:  0.023795972
2026-08-17T04:26:20.159Z STAKES Stake account CnEmKt4kxMNrBa2aqhcPZh1x2JfNfm4agarJKqgvGcks is de-activating:  111.958911837
2026-08-17T04:26:20.159Z STAKES Stake account CnHVqj6DJqNDBSzUs2v9dEv7uZNKr6BUghrC4iSc4Gxn is de-activating:  0.14936144
2026-08-17T04:26:20.159Z STAKES Stake account CndM5U2Ukipc7McUmQZopAcTkZ77zkiMEyJqHuNVrzkC is de-activating:  0.121004269
2026-08-17T04:26:20.159Z STAKES Stake account CnpNKSvebY6vXLf4eeQUArVmhxgg6ZmscqKirZTwrfaA is de-activating:  0.120733103
2026-08-17T04:26:20.159Z STAKES Stake account CnvPpkPzKHgUUvA4ct3mrRHSkroje38Z6BToyjuqkSrU is de-activating:  0.120828211
2026-08-17T04:26:20.159Z STAKES Stake account Co7G5YkKdbwv56cyqPZ9Frxo8evUKSRs7bjKn6s1C1L4 is de-activated:  0.051930135
2026-08-17T04:26:20.159Z STAKES Stake account CoAxnX4BTmNct54X9ijUcnwusUVSLmsPpWbMtvLgpZwk is de-activating:  0.120892019
2026-08-17T04:26:20.159Z STAKES Stake account CoTSmeJFW9sMWMT8a2NMfBJoB1PvTzR5xtAeE4hCSCsw is de-activating:  208.140429525
2026-08-17T04:26:20.159Z STAKES Stake account CocFmjnrsFwwEYF2u1jxav7fr8VeJ71P8obaoHJvJ9E8 is de-activated:  1.000434681
2026-08-17T04:26:20.159Z STAKES Stake account CpDFWXtm4U8QkaingaftYkKKf6R8EQkTNX7UVBvKDyTa is de-activating:  1.27439667
2026-08-17T04:26:20.159Z STAKES Stake account CpUdghmYE4PzbsL9JdSTZhPbbD4R2AqFpdSbBPiX17H9 is de-activating:  0.002282881
2026-08-17T04:26:20.159Z STAKES Stake account Cpqn6qtBXpcNMc45qoCowr821R3MkVe9CQZQV1u6hco1 is de-activating:  0.00713313
2026-08-17T04:26:20.159Z STAKES Stake account Cq2dMLRpbeS1ccSvwtvDCVT3EhM2zHqwBm9FwjMZJkri is de-activating:  0.120892018
2026-08-17T04:26:20.159Z STAKES Stake account CqoJJFL6qbhJoEi5G3mxG9qzhpAe7p9MamNsTLgMWPE1 is de-activating:  0.002282881
2026-08-17T04:26:20.159Z STAKES Stake account CrnkKXQhrzHzsMKUCoRAGvKaEqwAeWzy3LCTdvQPaDnj is de-activated:  0.08287508
2026-08-17T04:26:20.159Z STAKES Stake account CrpbZqPckfnc3mD6LBkKznKqL1uritso6wA1Q88RrP6c is de-activating:  5.259348637
2026-08-17T04:26:20.159Z STAKES Stake account CsUcFDXHxj38Jum6QJPtCxezGGUUaQ7wgxNCBmgUKncf is de-activating:  0.011648945
2026-08-17T04:26:20.159Z STAKES Stake account CsgMNuH6Xra6JGfN1yUmXXWzyKENQ2jSaTmKEnXW3MBt is de-activating:  1.212569458
2026-08-17T04:26:20.160Z STAKES Stake account CsrACtvSq1v6R5AijECPgapTSMzCiNs1dJ9YYnaXSxVM is de-activating:  0.002282881
2026-08-17T04:26:20.160Z STAKES Stake account CsuekrMGuXi4DY7tziQt4qJPjBfd3NbcBFZvwCA6CyAK is de-activating:  0.06014301
2026-08-17T04:26:20.160Z STAKES Stake account CsxfRkD7D6uqmh5LcW7QEsoNi2LcPfYrUPU7u5dqe8iK is de-activating:  0.036267345
2026-08-17T04:26:20.160Z STAKES Stake account CtdpBTxwkP3JjVZAosfMcMCS93Zmgg3THSb4rZfeevg2 is de-activating:  0.288118863
2026-08-17T04:26:20.160Z STAKES Stake account CtieeGahjnK1rW8CWUPxfVT6vibYAYsag1jQND3pRfpz is de-activating:  0.489822989
2026-08-17T04:26:20.160Z STAKES Stake account Cty618WrKaitM6Gcvbg4wYaoDQpGnojQT5A3Ma1zyuDp is de-activating:  0.143547069
2026-08-17T04:26:20.160Z STAKES Stake account Cu1bJb9iMWWU9MY28jhy8N5G6Vu8XYBfGXm8FjuccTkU is de-activated:  0.009589477
2026-08-17T04:26:20.160Z STAKES Stake account CuALLNsmNBFyU9tMt3xcnC2PqcuMZzMkUy2Dxxuwidre is de-activating:  0.120733105
2026-08-17T04:26:20.160Z STAKES Stake account CuLtFVf3ZZw8fHeiBpsFdeJjMKJQ9jrrDxFBpHDUBg8t is de-activating:  0.058584244
2026-08-17T04:26:20.160Z STAKES Stake account CuUrqBjkTonDmNGhkXfhRx4di98cXX1dZex53gS5CLUF is de-activated:  0.00228288
2026-08-17T04:26:20.160Z STAKES Stake account CvHhAAwzeokbeze7ExZe33nF3iqCB1Zz1kPSME9G5tuM is de-activating:  0.303016052
2026-08-17T04:26:20.160Z STAKES Stake account CvemfYUEJ3abZq6j3Smcasshyr7Yr3HMHPTDThLeLjK8 is activated:  0.008957934
2026-08-17T04:26:20.160Z STAKES Stake account CvhdkJf7vABbpXy8canHbvE9aVJZEBygDsz7ngL6JdC3 is activated:  0.133035307
2026-08-17T04:26:20.160Z STAKES Stake account CvkLmhfbebcqEVUSp2b4AUh5ChHRg2EYX89gmWbFYFwD is activated:  0.571666426
2026-08-17T04:26:20.160Z STAKES Stake account Cw2mcsFeG2EZGhLmtuYzPYR1i6UFxeyk75VTEVY26ugt is activated:  0.011648945
2026-08-17T04:26:20.160Z STAKES Stake account CwZFYaGZYsWkR3RVmmAc7zxSny16A5yJMfQ2sN3hMzhT is activated:  0.003496068
2026-08-17T04:26:20.160Z STAKES Stake account CwaoNNGi2zzSwTVvr8id6tVLiKkp4qff6RdqmExomXHP is activated:  1.214819301
2026-08-17T04:26:20.160Z STAKES Stake account Cwi7csaRgriVWmsid6eK55vhVrnq4AaXtyfaP8ER3Nov is activated:  19.553258594
2026-08-17T04:26:20.160Z STAKES Stake account CwzFjtqgfBF6FBFowPHvsukujwQjraVg9fXnYPXaDdrs is de-activated:  0.017810697
2026-08-17T04:26:20.160Z STAKES Stake account CxCMcFGurfT8CkxcN9nqSQgucmaBnH6hdsEqysnDc3E9 is activated:  0.009557747
2026-08-17T04:26:20.160Z STAKES Stake account Cxik4X8brGrz2Ri9d6A1HucnnbA5cMegkigmStq7H1VN is de-activated:  3.808362794
2026-08-17T04:26:20.160Z STAKES Stake account Cxymy7G4iZWryanExgsWpqrGo8QVC5irS13fdnfJRyWT is activated:  0.120841124
2026-08-17T04:26:20.160Z STAKES Stake account CygECBQtd1Dnxngc8gBnsgTV961GrbPaPXPTi3nyCYRB is activated:  0.606442306
2026-08-17T04:26:20.160Z STAKES Stake account CynbjifWQMSRR2sgCcAUzmX1V9VHsHFhWKN5LNiSS2iB is activated:  0.245072959
2026-08-17T04:26:20.160Z STAKES Stake account CypY3VxWoUbVMvboHPx5G7XxX1CynGWgDNjw4DWruzSS is activated:  0.002282881
2026-08-17T04:26:20.160Z STAKES Stake account Cz9imcmwBGG2Vpt73PR76sWanNqxUE6VtGoSKsZ4FXvt is activated:  0.104501181
2026-08-17T04:26:20.160Z STAKES Stake account CzNdNLCkMcGdEHSWbexpffGeZGiHrQgaVs4BkYxj6DaA is activated:  1.212569457
2026-08-17T04:26:20.160Z STAKES Stake account CzxvnTLwRQTb5WBC6yQY3PCX2Uw9m6KoGBUPahew3YzQ is activated:  0.011636401
2026-08-17T04:26:20.160Z STAKES Stake account D19KNtS73Ju8wNX658Q761NA8aposjk97zLki7zDwc8g is activated:  0.202353784
2026-08-17T04:26:20.160Z STAKES Stake account D1BLDR6qEZjQ6eiB1AhQ4y51pf4jyQ5XXJ6Am6cPNCP3 is activated:  0.023777247
2026-08-17T04:26:20.160Z STAKES Stake account D1Er3szM9esyHKPYBjtXKtHtH8Toc4gkBx9GUe5yshcW is activated:  0.011550097
2026-08-17T04:26:20.160Z STAKES Stake account D1JtsnyaCUoahkFxXvRW6Qk5hEr7qKqH3mTKhE9G9Z9K is activated:  1.379158981
2026-08-17T04:26:20.160Z STAKES Stake account D1MXcBgH1s7mbvUTKYUcLQTQqDkufozFQU2YShjpVoud is activated:  0.002282881
2026-08-17T04:26:20.160Z STAKES Stake account D1RvfEHBaoRQrTZHmsEXPAg4gfCFWqhQshB4pybwxW5h is activated:  0.023786482
2026-08-17T04:26:20.160Z STAKES Stake account D1YzaCijUiHn1itRbu5ooPK3qZxFi4o1fz1XyWMedLp9 is activated:  6.076677543
2026-08-17T04:26:20.160Z STAKES Stake account D1aMwrCT9M6X9RvS7oGADa1EksKuNgdHhF7SQCZ2FJ29 is activated:  0.011653785
2026-08-17T04:26:20.160Z STAKES Stake account D1u83YhFT6aJWqwuVnraxF3zTiZyQkStUWFoyNVFYwKT is de-activated:  1.034554454
2026-08-17T04:26:20.160Z STAKES Stake account D2AmKfqgSqfnQRKTq4khbUAcYWuEW9t4AtKPAxsY3aFx is de-activating:  0.008155607
2026-08-17T04:26:20.160Z STAKES Stake account D2BW8A9bTBHCutmkCSH4dyF84EujqCDs4sWNz9oNkrH9 is de-activating:  0.059562622
2026-08-17T04:26:20.160Z STAKES Stake account D2uktYqHttsd1PKjgBvp5CtA6zETWtC5fz6BY4grhZt3 is de-activating:  1.21363904
2026-08-17T04:26:20.160Z STAKES Stake account D3nbTKXouJ9KsqTGzitmnNmr3NS8w9SguwvntVeN5u6B is de-activating:  1.279538002
2026-08-17T04:26:20.160Z STAKES Stake account D47fcpW6ri4hJxtjKsKoaBDNxUeXHndQsEwXGPrZqSAB is de-activating:  0.011475658
2026-08-17T04:26:20.160Z STAKES Stake account D4efD9sjcAwGmHMi5yUxUrEtcrczyJs6PAhaCmMjXqVx is de-activating:  0.424267964
2026-08-17T04:26:20.161Z STAKES Stake account D4nGj2sg46QL5hFaKWXSHiRSb6dCF9v2TdSoEiLvqzLJ is de-activating:  0.032005617
2026-08-17T04:26:20.161Z STAKES Stake account D5HNozxBmu8Sr8U4jSpb1sQ9xoKFoUDkA1BtWkv21exq is de-activating:  0.035909574
2026-08-17T04:26:20.161Z STAKES Stake account D5smtA1Sp42E9M7FQZYpxZeSXNm5XENmpu7cSbovc7Je is de-activating:  0.592141849
2026-08-17T04:26:20.161Z STAKES Stake account D5wEythNUH5rLDNBMRBmB3Gw69D1DvUoh97jk6Li6ZC9 is de-activating:  0.06012145
2026-08-17T04:26:20.161Z STAKES Stake account D69EYqc7Fs8djWZUyX9q3p4ubXPik24rMmoRTwn2yWQU is de-activating:  0.120949931
2026-08-17T04:26:20.161Z STAKES Stake account D6G6Z1PGQSgiyocEUTHiGxDq8oRwQJ7UbsjVCo9EeQdh is de-activating:  0.120888664
2026-08-17T04:26:20.161Z STAKES Stake account D6Kg69L1dCgEXiQsMtMu1E1MAi6FUJypMQ1KqRUDGqgs is de-activating:  1.2148193
2026-08-17T04:26:20.161Z STAKES Stake account D7WFiv7vVDDU1DyE1S3FkYk4J4xUdMhUBX2otwh3phLC is de-activating:  0.120737365
2026-08-17T04:26:20.161Z STAKES Stake account D7fhZMiKXzw7Yi5oa8WekpsYkHy4ifCqpjHGnPot5SRN is de-activating:  0.038644296
2026-08-17T04:26:20.161Z STAKES Stake account D8GaYtd6KMrGqvnm24AbgB2dsAX3QB6jPBKZ3hegZc9q is de-activated:  0.102386079
2026-08-17T04:26:20.161Z STAKES Stake account D8TueHQAovQd8veDkM5WeQiJpCTyynhE21PRBMCH8kGA is de-activating:  0.023777247
2026-08-17T04:26:20.161Z STAKES Stake account D8vKq61HmQ5ubKGwqSP3NDbY4Q5yyosF1fc7AAGcnmKd is de-activating:  0.018061047
2026-08-17T04:26:20.161Z STAKES Stake account D9C2CGc9acgRR27s4A8z4RPvpbZ4XtSWGYcoxbT2nx54 is de-activating:  1.214193507
2026-08-17T04:26:20.161Z STAKES Stake account D9MkXGAD8s5tSGtMvZkMhuK95HcMYEKfvEtd3HnPq5mU is de-activating:  19.389014093
2026-08-17T04:26:20.161Z STAKES Stake account D9RV59FQjWypBzz3g3nq7Mykg7XaVV2cTZ6a2ztxmfSc is de-activated:  0.091058931
2026-08-17T04:26:20.161Z STAKES Stake account D9ZAsSTNKsqgBqZHvkDkLnQbyyt3FXsZu4m9D1CC4an7 is de-activating:  0.002282881
2026-08-17T04:26:20.161Z STAKES Stake account D9bFq1enNMaPFdWWf4WNdvroAAQEYdSMCcXQTwgnRPXd is de-activating:  235.821415475
2026-08-17T04:26:20.161Z STAKES Stake account D9pRNTfsEzg68A1JRMAj74RC5yZdwJjcU7f3cFTEDsqg is de-activating:  0.002282881
2026-08-17T04:26:20.161Z STAKES Stake account DA5aTyXk2km2cq2pXN5wjE2v7aPJsChuiTwWzLeKJng7 is de-activated:  0.007149173
2026-08-17T04:26:20.161Z STAKES Stake account DAgWCQWjiEZ8XenFS1iVY1wcQGsE2xmLBQc9uiiucYU4 is de-activating:  0.609564112
2026-08-17T04:26:20.161Z STAKES Stake account DBGD2dMtz8sz4tp6ZsJ1QQzGcBjh1mndCWUzujf48kuV is de-activating:  0.627485946
2026-08-17T04:26:20.161Z STAKES Stake account DBZyTemdUMy5jGB9C584qp2oSsnQ7sYjo6ErUJwAHXuY is de-activated:  5.499354925
2026-08-17T04:26:20.161Z STAKES Stake account DBwj4pRs4wfFQeW1YdjoXDnGHa9MsPPaiZpWi8fvjrF4 is de-activating:  0.132979179
2026-08-17T04:26:20.161Z STAKES Stake account DCS4vepDFwxc7AgqhztZGXfcgrh88Cg9CQ4eih6PJQG3 is de-activating:  0.017447258
2026-08-17T04:26:20.161Z STAKES Stake account DCWmZu6GLCTSVhMzBgALBNnzy1SbeoWtY26mkXKmALDq is de-activating:  3.036477613
2026-08-17T04:26:20.161Z STAKES Stake account DCod5hKp53RF88BmPCaxGneExvmz9mSzFvQwxcBaTEct is de-activating:  1.214687343
2026-08-17T04:26:20.161Z STAKES Stake account DCp1R1SjpG6qsrb4aFoQdYStxD4fp1ApBgHkgGY7y6dF is de-activating:  0.011652765
2026-08-17T04:26:20.161Z STAKES Stake account DD6PuhGSaYn3p6L2syPeBdWyz6V8fBMR7XE5CiLR3FDy is de-activating:  0.023786482
2026-08-17T04:26:20.161Z STAKES Stake account DDJBKJuVXA5DWpkjp1ViUj2F3ZVcnowPNZjFZKHUdaHH is de-activating:  1.617876745
2026-08-17T04:26:20.161Z STAKES Stake account DDNBnPbhMkEBjNcSKFn2gV2qTjJt6GEbwzqWrwNeeaY3 is de-activating:  0.011988126
2026-08-17T04:26:20.161Z STAKES Stake account DDT3wUQEF77v7Nr1qfN1fAYGCidcpQRLvXHbEtaU4ExB is de-activating:  0.011648945
2026-08-17T04:26:20.161Z STAKES Stake account DDeKBH4NVCAgayoGsMmNSCRceS7VnBA22YZc4jxQR4gb is de-activating:  0.096222062
2026-08-17T04:26:20.161Z STAKES Stake account DDsrYKNtYkwKDGyvnhuDM82fdKWtq2PJj4CLPHoYi3mU is de-activating:  0.120790158
2026-08-17T04:26:20.161Z STAKES Stake account DDutCh6xnHeEVwWvkM4CrXYgpvBYTDxwBKaLmWRFdf3f is de-activating:  0.002282881
2026-08-17T04:26:20.161Z STAKES Stake account DDwpS4WojrJFsDpc9vCdHgCiFb9LYrZ28hR269NHJmnx is de-activating:  0.045370482
2026-08-17T04:26:20.161Z STAKES Stake account DEvrGdAd56azCqRQjiKJhXstpedA4QPrEDWXCQFwHJ1H is de-activating:  0.002282881
2026-08-17T04:26:20.161Z STAKES Stake account DF2AS3jh8fN89nfYrB2JQfXJKbNpYemDJu3RdxbtPWp5 is de-activating:  0.014403186
2026-08-17T04:26:20.161Z STAKES Stake account DF5Lxz93D9cfk5zywusy4tdVGMHfx6dfeCZeya3VvKTJ is de-activating:  1.212535247
2026-08-17T04:26:20.161Z STAKES Stake account DF9snWAZcsaCTramVUhxGAWSiqE64DFUosDsvWbia75B is de-activated:  0.251323517
2026-08-17T04:26:20.161Z STAKES Stake account DFVvhCU1wRs98GqXBT7k4ZTJZdZFK184cPHp3bBe5Z4F is de-activated:  0.002282881
2026-08-17T04:26:20.161Z STAKES Stake account DFiKNcXdRAZj1kuLW3397PaKNSDjzzquGUUa14JSUi4k is de-activating:  0.002282881
2026-08-17T04:26:20.161Z STAKES Stake account DFmisSgxPPgUt7sdPJT82Y18rsoXDsib7aEKqgR3SHFD is de-activating:  0.01164495
2026-08-17T04:26:20.161Z STAKES Stake account DGCdPRhosATKtq7GAFvkL2rx3uvCjHMYKBkfjjKadnxb is de-activating:  0.024727074
2026-08-17T04:26:20.162Z STAKES Stake account DGLmyn8kUmvUFKPzMZBnGc8JceGs1nv3QASEF8x6hBGq is de-activating:  1.517905437
2026-08-17T04:26:20.162Z STAKES Stake account DGbH8ji2TvUPAyoVE9vCHYcZp56LpuG9sq27o5xZBt27 is de-activating:  0.004709793
2026-08-17T04:26:20.162Z STAKES Stake account DGcBbkivv1EACfBVvY7cKwe7oneLCSdUxaB47Z1Gf8iq is de-activating:  0.002282881
2026-08-17T04:26:20.162Z STAKES Stake account DGgoMHQSyjECVeJnf1UueDtaAfTZgKMFebM27nxVPxZk is de-activating:  11.562779064
2026-08-17T04:26:20.162Z STAKES Stake account DGkMFqmpGMhkniAzK9sTrsFwTo2vGdpvKKoMK9MiiJYy is de-activating:  0.224205155
2026-08-17T04:26:20.162Z STAKES Stake account DGuhwQveRzwsHcZBqHYTQpUM3jLt5R2cuCpjJMwBM2BJ is de-activating:  0.002282881
2026-08-17T04:26:20.162Z STAKES Stake account DGyJmirz6wSd38hZJXLDi1ADCbKfe9KpNCqHmd4K9wuD is de-activating:  0.018456588
2026-08-17T04:26:20.162Z STAKES Stake account DHL1hoFZwW3eA9Z2qo1CJaSfrJ2PtuAQuixtGv2B9sHS is de-activating:  0.593010542
2026-08-17T04:26:20.162Z STAKES Stake account DHYPnbUZUarkGkuSjveHi6eRm3dHc74GgwGNFEXMKYwm is de-activating:  6.067211903
2026-08-17T04:26:20.162Z STAKES Stake account DHaUVdpuGo4sqwg97wir57RMmSYn91gQUu8FRmadXDH3 is de-activating:  0.002282881
2026-08-17T04:26:20.162Z STAKES Stake account DHkbqGkDL4VGcfPAQJkf6FseF4WmA4X4s7goYTenrQdr is de-activating:  0.002282881
2026-08-17T04:26:20.162Z STAKES Stake account DJUQjuiTbMYcGE7BASAfYAuqHtACzdyFXDnZcKBbNNEx is de-activating:  0.002282881
2026-08-17T04:26:20.162Z STAKES Stake account DJgP3SRPphhDp1RCew3GHp1D6PjQoLrnuBVpkodT7w8j is de-activating:  0.003073169
2026-08-17T04:26:20.162Z STAKES Stake account DKBzsm45F86Wav9KBxDMToaM8BKWPygQNLJggpgZRGk7 is de-activated:  0.311722819
2026-08-17T04:26:20.162Z STAKES Stake account DKQLxxaP34vebpha7WyQcMfT8T52ahj6uqMcfkbZRerp is de-activating:  0.120888664
2026-08-17T04:26:20.162Z STAKES Stake account DKX6mzvUS5qAadnwkTKVngzmEsT9oBXA7MEesGXExoMW is de-activating:  0.011640899
2026-08-17T04:26:20.162Z STAKES Stake account DLDBNLfEn96DLN6utjpE8DneWFs3wXhMT454FiXaDezt is de-activating:  0.025930127
2026-08-17T04:26:20.162Z STAKES Stake account DLVbCm7YASggTRuCu5R1L8N9WQffjySH3Sw1wajvtS4q is de-activating:  0.120953287
2026-08-17T04:26:20.162Z STAKES Stake account DLcjXGUD8JEYFALzfdxvAcijKE8FBhWNaUtmn5u7iYy3 is de-activating:  20.839881825
2026-08-17T04:26:20.162Z STAKES Stake account DMZw2HCQKNLNrDKydvHKPJRZ5kgC9Ak2dsLqfpq7cJnx is de-activating:  30.388195507
2026-08-17T04:26:20.162Z STAKES Stake account DNYZpzy8TzgQ2k6STygbuzNCNFCfd5UBctTQBMXf3imS is de-activated:  0.010041112
2026-08-17T04:26:20.162Z STAKES Stake account DPBDKs65NuzGeHDUh8pW4xZMmMYKmPAtTGLon3GojBoQ is de-activating:  0.023748345
2026-08-17T04:26:20.162Z STAKES Stake account DPQJAwqtwRp5og4mgDeKtaRHbgkMMoynXchQ1cVVfHQc is de-activated:  0.010999929
2026-08-17T04:26:20.162Z STAKES Stake account DQ8c4DsTCnKrYge52Urxh2B1asnWfMT6qtEDLT2d9XV7 is de-activating:  0.011487526
2026-08-17T04:26:20.162Z STAKES Stake account DQQspe82boUwEgCnEDuVFMMDtos5pbU6VU35LM1scWiW is de-activating:  0.005315355
2026-08-17T04:26:20.162Z STAKES Stake account DQu7CWe3TbTQMd3sgsqLsU3GeHWCY36sCoJ6uraAmWLL is de-activating:  0.013797505
2026-08-17T04:26:20.162Z STAKES Stake account DQu7fSehLLF6XqSWCr5rzABCsVeguCrvpNzLdTX7Sxh9 is de-activating:  1.335688206
2026-08-17T04:26:20.162Z STAKES Stake account DQwowSHmbYdMpteQiuzk1mmTtASAMHCf4WjfhxJ9BNxK is de-activating:  0.002282881
2026-08-17T04:26:20.162Z STAKES Stake account DR2AZ3NTMQZJsHS2iAA1QuchVL9G2sSMCkDPtauX8Tn6 is de-activating:  0.002282881
2026-08-17T04:26:20.162Z STAKES Stake account DR3S8eP9qcw2DbcrzgVt5djam9ps3saFYBYBdVQgCYkr is de-activating:  0.01164495
2026-08-17T04:26:20.162Z STAKES Stake account DR9631zMv8Gp719xPgdvXKcC3e5nSku6VZF3ooasa1WC is de-activating:  0.025180352
2026-08-17T04:26:20.162Z STAKES Stake account DRNvv7LUJt2NwzhtJ2smTn1RR1WA8YtZSBUqkCQHRNMf is de-activating:  0.018676405
2026-08-17T04:26:20.162Z STAKES Stake account DRc1n4a1rXuLSxmidqRZWzZCPMpKR7e1aPT3GbAMoCiS is de-activated:  0.010778535
2026-08-17T04:26:20.162Z STAKES Stake account DRjDk6UaCjM5VyUV31N3CrMgM3tghcs1YrUMnXNdYGLk is de-activating:  0.060119814
2026-08-17T04:26:20.162Z STAKES Stake account DRk9KKLwTQ4Fp1a88joZ5L9Yy8T3B9mSH1n5DiAxTkqn is de-activating:  0.002639631
2026-08-17T04:26:20.162Z STAKES Stake account DRtUQ8Uzow74CBZhfUgRz8xbteyhDaG66QS5e8hNTtdW is de-activating:  0.13297918
2026-08-17T04:26:20.163Z STAKES Stake account DS3ueEgbC2qs7YzWwpZghKPkLzBzCn1BQ9TddzC35vBQ is de-activating:  0.292919829
2026-08-17T04:26:20.163Z STAKES Stake account DSZFgcPqsKrTW8Yob8qgyayor9gnkYMTr58L9DeXTfxw is de-activating:  0.013195475
2026-08-17T04:26:20.163Z STAKES Stake account DSmf9JqvsXXf8cqDJrnn5D4mrch9FCZ9RChQhRjuDvA7 is de-activating:  0.042318921
2026-08-17T04:26:20.163Z STAKES Stake account DSvs4an5ggN7P7AERKfLsr6S31GYMYsfQFW3WjeBMJ5B is de-activating:  0.120949931
2026-08-17T04:26:20.163Z STAKES Stake account DTDeXwTsbP6jUqpMaQBgQAbZ5guoGvpv7rJVat7eiRZp is de-activated:  0.027548228
2026-08-17T04:26:20.163Z STAKES Stake account DTi9Rfw4nbdeHPLndijr7SAL7erobBJnRe39vzVfxj6G is de-activating:  1.213673278
2026-08-17T04:26:20.163Z STAKES Stake account DTpUeRVbvuoBLrfgbCLUrQdXHYFf87fTQRZ1qXSH2mhZ is de-activating:  2.248845046
2026-08-17T04:26:20.163Z STAKES Stake account DTxPaW7RbUrCym37ixMz6YabMNwfNiVunp535KPKPVth is de-activating:  0.265215544
2026-08-17T04:26:20.163Z STAKES Stake account DU4J2FcbjXUmTBddr4ND8YzPqzBwvy7MZFSqwjwdkSvR is de-activated:  0.002282881
2026-08-17T04:26:20.163Z STAKES Stake account DUJV7DGMGwMCE8bDiy2fQbgZYEwxVw2vLrMNTzfta4BL is de-activating:  0.017419642
2026-08-17T04:26:20.163Z STAKES Stake account DUMiVwz6ik6cCZh7b5gMLY7y4w8XNa5nCuziVUuSPLpm is de-activating:  0.015214776
2026-08-17T04:26:20.163Z STAKES Stake account DUTSEBWHaXNe9DvJRpVRsT8Za2BTe8kv4UFH9Uc17V8X is de-activating:  0.014311391
2026-08-17T04:26:20.163Z STAKES Stake account DUVXF9qapYuJr3ypgs63gLLRBpNo2SUJFwhfn348UWeE is de-activated:  0.010387312
2026-08-17T04:26:20.163Z STAKES Stake account DVMfurbFrhxX5dkitvmSrtAjSW7Lsc5zmKBiH8svz9bw is de-activating:  0.002282881
2026-08-17T04:26:20.163Z STAKES Stake account DVhcrfb7aeavJEddcZ1VafTnDPC6kiYT583kBCYqeqA6 is de-activated:  0.002282881
2026-08-17T04:26:20.163Z STAKES Stake account DW1DtNpiKTovBwU9YpCDGxXy2q7MDZo9fuj7Tt7eAJ2n is de-activating:  0.002282881
2026-08-17T04:26:20.163Z STAKES Stake account DWsdi6DKpujEFMMyZ6bwo1udKoi6yfMaspUc8NXyjV3n is de-activating:  0.019267532
2026-08-17T04:26:20.163Z STAKES Stake account DWzKES3XpkmmCPQx3EQCUDTqCU9nrdnLW5Dhvq3nCMos is de-activating:  0.011648945
2026-08-17T04:26:20.163Z STAKES Stake account DXA6wBM8xpj4n9dkDdmdzmcRu9fbRzXbEcNWuPoBrVGb is de-activating:  0.002282881
2026-08-17T04:26:20.163Z STAKES Stake account DXymeft7cz9EkLNW4X9FjAKTSnRkP2sktJCasTFfrF49 is de-activated:  0.002282881
2026-08-17T04:26:20.163Z STAKES Stake account DY3tJXnQf98oSByvEHrox85HG6smKhkXFLh1sSm4sgrm is de-activating:  1.226340326
2026-08-17T04:26:20.163Z STAKES Stake account DYSNcFNhtZK5bZuTdevp1StxanGH5TC2xym9nzwY3V1a is de-activating:  0.151055206
2026-08-17T04:26:20.163Z STAKES Stake account DYTWHW2t6k2SNA5jzrP8Y5U575LMzzyN1WWQv59pLtjw is de-activating:  0.003139219
2026-08-17T04:26:20.163Z STAKES Stake account DZYrzzJkEMurmof17NAy32j8epMt13H6dvoc6ofUEUvd is de-activated:  0.050085643
2026-08-17T04:26:20.163Z STAKES Stake account DZcoG3UFqnTbLk9XiLwGDJpsBVGw5p64gp6Ste4FRWNN is de-activating:  0.013625888
2026-08-17T04:26:20.163Z STAKES Stake account DZfKv85joko6XG2cYCUxUHwuCUTbVTMU3ExTuMTYbtXV is de-activating:  0.069008142
2026-08-17T04:26:20.163Z STAKES Stake account DZgUDaupY8F2U3aHPSNAKCysg2icPgkCET3s3BUe8N13 is de-activating:  0.023768008
2026-08-17T04:26:20.163Z STAKES Stake account DZr2bo8tDVfRXUC5nTQ2a2JP55zC43EaJevJNbA5GUnG is de-activating:  0.01164495
2026-08-17T04:26:20.163Z STAKES Stake account DZzn8eWGHGtWVrXp2hj4Ks8Wscee7cDqiC1pRzE8hwfT is de-activating:  0.002303266
2026-08-17T04:26:20.163Z STAKES Stake account Da55A5anuB5NS3GaVfCco9d9g5LZ9LTi9e1YbEkZYAYH is de-activating:  0.166846209
2026-08-17T04:26:20.163Z STAKES Stake account Da7KFjZSskzn3u8SsNoELyR7vHAuZYmuDMwhPQXytE2U is de-activating:  0.619186503
2026-08-17T04:26:20.163Z STAKES Stake account Da8XEbksktJL79gCg4yKEwicxWA1dL5e2sTuTpd4Q3bL is de-activating:  0.002282881
2026-08-17T04:26:20.163Z STAKES Stake account DaC3AyaevJbPiJNagNgowi5jWkDYYebkHvaGcCKEyvWf is de-activated:  0.004964054
2026-08-17T04:26:20.163Z STAKES Stake account DaYWC5kc8getKeARQPPRMcqfw3ZFizZ2yUPR9X1pUF5M is de-activating:  0.011648945
2026-08-17T04:26:20.163Z STAKES Stake account DbN3Ts5dtehqGUKirvc26ryK3ZniNDAD9dwaj7hDWWh6 is de-activating:  0.120837772
2026-08-17T04:26:20.163Z STAKES Stake account DbWWDifweYPMmvBhcoEQiws4t6ZkQH366i4rgz6FAC5h is de-activating:  0.002282881
2026-08-17T04:26:20.163Z STAKES Stake account DbXKH4vNMtETQbivCT8ZkvGWm8tsK3LobXt2gxTCca4F is de-activated:  0.00228288
2026-08-17T04:26:20.163Z STAKES Stake account Dc32hLjgWS8NHWKXZMGwKydG7ijjr95DmqNfVMNWqYGz is de-activated:  0.002282881
2026-08-17T04:26:20.163Z STAKES Stake account Dc7R3GxdWH1rt1uBwz4VqYDjgAda8bQrP97mDkeixyhd is de-activating:  0.131883818
2026-08-17T04:26:20.163Z STAKES Stake account Dc7ZnFsfbdLEnirUcfWhWrXchWsVgFCi6T6ERo8v3vTq is de-activating:  0.002282881
2026-08-17T04:26:20.163Z STAKES Stake account DcSaNncr2TBWSP2smh33PeM9ip1xskfhRBHbNs7oh8E8 is de-activating:  0.022309209
2026-08-17T04:26:20.163Z STAKES Stake account DcVaY6L6CuB6wkfepzmb5jyUK6RDiDM4vNSJcFKocR3n is de-activating:  0.121004268
2026-08-17T04:26:20.163Z STAKES Stake account DccWo9ggRgUZZh9CBz5rwfqQYUBpgRgMEGcJGQGgwXLY is de-activating:  0.01441921
2026-08-17T04:26:20.163Z STAKES Stake account DcixqyoYfCXd1N5pbbsvCoUZ1xy8vkcSRuEnMEt9CiEx is de-activating:  153.575513911
2026-08-17T04:26:20.163Z STAKES Stake account DcjYbE5vXWVWMUMikzqatdVHHD7cS7gTzrGLKhLdzryQ is de-activating:  0.12361092
2026-08-17T04:26:20.164Z STAKES Stake account Dd1gnCpZahSiV1DGp2LPxrbnNsBt4LjStkh8HkpWNEBX is de-activating:  0.023777247
2026-08-17T04:26:20.164Z STAKES Stake account DdfpFiwFpukxqhZCVk7T5dVS72YGePR5Qu4QFui5nD2H is de-activated:  0.501160952
2026-08-17T04:26:20.164Z STAKES Stake account Dej6of7j53SozSNDZVofap1heT2Ruk1n7EnYciU6Givn is de-activating:  1.213673277
2026-08-17T04:26:20.164Z STAKES Stake account Df15sm9q2Ly8G38qsKBqS7f9L7WRGAtWEv5dNhk1VXMM is de-activating:  0.013186689
2026-08-17T04:26:20.164Z STAKES Stake account Df2nZ5WaDYxYALRsFCUR3WKBhc61B8WWt1qujXyR5CKC is de-activated:  0.002282881
2026-08-17T04:26:20.164Z STAKES Stake account DfDAFfhsxqkB7gcAWVus2y4GWg2faZnmyKYLrsnH7WkL is de-activated:  0.002282881
2026-08-17T04:26:20.164Z STAKES Stake account DfFDAF5vfD5TKpRGRBYkVfqCQZ9fXuiugJZJDqYRjDqf is de-activating:  0.010778295
2026-08-17T04:26:20.164Z STAKES Stake account Dfd7jZWzL5vyzjL315BctwKnwwCD8UBdjZAGrzdwhZex is activated:  0.014374008
2026-08-17T04:26:20.164Z STAKES Stake account DgVoHH484pbFmEPqPv36fRaSTjS8G3zmrXJLBCFyWVCF is activated:  1.213673278
2026-08-17T04:26:20.164Z STAKES Stake account DguVsNjWCnmRbTPcbGQNjD2pAShBC5BX9ZhSBfDyKkta is activated:  1.225469259
2026-08-17T04:26:20.164Z STAKES Stake account DgycG8pvPnFSmAUZbcoq93vCpEAv6TMVo1Sovu9kErPB is de-activated:  0.002282881
2026-08-17T04:26:20.164Z STAKES Stake account Dh6He6AymFRVumwnRErS23g1TS8uEb3ZYHWZHRewqv43 is de-activated:  0.252280616
2026-08-17T04:26:20.164Z STAKES Stake account Dhb1Uc5mXN9vLwMYcDZQUak79t6pxCcEMcXBtRK7Nt6J is de-activated:  0.006604959
2026-08-17T04:26:20.164Z STAKES Stake account DhqqwWzQEB5qvetu8SuxjwUT65ti3gNVWYszAvAK36Wf is activated:  0.03590705
2026-08-17T04:26:20.164Z STAKES Stake account Di3bii4SRwxstHRFG3tVaeDcGifZpqk5BDDmoCTmEYRC is de-activated:  0.498669848
2026-08-17T04:26:20.164Z STAKES Stake account DiKw5TCpjCstszmy9cK2RHCNZSBxFJJ2rzGSda7H2n3v is activated:  0.120892018
2026-08-17T04:26:20.164Z STAKES Stake account DivdbPZYzbWCtGwWMwz6XXRLsQNofTzWHt6YSVn38MKp is activated:  0.002282881
2026-08-17T04:26:20.164Z STAKES Stake account Dj39vZUPbh778G2WwdhdVTWiB48mY4hvEfPXFvGvKbUd is de-activated:  0.052751011
2026-08-17T04:26:20.164Z STAKES Stake account DjdjDB8N1DRMSYWVwrD5wvo3pBtLt3LVHh7aJwqUcYVc is activated:  1.214068328
2026-08-17T04:26:20.164Z STAKES Stake account DjhgepANigAkYqFdApHcRjHGy7yjZwxZapbAg6hgLZhb is activated:  1.214819301
2026-08-17T04:26:20.164Z STAKES Stake account DjtwZdcSPvWyWRm5fahTL7S1YfGpMA3MnGDnKEjJYCvm is activated:  0.006602415
2026-08-17T04:26:20.164Z STAKES Stake account DkQoSq6c8hJuN6aSKXqGVSgK1UWqfFJqR6CTRpS7Nzqp is activated:  1.19641991
2026-08-17T04:26:20.164Z STAKES Stake account DkSXokeE2x9r1BJoXJYSQ4xVq5BbZTJxoEjgDZJaoeuu is de-activated:  0.053665949
2026-08-17T04:26:20.164Z STAKES Stake account DkhgrAnQnAQDmAnzdwdfSEfAsfJyjyijMUHDBA2XPwty is activated:  0.242425584
2026-08-17T04:26:20.164Z STAKES Stake account DktTapxZH3vqoypdVojVtbde1TunfpNva6ERsbp6WVNG is activated:  0.023757055
2026-08-17T04:26:20.164Z STAKES Stake account Dm15ShPUdRwYSBfSfvyWGmM9kRt2NN7kYHkQ9m7EYqVJ is activated:  0.026982389
2026-08-17T04:26:20.164Z STAKES Stake account DmYaEaG6Er9nYZw8ujATQDFKmNvyU4T7cjJzQce6VVqr is activated:  0.002282881
2026-08-17T04:26:20.164Z STAKES Stake account DmnQ5BjjCyd7tsBpo4bBn4UUnT3Kuntxt8BT361C7izf is activated:  0.027749198
2026-08-17T04:26:20.164Z STAKES Stake account Dn3hTwKNuaVDswTTgDH7aDcu2xEQp3N7pd79SG3xoL7z is activated:  0.120786807
2026-08-17T04:26:20.164Z STAKES Stake account Dn9NEzqPqw3wMf6nNCYVCd8BY3HyB9KnXXdXcgAF36M5 is activated:  0.18157659
2026-08-17T04:26:20.164Z STAKES Stake account DnfYEa8rHd3Zc2ndiuVhpE8sygU81iEoQiZQvZmsUeGt is activated:  0.023797587
2026-08-17T04:26:20.164Z STAKES Stake account DnvYXPDBjbaJVqn6fGeDnbnahcQhHFAHzkhuzHV1SJyh is activated:  0.14183688
2026-08-17T04:26:20.164Z STAKES Stake account DoRz1thLgEcKt7TokraLYHUozNWRiVD9onorc9YZxzHv is activated:  0.060174193
2026-08-17T04:26:20.164Z STAKES Stake account DobrQVkFMduRwUmkDMgJLRnUfEJNWHuQWmavqM8ags7i is activated:  0.120953287
2026-08-17T04:26:20.164Z STAKES Stake account Dp8pNHvUHTBfPo8SXvGnWxYaWTx1oW4SHJ3XEyWYXQ2v is activated:  112.859484783
2026-08-17T04:26:20.164Z STAKES Stake account DpcD5hLKb7aX1aLzEegpxzAM5z1m5xFzLZFPxoTxqKM4 is de-activating:  0.012584575
2026-08-17T04:26:20.164Z STAKES Stake account DqBWP5Dft6x3SpKcDpTKm7m9sY3q4xKHcUC5XdDs1bnU is de-activating:  1.212569457
2026-08-17T04:26:20.164Z STAKES Stake account DqfurE76vVuAHEkwY3u4wUGr7A3pxYZuxqSBQ23136rp is de-activating:  1.215247717
2026-08-17T04:26:20.164Z STAKES Stake account Dqkqg9nqxdTDTKXzJP2ukc7BJKGzuZjKVkzkY9FB1qGn is de-activating:  1.215746958
2026-08-17T04:26:20.164Z STAKES Stake account Dr1hhR1m4okiMXaVfJeFGE8tVeQ4ARqF8EckDk2HVqfw is de-activating:  2.42698594
2026-08-17T04:26:20.164Z STAKES Stake account Dr6ApTBYY1EmZ8BJmUUMP9cBHxp12V88Wbx6cXAheA68 is de-activating:  0.002282881
2026-08-17T04:26:20.164Z STAKES Stake account DrBJFis4nuTDN5yrmSuFZMgGDfkUPSspALK8yEMWeZLP is de-activating:  0.002282881
2026-08-17T04:26:20.164Z STAKES Stake account DrkxszACEhwrhuYqa3qju6PAs7y8dw43JyXDRxoDkfWu is de-activated:  0.016717949
2026-08-17T04:26:20.164Z STAKES Stake account Ds6dyVLisrduoAfNzp3fAbE8tQJ8taV2qY5ReEywokA4 is de-activating:  0.12089202
2026-08-17T04:26:20.164Z STAKES Stake account DsCJgEa5ZpKZ8RdNecHmcg7fQoTiirzb2NdPWmaV3EBy is de-activated:  0.10026217
2026-08-17T04:26:20.165Z STAKES Stake account DsFehqF6sHvyDQ8uasRw1r53F5m1abKpR893w68hHz2b is de-activating:  0.053775292
2026-08-17T04:26:20.165Z STAKES Stake account DsRPnjGkjJxB1NbAn7Xthy1k8xRnqPCgMrjkX8VkDaed is de-activating:  0.016841056
2026-08-17T04:26:20.165Z STAKES Stake account DseqsCY1SUEBS7PgsmchMRi791GdQsgpwb1PFzZnMBwY is de-activating:  0.002282881
2026-08-17T04:26:20.165Z STAKES Stake account Dsy1AyqApVUuWDKsZu66bWwf1G7yu1EYCznHPgnp48u9 is de-activating:  0.060199068
2026-08-17T04:26:20.165Z STAKES Stake account Dt4236Yeee9vphPrhL8TFhUiG1kzFTPoX8kjAjBtqnzf is de-activating:  1.213152442
2026-08-17T04:26:20.165Z STAKES Stake account DtKXSdbaKfBRCYARxAF1NGgTPh4wrjBBgmcbUpFp1H7Q is de-activating:  0.182304864
2026-08-17T04:26:20.165Z STAKES Stake account DtQAJVVz3jJVLgLH5mSySiF7erPQYyfrebMDEn9eyxDC is de-activating:  0.606459385
2026-08-17T04:26:20.165Z STAKES Stake account DtSRfsjhtUEqQvavYc9ENxkkt43M4s3hU1grAnQpwAuT is de-activating:  0.002282881
2026-08-17T04:26:20.165Z STAKES Stake account DtcKHJKHW9cbQH1qLUAyYS2SFAkVcfTfvKhPMoDmbmTP is de-activated:  0.00228288
2026-08-17T04:26:20.165Z STAKES Stake account Dtsp28S7SJ21iwnF3RMsZLWGwCBVntriNcRxH75VVw2D is de-activated:  0.116943668
2026-08-17T04:26:20.165Z STAKES Stake account DuySnZuXXgunPn6qt1u7ebRbMTHT7xHNEJeS1wtJD36k is de-activating:  0.005860442
2026-08-17T04:26:20.165Z STAKES Stake account DvSb2qN1dhPqxzqD4ZWJtNfaXY4ejVD2CT6FbHZhmH2v is de-activating:  0.011488529
2026-08-17T04:26:20.165Z STAKES Stake account DvWFdZ8za7mo75SzWwzFNR1e7Cn2GizW5N3tb7Danbxv is de-activating:  0.204309893
2026-08-17T04:26:20.165Z STAKES Stake account Dva7v3KNshfBrBQUnpHq1wMTnLvKexY7XkaHSgjRjTYT is de-activating:  0.011636401
2026-08-17T04:26:20.165Z STAKES Stake account DvdHbZXfSEBfS2SkXwoTK5UaBSLmdpZVpjYZH8qP4zNs is de-activating:  0.121235389
2026-08-17T04:26:20.165Z STAKES Stake account DvsQ7BpBBGNvs7Y7JXLPSDAusf77zQXFHnuYspvWceXH is de-activating:  0.003492287
2026-08-17T04:26:20.165Z STAKES Stake account DvwvoPBX9E1vLf796MNxVBPXw5qELyg5F9B7NaEMvHf9 is de-activating:  0.008957934
2026-08-17T04:26:20.165Z STAKES Stake account DwQXhHe78dhEhZVGT7Swmtjj6GW5Tdzr69mRZzoup18A is de-activating:  0.011648945
2026-08-17T04:26:20.165Z STAKES Stake account DwZSXPiTeGzfhSrkLsvppW3yygyudAJhbX2hXLf7PWwJ is de-activating:  0.017725681
2026-08-17T04:26:20.165Z STAKES Stake account Dwka6jbSvfFcRhJVzwG9t82DtwCxk6NzL3WuMhw8djRX is de-activating:  0.063550484
2026-08-17T04:26:20.165Z STAKES Stake account DwmCwh8utu6zuEL4YVdqDL3ApmazM1jDdzFExix8fDfQ is de-activating:  1.213152444
2026-08-17T04:26:20.165Z STAKES Stake account DwnAVcyfgvJ7S5AeLzqDPj9MtHngTgQxPccANJDzgPST is de-activated:  0.100219818
2026-08-17T04:26:20.165Z STAKES Stake account DwrT2vzPU4rDvCHBf2ojWwSarmhLnK2n2iQu4ixsoKDS is de-activated:  0.005601026
2026-08-17T04:26:20.165Z STAKES Stake account DwtazbTbetiLxpsjBmuMVCFAdEeuqQro9P4bjRF5p2uC is de-activated:  0.110159193
2026-08-17T04:26:20.165Z STAKES Stake account DwvwnUpxo2pESrDpjBgMKa9tadrELCGZzZz8DpqCKffU is de-activating:  1.212569457
2026-08-17T04:26:20.165Z STAKES Stake account Dx2mvVekMk3SJZ4ynkgem6aXccihBjVkGa1HUTYBangg is de-activating:  0.033218817
2026-08-17T04:26:20.165Z STAKES Stake account Dx9hdveWvimZ7mrn3BzcRYnSE8zrJHzSLwgg3759ViVZ is de-activating:  0.30273517
2026-08-17T04:26:20.165Z STAKES Stake account DxFH9Y4pKnsDpJkPfQ8iR4Er4ZzXde6JEuSMw9pfcTxS is de-activating:  0.003495539
2026-08-17T04:26:20.165Z STAKES Stake account DxX9XwshDFKgPgihRSk3TcjJKgxfXcCfXj8iJHdTyMbf is de-activating:  0.120790157
2026-08-17T04:26:20.165Z STAKES Stake account DyJq1JKyKW6paPC9J27dD1o7xB4bN2f4z8c3ccaNcEjC is de-activating:  0.002282881
2026-08-17T04:26:20.165Z STAKES Stake account DygGv9SGsz2zXucV2TEsZ3xauPPBngwPfKMXVdmKSY3J is de-activating:  0.120892018
2026-08-17T04:26:20.165Z STAKES Stake account DzdbMFGewGyQWTyZohgALMihEAZp6yFeBx6riGqqTq21 is de-activating:  0.022319525
2026-08-17T04:26:20.165Z STAKES Stake account DziEEnm21x3yXCQiSPxUMkKkGzhp35hYnw9gt2w2LeBD is de-activating:  0.011653785
2026-08-17T04:26:20.165Z STAKES Stake account DzkDTS4Ls2cKLR5UBARDgZs8u7zvtTTBrRsLNza9DBPf is de-activated:  5.004635743
2026-08-17T04:26:20.165Z STAKES Stake account E1C8a5hUkXkU1eWQzNBMtpQWiK67o2P7Wf5YPTegCPST is de-activating:  0.011653785
2026-08-17T04:26:20.165Z STAKES Stake account E1FZRzsAnVFWAYThhSt1BwFETsyq9C1RnQhYeGgR7hJs is de-activating:  0.042336116
2026-08-17T04:26:20.165Z STAKES Stake account E1TTV63hjkZBCJf2vCoSYBFVEP9Q1T7evc7ortG2kkEE is de-activating:  0.027406154
2026-08-17T04:26:20.165Z STAKES Stake account E1YTguG5hCF65rKeck3Z7k7P72ZHGr9u5G1dCTZNMbgs is de-activating:  0.002282881
2026-08-17T04:26:20.165Z STAKES Stake account E1uiJNB2uAu3SoLkDdojcGm6WMyh6uYwFdeQ5ZXmoEXQ is de-activating:  0.002282881
2026-08-17T04:26:20.165Z STAKES Stake account E1yAfB8Npt9ZXzfQGexqwzRVM2ZTAJi6S7j5o8WuiASm is de-activating:  0.242095464
2026-08-17T04:26:20.165Z STAKES Stake account E24y5kxp21iYoiZnd5v8PeVkSUUpoasUeTiVHUxnQhED is de-activating:  0.002282881
2026-08-17T04:26:20.165Z STAKES Stake account E2CzYFcz6dkecMhntnDbPLggz1NcYuxAgYg4zcENcZzA is de-activating:  0.011653785
2026-08-17T04:26:20.165Z STAKES Stake account E2JUgMtSwqBEruwRzbdKMMGg66vim9jZq2HpTBeLrXiN is de-activating:  0.011648681
2026-08-17T04:26:20.166Z STAKES Stake account E2NmdsEmRrDKegAE9dTKQcdkazgA4tZV8y5bsiefFk1y is de-activating:  0.310511261
2026-08-17T04:26:20.166Z STAKES Stake account E2R54JjctBzuFxri3JSRutUpcXGPHiJoQLYX8JUDJrwt is de-activating:  5.410867576
2026-08-17T04:26:20.166Z STAKES Stake account E2YaXrAoza3bNwaZ6gqa5djZaRhv6UnczMtyZ775G1JM is de-activating:  0.120841124
2026-08-17T04:26:20.166Z STAKES Stake account E2mQaJ8DHA9BsYGPiXdQLDk4M3Yo8XsmGxWCGcgY1UGP is de-activating:  0.016234439
2026-08-17T04:26:20.166Z STAKES Stake account E2wQXsvVqHfFiKo7APQvkyzvumcRuUojU6gWLFKDKZ39 is de-activating:  0.021414759
2026-08-17T04:26:20.166Z STAKES Stake account E3L2Z6ghmJNNibucxwZPozC9imhsZeYYf497M1XxABRy is de-activating:  0.011987852
2026-08-17T04:26:20.166Z STAKES Stake account E3dhHk8V7dErHBgntggoqdKijZWysq4q4yMuVD3vWv19 is de-activated:  0.109802726
2026-08-17T04:26:20.166Z STAKES Stake account E4foSyKZQV6j5aMtheJdxTJVgmREAXf3yG5UYHeoqhCC is de-activating:  0.018008965
2026-08-17T04:26:20.166Z STAKES Stake account E4tsbCCkKNs3JJCby88WFoZZESJ5cheJ8PJZKzKbTfRY is de-activating:  0.145056349
2026-08-17T04:26:20.166Z STAKES Stake account E4yrNVQEwFEcTLH9X7CtdnXCi7hLhZkzLJMVuZJqn6fB is de-activating:  0.011636401
2026-08-17T04:26:20.166Z STAKES Stake account E5GPBv3mb5hnr1EpJCYjiJ9Ee7PUaoqpEQqfyvKowiaS is de-activating:  0.002282881
2026-08-17T04:26:20.166Z STAKES Stake account E5PxnK7zbbC2HZ3cym2bVEAFcp2MgLrT1uJoJZEQCXjS is de-activating:  0.002282881
2026-08-17T04:26:20.166Z STAKES Stake account E5e29kUpMhd5GsCUus3Ldyot74sStQpu6nchML1LBmnp is de-activated:  0.846954303
2026-08-17T04:26:20.166Z STAKES Stake account E6XaxDkBDYqSG7u8PF3A96Aruz7F1SMrCBa69T2W4JJb is de-activated:  0.036403612
2026-08-17T04:26:20.166Z STAKES Stake account E6azXEUw7YfWyzym1A54GA84WSgfK2EcWGRybws9uSWC is de-activating:  0.011636137
2026-08-17T04:26:20.166Z STAKES Stake account E6sHPQBCY2pyRCmZybok3ZnGWGnvZDQ9V9Vf6Gwr2LXx is de-activating:  0.002888897
2026-08-17T04:26:20.166Z STAKES Stake account E76wUJUbv7BvXrbkPRymGisjRHcEnJvvnPiAmXcgFSwY is de-activating:  0.042318921
2026-08-17T04:26:20.166Z STAKES Stake account E7D8uDnUDZRYmBn1S3dLzeyj1N5xyLWnJxLJsdg5YvYp is de-activated:  0.002282904
2026-08-17T04:26:20.166Z STAKES Stake account E7DwTEs1ps1w96ZLbqtqBwHrYxs24tWFF83UVjgHyAiG is de-activating:  1.217461446
2026-08-17T04:26:20.166Z STAKES Stake account E7SGMQ9PAhMnxGnUt5KFdEVr3EEmBUzoXvaXT43HUCyy is de-activated:  0.02
2026-08-17T04:26:20.166Z STAKES Stake account E7sfBQCnF5g3h4T3LQJMxA1Pd6wk7GkbfMMPeV87S524 is de-activating:  50.567195895
2026-08-17T04:26:20.166Z STAKES Stake account E7x7hwcQhS4zQzHKWBVepZR7PdNLaQYkzQznCwvih9Gk is de-activating:  0.131492708
2026-08-17T04:26:20.166Z STAKES Stake account E8Jy7kv8xJSEWYTkcoapWJoujNR8RQH2g1JQ96173C7Z is de-activating:  0.969832417
2026-08-17T04:26:20.166Z STAKES Stake account E8LBbEjQge8uuCuhtMATxmskAT3ckbdfnyD8VNMZrRsG is de-activating:  0.120790156
2026-08-17T04:26:20.166Z STAKES Stake account E97NNEaBHQ8Fd3azN3rJXytogkEx7vtK7jzrpr2hxASB is de-activated:  1.137895166
2026-08-17T04:26:20.166Z STAKES Stake account E9Z8GLXJ8aKFSCdFgsG5HGMS7PAdDhsBccCPz19S9cXQ is de-activating:  0.01164495
2026-08-17T04:26:20.166Z STAKES Stake account E9tYu7SwPGzWD342SgmQShUU9c9QswZKanmk6if9rSDk is de-activated:  0.027056183
2026-08-17T04:26:20.166Z STAKES Stake account EAKJcp7qhx9sFeznL1FnqSWdESpCwFxNNNvguZ7R7W6G is de-activating:  1.659768728
2026-08-17T04:26:20.166Z STAKES Stake account EAUV4BmAbKBuPRatbmjNr3Ka75US2f9YY73hSCo8FrjZ is de-activating:  0.120790157
2026-08-17T04:26:20.166Z STAKES Stake account EAgyqyKE8Yn2wngPcRJK9gVxsk54TvXXEEU2g6Vf5Rb2 is de-activating:  58.008177675
2026-08-17T04:26:20.166Z STAKES Stake account EAjEC36nB7MzzE9DoxrGFCCfXxkNZz8EgrYtHagWcDRE is de-activating:  0.12100091
2026-08-17T04:26:20.166Z STAKES Stake account EAwVHupj73v5c5HjrvRC2APaJfbkfMNNZPh89HwufryL is activated:  0.033219692
2026-08-17T04:26:20.166Z STAKES Stake account EB1AAHuG9NvqB8kxeqRvjSHyohHRhnQcCCdSgwYssmqe is activated:  0.011648945
2026-08-17T04:26:20.166Z STAKES Stake account EBE7iMhd5s8t5DtwWFKVxZQa4C1q3NHV4qDtbeuRQJK2 is activated:  0.002888604
2026-08-17T04:26:20.166Z STAKES Stake account EBrvGgeYvi1RSeT2E4JgMfkL4MjCay8YoGciJ8Ci76NN is de-activated:  0.002282881
2026-08-17T04:26:20.166Z STAKES Stake account ECSVU3S7Vg9zYinwGDdQsfwgSWZmxcuoonrSGyTYpeV7 is activated:  0.120837771
2026-08-17T04:26:20.166Z STAKES Stake account ECsEcT8c6L9Pr58Bsq7VoHdVqVKwb76nschTYF1M5ZkP is activated:  0.002282881
2026-08-17T04:26:20.166Z STAKES Stake account ED29hyrmNqNsbAnWVkU3hsxzPxvBxrW84vL8K9Acqvre is activated:  0.060149312
2026-08-17T04:26:20.166Z STAKES Stake account EDMtfPfmHufkvW2otnfLX4UtMkWpgZS6NPqjXFtrMdZy is activated:  0.881630608
2026-08-17T04:26:20.166Z STAKES Stake account EDU1AcMcDwAEQRgoaqBa6n6Z2JSXpfMz77AYDjUTpAaL is activated:  0.002282881
2026-08-17T04:26:20.166Z STAKES Stake account EDaimU1ASfo4uEPnC8idYCm2aYB8uFtNnSoNjthrXLmq is de-activated:  0.041795981
2026-08-17T04:26:20.166Z STAKES Stake account EDqTfRgAkQ6mk4i8mNzfRLtGxyn5XFQJxPCUqaYp6cKj is activated:  0.002282881
2026-08-17T04:26:20.166Z STAKES Stake account EDsMYRFBnnmTaQr3zJTCta2Tg82TwE37mBc9dq5JVTST is activated:  0.002282881
2026-08-17T04:26:20.166Z STAKES Stake account EEMFuNKAw9DwCck5gJuDTj7xtLbbVfXEvP7pmP1cJ29H is activated:  1.213152442
2026-08-17T04:26:20.166Z STAKES Stake account EETGPMEVLgXDG1shKLw7twW17o15FYyQVeU4r9CQAfBt is activated:  1.454010959
2026-08-17T04:26:20.166Z STAKES Stake account EEsfaT59unAyxV73Tn2UYhR3h9PYWVMaBhFSW32HDj56 is activated:  1.212444438
2026-08-17T04:26:20.166Z STAKES Stake account EFVYRvVZobhdoh2Q3u3STWfphduKxXUqeHzjLkj4AUUQ is activated:  0.120892017
2026-08-17T04:26:20.166Z STAKES Stake account EFqVvq2B4HNrAHxf8aF358Vpeg3B82X3DmDc2T1ACKXX is activated:  0.120841125
2026-08-17T04:26:20.166Z STAKES Stake account EFvHmr8ahns7xauNs9wxBc34xKCwAFropLXt3YUJHARF is activated:  0.002282881
2026-08-17T04:26:20.166Z STAKES Stake account EGZtdr3p82BY3FZs987ug3EuVgwibpAtQhg669igUuu3 is activated:  0.01154604
2026-08-17T04:26:20.167Z STAKES Stake account EGqCtufKZCo3tDfzQFCAZJDYbUz3LmHWJHiVHnr4bmac is activated:  0.120841124
2026-08-17T04:26:20.167Z STAKES Stake account EHAih8unkMBMc6mrdwYKVPzqByXQoeUHztyB4r1ogMF4 is activated:  0.035892535
2026-08-17T04:26:20.167Z STAKES Stake account EHGfMbFTSH98u2PkGWsqei4DBDztgsqWjg1FqpoKzudC is activated:  0.002282881
2026-08-17T04:26:20.167Z STAKES Stake account EHJJjPFmYXyJvc14dvCaJQpe9VVmqDT2Sarfjb9thAKz is activated:  0.113067781
2026-08-17T04:26:20.167Z STAKES Stake account EHJW7Zyk6GngRt8YY3AW57DmL9XhUCrWz9cZEoxf9k8W is activated:  1.213152442
2026-08-17T04:26:20.167Z STAKES Stake account EHegpiQxBXYfvr6FLXQ8hVN4uaHegFh1j6Fbc1GyRJTG is activated:  0.120841123
2026-08-17T04:26:20.167Z STAKES Stake account EHih1Ffe4XN2yDWz368mRW6nhJ36fduZrbu19pyEfhdg is activated:  1.214193507
2026-08-17T04:26:20.167Z STAKES Stake account EHsos1D26NqDxZTudgVttKjzHhJ8bEeVCqJtq57BXcWp is activated:  0.011484333
2026-08-17T04:26:20.167Z STAKES Stake account EJ7phJkVpnP3uQ8761a5HL3Ey3eeigHdd5X45ustAjvz is activated:  0.005313724
2026-08-17T04:26:20.167Z STAKES Stake account EJQDmn5TwZ7kWyeyK4kk9bPiB2Yg6A8yWrgVjVBgXfAY is activated:  0.011648945
2026-08-17T04:26:20.167Z STAKES Stake account EJb1A71FqYtrBX624tkd8gZC2JLFMHdFbZNiZVZMHkDk is activated:  0.120837772
2026-08-17T04:26:20.167Z STAKES Stake account EK6jr3MffEuJFnb81fGD5vL2L7DLsDKKyHxyqRcQ5qjs is activated:  0.120777252
2026-08-17T04:26:20.167Z STAKES Stake account EKcyrScCQ5tD1sqsn6ei2TTSfUr6qYzQ9csvKuiqHWLH is activated:  0.002282881
2026-08-17T04:26:20.167Z STAKES Stake account EKeUe4cbfpaRFzAmWwCT7iTpBaVhVwhbTtvJYc2hCb7N is activated:  0.003494437
2026-08-17T04:26:20.167Z STAKES Stake account EL3euxy4TzBvaXBHBcE2C5g7JVmCFbTg3P7w65UhgX4T is activated:  0.002282881
2026-08-17T04:26:20.167Z STAKES Stake account ELDSxKNgtrG8BPdWrHW1vKr2ERCAD5JoxY3XAnnPgAYY is activated:  0.050762064
2026-08-17T04:26:20.167Z STAKES Stake account ELaMpmzaT6LpngDCdq7hBeExPcT7ntg7ciDqee3HL5bg is de-activated:  0.010851861
2026-08-17T04:26:20.167Z STAKES Stake account EMLtR4JaLP1YikYt7BCUSVr2SvJ61Brhg9hZp3wiZfka is activated:  0.011488529
2026-08-17T04:26:20.167Z STAKES Stake account EMeQq8mHCV6jog5Uk7eKXMWtTBTwzhs21EPHJqfpu8BS is activated:  1.213152444
2026-08-17T04:26:20.167Z STAKES Stake account EP3JeSXy8rpQ5EhBTEwDvNMrvyAQ6UNAAosZcvUbVFqY is activated:  0.023786482
2026-08-17T04:26:20.167Z STAKES Stake account EP3QbzcMpuamW5wKn9w7jLGrk9veLANAnjw6TEiE3qW1 is activated:  0.120940363
2026-08-17T04:26:20.167Z STAKES Stake account EPPfYofFmgDHVFq4m7xfL4Too6BfcG99u5ZjmFz7krSp is de-activated:  0.002282881
2026-08-17T04:26:20.167Z STAKES Stake account EQ1MpFMzYVwubsbq3pWQv9H8Jqw5GbjAtvR6mxAdAtNY is de-activated:  0.047324801
2026-08-17T04:26:20.167Z STAKES Stake account EQFsFxA2JELWu4gkCrgovtTbSoaNK5Qg1QSHtw9iQAFf is de-activated:  0.117059833
2026-08-17T04:26:20.167Z STAKES Stake account EQKcyprjhatfHyvb3BaSGzBVWG88WzSpd1GHzDsNE4pk is activated:  0.015290212
2026-08-17T04:26:20.167Z STAKES Stake account EQQ32ixe7KcsYaetxGPCSqKXuX7j5LdEHhyAo3oDdwJ4 is activated:  0.002540079
2026-08-17T04:26:20.167Z STAKES Stake account EQTd78JYgXGUy3RJaedhZHgrkHYXNA3yAcywnERpTEDJ is activated:  1.212437722
2026-08-17T04:26:20.167Z STAKES Stake account EQWs6thpUrVUgbV1jrg1E4s4faqgEVp2EaCrCzzjguBp is de-activated:  0.039605675
2026-08-17T04:26:20.167Z STAKES Stake account EQZ8k8sjoVhMqPU8GMMUFGuvy7ramxk2ddCrCdMvsLGg is activated:  1.214193506
2026-08-17T04:26:20.167Z STAKES Stake account ERBF1QdUz1sZsVGymizEeB84wgvUrXKckd7nC8PRmLW7 is activated:  1.214193507
2026-08-17T04:26:20.167Z STAKES Stake account EREuEKyqanXFdgXP3wj6uEmvSJdsrNvay2ar8GrM1Dd1 is activated:  0.002282881
2026-08-17T04:26:20.167Z STAKES Stake account ERFKfMCyivC8VvkmG4gkTarzMrdFG5zpzFzierz8GvWL is activated:  0.135285963
2026-08-17T04:26:20.167Z STAKES Stake account ERPPru4YGX18acRAByLu46Ex99F9iL3YfYW79EQRejAb is de-activated:  0.002282881
2026-08-17T04:26:20.167Z STAKES Stake account ERQjpPfKmm8noDb8kUsCLeew8TqtkbHAeVktiHzTgSbQ is activated:  1.213673277
2026-08-17T04:26:20.167Z STAKES Stake account ERSMB4hxf4dL9qLS6nYJ8RVgp7J2fpAULc3YLspmHEfE is activated:  0.060144968
2026-08-17T04:26:20.167Z STAKES Stake account ES42LqprvHMQbYLZCabDHgwZ7SomYzYmSY3wXHxefAvQ is activated:  0.120892018
2026-08-17T04:26:20.167Z STAKES Stake account ESAaCUNXLVK3cQh789KkCHG3qMU2v5tP9x1xySWLJatG is activated:  0.011640899
2026-08-17T04:26:20.167Z STAKES Stake account ESMYhqceJVT1HZHv7xPnbkGDJ3u6Y3e5y9hcrFNENJ32 is activated:  0.003495446
2026-08-17T04:26:20.167Z STAKES Stake account ESVEd5p8Cssvdbhka5vC2YycNncDjP6KZT4LaiDQv4h9 is activated:  0.605908845
2026-08-17T04:26:20.167Z STAKES Stake account ESgUfaG3a5RC4UAiVj4paQqdG86PUtbmv1k4ixfZZq5N is activated:  1.213673277
2026-08-17T04:26:20.167Z STAKES Stake account ETPTrntXC62nrdeiVhUrwYEDc7fAFa3dwz14VksMoJGm is activated:  0.002282881
2026-08-17T04:26:20.167Z STAKES Stake account EThwuGLZyTkxe8d21D6VUQYX5papmmA98wapitx12hwh is activated:  0.011636137
2026-08-17T04:26:20.167Z STAKES Stake account ETiwUX1rR1AuvpG66GD8JRQeDqHWUPGSFRFE2sSVUUyR is activated:  119.356640311
2026-08-17T04:26:20.167Z STAKES Stake account EU8GJmZFqt46FmGyG2m31Cvj4bxxjr8tfvHk4zVuztve is de-activated:  0.011656719
2026-08-17T04:26:20.167Z STAKES Stake account EU8vd9FGoH3DEqmnKqNFgzZLxJsuNCR8ohMDTaNWgxvL is activated:  0.002282881
2026-08-17T04:26:20.167Z STAKES Stake account EV7PLyUHFqG6yDv6LfnfPfm1XyXc9t2cRpmLwBgYzRXd is activated:  0.013797505
2026-08-17T04:26:20.167Z STAKES Stake account EVD5pKPWziLqwEoP4JDFtaXmZ3EZ8ni37ud2qjpfqg9M is activated:  0.183682442
2026-08-17T04:26:20.167Z STAKES Stake account EVU6HXCkH1dXporAGU5tEydcjrVzY4hZCKanATVauHD7 is activated:  0.002282881
2026-08-17T04:26:20.167Z STAKES Stake account EVsGZEmUXUM2DvtLFXiNMz3KSFZpPTBzwohQ5L76GhMp is de-activated:  20.67432921
2026-08-17T04:26:20.168Z STAKES Stake account EWCPQSmeWsNDywaf6vVbhUyYM4Xeh3vDFPEJcNje71RV is activated:  3.64388722
2026-08-17T04:26:20.168Z STAKES Stake account EWEAV8mxu5ErLJdGz7amqiiUMmgin3iSED5tu5SnF7fK is de-activated:  0.002282881
2026-08-17T04:26:20.168Z STAKES Stake account EWG7Nns9mkwXdpajCVvirdBzzKrZE4cbdzEcurrJ1X5v is activated:  0.005575441
2026-08-17T04:26:20.168Z STAKES Stake account EWcaLmeYyhSK35bh9diUSAk62dQvsJvkJhQJGziMM9n9 is activated:  0.244735714
2026-08-17T04:26:20.168Z STAKES Stake account EX4q94KryuUcUm2ZfucKJVULpiWwZNMqmAHr2HDmRdbS is activated:  0.038678222
2026-08-17T04:26:20.168Z STAKES Stake account EX7wvXgbksXsJCo3wf1NdG19uNbgM2CQoQfU94rN1uYA is activated:  0.209957133
2026-08-17T04:26:20.168Z STAKES Stake account EXXSUfpcz5pTnHGowcNVQ9YCaMb1RG5E7bFSFNLnLT4a is activated:  0.120892017
2026-08-17T04:26:20.168Z STAKES Stake account EXqZbGf9WhS35cowYkmBRgLcPaqQhR3uq94FEiZ6vsvq is activated:  0.00245271
2026-08-17T04:26:20.168Z STAKES Stake account EXsNTkCBJsaxbUCzA3bk2SJ6ovT57we9LE4aCQh4akWx is activated:  0.023422457
2026-08-17T04:26:20.168Z STAKES Stake account EY6vGYXY3ybG5CTkkuo5yhCVAhex4RK7BcusjB6ogFK1 is activated:  1.21755936
2026-08-17T04:26:20.168Z STAKES Stake account EY8EB5ubj2YbbKadCRGVGJU4CXMjpMhuYTtdqeLjQVrX is activated:  1.335688207
2026-08-17T04:26:20.168Z STAKES Stake account EYV8VDg433WQXsH7d2QeWph8Pi4Gkbp4iPXKcKB6pVjC is activated:  0.140607495
2026-08-17T04:26:20.168Z STAKES Stake account EYihPQbQ2nQHTR2rsKuXu7Kqm7VXRHrAujChnx2C4eNM is activated:  0.120841123
2026-08-17T04:26:20.168Z STAKES Stake account EYtUvabwcWTghT1TbfR12qx4UXthWapXttwSCB28wMJ3 is activated:  2.425818591
2026-08-17T04:26:20.168Z STAKES Stake account EYvvDaWy1ak51yhMiYQ4EiKGdkeRzNUp8GP7spNQoidu is activated:  0.003495008
2026-08-17T04:26:20.168Z STAKES Stake account EZCESD8meRU5jn5JsvAbhcfFy6qCYSKo5UQcHhni17N9 is activated:  0.002282881
2026-08-17T04:26:20.168Z STAKES Stake account EZCiYxdLY3oh3PNUWzUPgyMnBYk1TwvQmZSUro4Gjou9 is activated:  0.181477374
2026-08-17T04:26:20.168Z STAKES Stake account EZDkxjQzv6ufsWmqJeBTo1LL6U41XXjzajKrn6YkRSXo is activated:  0.368551454
2026-08-17T04:26:20.168Z STAKES Stake account EZcqweCygKSD1TDBkMv1si9L52hxBmAYdZ13hgu5nNf1 is activated:  31.284746181
2026-08-17T04:26:20.168Z STAKES Stake account EZiharP7emjES1ruU9DxQhBz54Bw3jM1qZDXHD1e97nM is activated:  0.002282881
2026-08-17T04:26:20.168Z STAKES Stake account EZkDEfEJjRFaAU7Y6TjrdGCqKTj99N4oTzasqnENA8ie is activated:  0.004366453
2026-08-17T04:26:20.168Z STAKES Stake account EZqQNrKFwb3kbEA7FMw1ZATNMZFc86u3tZ43fw84g8V2 is activated:  1.212569457
2026-08-17T04:26:20.168Z STAKES Stake account EZqdzn5xeTTbo1N499RQipgaYjmGTkC2SV5a9SrvSb7m is de-activated:  0.448137343
2026-08-17T04:26:20.168Z STAKES Stake account Ea4ZETHHiuoQb99R89sVKMcAGgPxTYJe1V7Wrs54kVeA is activated:  272.785728795
2026-08-17T04:26:20.168Z STAKES Stake account EaBjGvDWPEZDmvTazkRT1UYpSUneWvp6VTVcrdKt8AAp is activated:  0.002282881
2026-08-17T04:26:20.168Z STAKES Stake account EaNpyP3NVoHyaZ69Fwhrn2K3A5zLwKfVhaHQrrjZjmxh is de-activated:  0.007014007
2026-08-17T04:26:20.168Z STAKES Stake account EaVr4zMYLvagF2H1pfNMbvGKuAVn1XNApaJMG8L5RMZi is activated:  0.011653082
2026-08-17T04:26:20.168Z STAKES Stake account EbJxHBaDCq7taJtd2UYP6EtRBoxD5yVPfSDVBya8f6L6 is activated:  0.023786482
2026-08-17T04:26:20.168Z STAKES Stake account EboZ3x4AEENsLkXHyiPR8uVyoZ9zZy2rttEdHpiYXUnq is activated:  1.061605379
2026-08-17T04:26:20.168Z STAKES Stake account EcQkfyrgXbYCDqYiNYJto9JVjmLstnPgVHHetNA2jFiq is activated:  0.002282881
2026-08-17T04:26:20.168Z STAKES Stake account EchS2RZ31x1fwL4SPXH1M88BkVbi3PSVMbcjkaSwrUeT is de-activated:  1.078456564
2026-08-17T04:26:20.168Z STAKES Stake account EckCdaYLzV8szaPSkxGfvJqxZqsZTaayqcgs7TzqUpZX is activated:  18.84610196
2026-08-17T04:26:20.168Z STAKES Stake account Ecp37vpSJzHeh2R2GC2cj5MsP3cVh94di9cw1E9GSR96 is activated:  0.002282881
2026-08-17T04:26:20.168Z STAKES Stake account Ecty1EPyr3rFUPinu6HPaA4JZE3bVqdppJB5CRZvcdyb is activated:  0.002282881
2026-08-17T04:26:20.168Z STAKES Stake account EdW1VKfEVN5CBZSPywd4AbNsuszGHHiF1a51TtcccDFu is activated:  12.941211894
2026-08-17T04:26:20.168Z STAKES Stake account Edb3wdLWpwpRCFnYv6M1MrRxb35aBD6hpgimawCxga4Z is activated:  0.002282881
2026-08-17T04:26:20.168Z STAKES Stake account Edzfq27iCGGRFavM1dYtR3diPiYuG7833nswGeXrt2LJ is de-activated:  0.002282881
2026-08-17T04:26:20.168Z STAKES Stake account EeYQTVyck8aMbnx2wxznqXx9wdvhZ7rq7uQTXyzK6vmT is de-activated:  1.073230318
2026-08-17T04:26:20.168Z STAKES Stake account EecTEWsZfKzZCFDe5Lqt28g5z34L5B243SNKGcvNUxT6 is activated:  0.048041866
2026-08-17T04:26:20.168Z STAKES Stake account Eetbt8uNssVgcvheFqhTbFRP9PBASTmaxsqKY7bGLQ6v is de-activated:  1.016115152
2026-08-17T04:26:20.168Z STAKES Stake account Ef261XZXiYZg61JEyaGTjJbyqBtWBeAokUTtFF2UQc9W is de-activated:  0.002282881
2026-08-17T04:26:20.168Z STAKES Stake account Ef7uTHGJodzpbW7NYDKqrZoSEnGSfAnymSiu47gND3Yc is activated:  0.014076448
2026-08-17T04:26:20.168Z STAKES Stake account EfCBdQHgTVcN1zYJ8UQbA67Lg8Qqqrsc5s5uH4xD8o6N is activated:  3.799639014
2026-08-17T04:26:20.168Z STAKES Stake account EfLU5dwp6ejUN3rPvX2z4wyha7G5XNXG8Kzjjkmc7Lq9 is activated:  0.120953287
2026-08-17T04:26:20.168Z STAKES Stake account Efybrq1k94vNxZJZQuuSDcM4PqLcZDW3LEyDZsvmKuJ1 is activated:  0.002282881
2026-08-17T04:26:20.168Z STAKES Stake account Eg3K1uaASRb4fGcfcK8VsLRNYb7UDqP6dskMne1MchP1 is de-activated:  1.189875186
2026-08-17T04:26:20.168Z STAKES Stake account EgZr8b1UJUrpf8zxNAgYnTgxDqW3A1Er1noYM218rUMA is activated:  6.070936449
2026-08-17T04:26:20.169Z STAKES Stake account Egp4tPfpS684KhLWNPSvpcmnqdpYR3oX7XVbezCuG16Y is activated:  6.070764942
2026-08-17T04:26:20.169Z STAKES Stake account EgpJcRuR7m9wqRxi2UTX5xEFTyhmaDBSAW5jAzPRi8ut is activated:  0.003492321
2026-08-17T04:26:20.169Z STAKES Stake account Egpui6e7WQat2X9w561cu369s9eoSZ6ue6JRar86YqDt is activated:  0.002303254
2026-08-17T04:26:20.169Z STAKES Stake account EgvqM7RUFtKKaBfS5RvmV7ozeW437Rg89hvMmp5hnpc4 is activated:  0.023774906
2026-08-17T04:26:20.169Z STAKES Stake account EhC8WCQTGHXJD6XGgi5FzKyb2vJqtyAHyzgMHK6P5rxg is activated:  0.120790157
2026-08-17T04:26:20.169Z STAKES Stake account EhKPGgRJk739ViYa2dKV6hwNTwjfihrhjWAon5iDtZQ1 is activated:  0.011536954
2026-08-17T04:26:20.169Z STAKES Stake account EhdnaNJu71xq3JuK36rdL4kfBqX6CPbQXswJyeKkBonb is activated:  0.038679251
2026-08-17T04:26:20.169Z STAKES Stake account EhtrDjcQ7rWoBArxLMX2CiaaMaeYUtJmyiCUDu2oMAkL is activated:  0.197813811
2026-08-17T04:26:20.169Z STAKES Stake account EiTcGeJi1XcWuot5GktZneAJ9FUGjaYV3reugejRH5Em is activated:  0.147932203
2026-08-17T04:26:20.169Z STAKES Stake account EijbX5dnSKJ1UaTQ5QPrqQ9vJm3wBetyAvFJEb15kkVa is de-activated:  5.018379441
2026-08-17T04:26:20.169Z STAKES Stake account EjCHvmGdNW6J8hFRMYuZPfeUPR2DsArT6GWtZMNK76Bo is activated:  1.197010819
2026-08-17T04:26:20.169Z STAKES Stake account EjcnjCKX7xwGSQhYF8Q8LEmFw7FUtHWaZwZnkgNyfRwF is activated:  0.18746229
2026-08-17T04:26:20.169Z STAKES Stake account Ejv65oG4rngrKzuwCcsfNdrDmYLFnhDEf7iqARrrqmxv is activated:  0.003494346
2026-08-17T04:26:20.169Z STAKES Stake account EjxkV4dVXZPfuxuGgDVBuoxTXrXHp3Ayc3bBwZ7nsRBw is activated:  0.002282881
2026-08-17T04:26:20.169Z STAKES Stake account Ejyyxw7y3w6qfsQSiAUotY9Cn9xC7Xt9Z7nQHztdqGXC is activated:  1.035261027
2026-08-17T04:26:20.169Z STAKES Stake account EkTVyfY7D2Gj7q1Y4nkCFDasEajYh5CtmimdzuErZddY is activated:  20.290683086
2026-08-17T04:26:20.169Z STAKES Stake account EkdARDm5whgfUHRm6E5Vea3AogFBF7BhxQuSpqHzwKtq is activated:  0.120733105
2026-08-17T04:26:20.169Z STAKES Stake account EkzKNf54JW32jPgpWqFZyqW7M71VnVSPbEbKnKDekByK is activated:  0.016215675
2026-08-17T04:26:20.169Z STAKES Stake account EmCT9yWqb238TKor8GUdXoWu94cLMcoDccK9K5KqifQ3 is activated:  0.120953285
2026-08-17T04:26:20.169Z STAKES Stake account EmFc5HB1gq4Cnw7ymfzGK5gWMuhEkXXPiSb9aPftQ9Ea is activated:  11.427483896
2026-08-17T04:26:20.169Z STAKES Stake account EmRd68kxzKjXma5osCoLmNvNM1jQyQ37jUD3xvHoTNwQ is activated:  0.120841126
2026-08-17T04:26:20.169Z STAKES Stake account EmYRvFgceNXva6hzNvwu4op2kvdWGZWrmRgpNuXWk19p is de-activated:  1.070747769
2026-08-17T04:26:20.169Z STAKES Stake account Emb9FJVsYTYT1M4NKz7MoR2bbF42sxQxmoSTc8rsDvmK is activated:  0.024726619
2026-08-17T04:26:20.169Z STAKES Stake account EmcmanAhF7YWsM8GTaUvvjWrLnRXSBfSAkFrAzGX6dVd is activated:  0.002299943
2026-08-17T04:26:20.169Z STAKES Stake account Emx91sxvHzhoUoXSe8DKMfhSVDEP8JMi5T3sZEruUk17 is activated:  0.011992331
2026-08-17T04:26:20.169Z STAKES Stake account EnPGNTaA3uxw4GLg39dmiux8gseizLpqiQ9w8tzrVfdJ is activated:  0.002282881
2026-08-17T04:26:20.169Z STAKES Stake account EneTSfQJDdRLJb9YTY6hLqvk26Qr48Az59r5whRkCHGr is activated:  0.002282881
2026-08-17T04:26:20.169Z STAKES Stake account Enh37AgWiwzSbYSAC3i6beGpa1xNYGjvCpi3eYhtMnoL is activated:  0.01164495
2026-08-17T04:26:20.169Z STAKES Stake account Eo5bytCUyoT6HHuHaqWpmbx8AiWvAoDb6A5Emk8SqRdb is activated:  0.013812938
2026-08-17T04:26:20.169Z STAKES Stake account EoQnNaFRJVkc3SvWYu9dZUgbwx57gu6wTxe5VfuDDwsB is activated:  1.212437723
2026-08-17T04:26:20.169Z STAKES Stake account EoUk7HQF7XDnTxmMGriDx6vbLPvntjc4rVQmegwBP1TA is activated:  3.040819068
2026-08-17T04:26:20.169Z STAKES Stake account Eom8rNZswNATQTqiWVeNgtgE5fZ65q4cgzW3VoEHT7pu is activated:  0.073766714
2026-08-17T04:26:20.169Z STAKES Stake account EozKbbn6NkZbBsfgzcYpJ1KPdta6Tcz6CFuYL8gdSRWY is activated:  0.072301269
2026-08-17T04:26:20.169Z STAKES Stake account EpUx3YpQQt9DUzgGUfSFymc6na546H82nuXFMe8XECwm is activated:  0.059393275
2026-08-17T04:26:20.169Z STAKES Stake account EphKbe5fmc5KRxDuFCJLABMTDoob8PttyE5jMDmUw3Zq is activated:  0.119419828
2026-08-17T04:26:20.169Z STAKES Stake account EqALSsamTiJ1vhQncsXi9oixbo67wZbntaURhadCZrcF is activated:  2.389817327
2026-08-17T04:26:20.169Z STAKES Stake account EqJoePZfebz648fPvKcktxy7msSdkfnE8F7eky549D6F is activated:  0.120892018
2026-08-17T04:26:20.169Z STAKES Stake account EqdjY2M2qGagNaY2qDEva66Q1g5hJZa7fnEXdxifsAHM is activated:  0.014408064
2026-08-17T04:26:20.169Z STAKES Stake account ErF5wxxi1vmHYKy47VvY5UpTN1K5QQSsE9WdUuhysNna is activated:  0.002282881
2026-08-17T04:26:20.169Z STAKES Stake account ErKPE2Mfwa3iC2oxEK7Ne16QG7LCwTKh9ppZVEuNjLo7 is activated:  0.120953287
2026-08-17T04:26:20.169Z STAKES Stake account ErNqeu9jUyqB9S6ajWw6p3E3KwVFJ8HSHk1KVHvXCe4e is activated:  0.060174193
2026-08-17T04:26:20.169Z STAKES Stake account ErTcwW2vnFdKpYC8FWai5TTavYTxotPNEv5ot7KoRaxD is de-activated:  61.104272744
2026-08-17T04:26:20.170Z STAKES Stake account ErnE2cmjcAX7YK5STXRHjBUCHDw2LbJ7bFinwxVgdSQW is activated:  0.011983969
2026-08-17T04:26:20.170Z STAKES Stake account ErqS2WbxDrtzcwD3ZotQqM9aQQWjcdAt4n2KdKFo8mWy is activated:  0.002282881
2026-08-17T04:26:20.170Z STAKES Stake account EruGSj4g4t59syfw8vhK9wPyeg1gEeJQDX7PEks5vg2i is activated:  0.004074294
2026-08-17T04:26:20.170Z STAKES Stake account ErxzHd9vw9CyEkXLyPKTdBaFmj2q4xSv8DsyFbostDPn is activated:  0.055102049
2026-08-17T04:26:20.170Z STAKES Stake account EshxDExCZ4oWmxnizCmvmaNDK5WpyUjkec4QnwdZZhm6 is activated:  0.005580111
2026-08-17T04:26:20.170Z STAKES Stake account EsvV1ji32srDk1JjaGVp31wPX7RwBtp35kqgcneBih7w is activated:  0.240541534
2026-08-17T04:26:20.170Z STAKES Stake account Et1wqmCuht4zQje6VcjBcBcuD36y5EPmjoS5GRhCynEs is activated:  0.30301605
2026-08-17T04:26:20.170Z STAKES Stake account Et4JqBVrw1UzjmTUCGZPYT3CfK9YGmHxyz9cFDDTHA2r is de-activated:  0.002282881
2026-08-17T04:26:20.170Z STAKES Stake account Etd8sSCWhFL5Hd3djE9AokdBDTVd5qAsRJvBza71SMCB is activated:  0.002282881
2026-08-17T04:26:20.170Z STAKES Stake account Etgg5riYKyv1ytrLuG9cfmr5ZMLkA25qiwCCb9etGNdv is de-activated:  0.540278321
2026-08-17T04:26:20.170Z STAKES Stake account Etr3rSA257HdXpWQpMP6G3VXvkWGxgJGCXfHJCd22aPb is activated:  0.120841125
2026-08-17T04:26:20.170Z STAKES Stake account Eu3AdBStDPCcso2xVij9DnB2aF6hNvtWkABEQnGpSm6b is activated:  0.059856649
2026-08-17T04:26:20.170Z STAKES Stake account EuPbnLRggzTFnX6r65qQciB2WFHn8nXQRXGUHsHnt3vh is de-activated:  0.02704436
2026-08-17T04:26:20.170Z STAKES Stake account EuaAhhJ8UXLgktSAczFaBTDifnuiJY1msxjFX7rUHLDF is activated:  0.055641525
2026-08-17T04:26:20.170Z STAKES Stake account EuiMbDquUsrvysGyWN3WXrLBEoK6xSmvAfpk5khVqhzC is activated:  0.007522196
2026-08-17T04:26:20.170Z STAKES Stake account EunXRGeQtZ9hdrkdcnHtFnG7hTAy17U2BYth8ijEXPT1 is activated:  0.002282881
2026-08-17T04:26:20.170Z STAKES Stake account EvEpquopCUGr82GbdVGUQsyoF8sqXdMhZvhFwk2bUzQn is activated:  0.66113551
2026-08-17T04:26:20.170Z STAKES Stake account EvLFLPXRuDXDRu95c4m6pQzQQqKpXCVrvnbQNfw31b52 is activated:  0.060228943
2026-08-17T04:26:20.170Z STAKES Stake account EvPSsoinRp9ebzHhT3YVJPvJQswjs2Au1LeG6Q65C9bk is activated:  9.148989052
2026-08-17T04:26:20.170Z STAKES Stake account EvaMtraNGcEpNLrMLZtHuQaBY9xy2qp9kne7nrakhFNm is de-activated:  0.15
2026-08-17T04:26:20.170Z STAKES Stake account EvzrrJJ3sHua2QcinLSQuumjoJUKpTw6xgEcm3uygTvG is activated:  0.002282881
2026-08-17T04:26:20.170Z STAKES Stake account EwFi8QrYczC9mmZFo3fm2CXxnpWxnvDBmBgVdTe8GVUX is activated:  4.193640233
2026-08-17T04:26:20.170Z STAKES Stake account EwPmb7GSVbvfJoBAcpFW8BRxFKuK4JnBkSGFchF4LzFP is activated:  0.00470637
2026-08-17T04:26:20.170Z STAKES Stake account EwvD7qs35UQRzQFtxS6GFwsPDVASWzjHYtVh7iEBpvCy is activated:  0.011648945
2026-08-17T04:26:20.170Z STAKES Stake account Ex5kam7VBVTTXrCnYAtXtDekQjDPsey5nc6jAgvqAT83 is activated:  0.123607486
2026-08-17T04:26:20.170Z STAKES Stake account ExeM2tUdPqPAHzC7LnPt2V5WsLPzHpF5HrJC6RVd87pw is activated:  0.002889154
2026-08-17T04:26:20.170Z STAKES Stake account ExhX1U8NW6dXPKCKMNGxWRXWQYX6uWs3VHYC1gudehcM is activated:  0.120828209
2026-08-17T04:26:20.170Z STAKES Stake account ExktChdNkYUHz294mbWUuAbTFVMkz1QVsZgDHnm1VDLB is activated:  1.213450548
2026-08-17T04:26:20.170Z STAKES Stake account EyA52pCu8eTnpzDyu5BAESjwARLRJ5fjxJwxatjkg2B2 is activated:  0.002282881
2026-08-17T04:26:20.170Z STAKES Stake account EzAHkM3kb5NeSwP85agKMrXeBpPdBK8EVKjruF6XhmKR is activated:  0.096700879
2026-08-17T04:26:20.170Z STAKES Stake account EzDQbSPZFi9nP4EVcrcbY6UcypHu6VKS8jahpKRjwmSQ is activated:  1.213673279
2026-08-17T04:26:20.170Z STAKES Stake account EzeSUNYkeM4bXeu7aUkEKbDNAjKyZnbA3xLzpV4b8LsV is activated:  0.434427286
2026-08-17T04:26:20.170Z STAKES Stake account EzernHFT5DPGMLFGV2uPpKu4yeNxCtTZuaCbSn119L5m is activated:  0.003382539
2026-08-17T04:26:20.170Z STAKES Stake account Ezq2mBjNWtHyWdDXt5QP1TZv8RhgtFMbAikomoJNKjuD is activated:  0.592125156
2026-08-17T04:26:20.170Z STAKES Stake account EzxjuaTjYeWegxbYNBYfiigv6BFiNebWECZ7SUJAS3tJ is activated:  0.605229666
2026-08-17T04:26:20.170Z STAKES Stake account F1JLJPL4FUBmx7KKMuCLphiRGc4BbCvUXWVuJ1GAZSvC is activated:  0.002282881
2026-08-17T04:26:20.171Z STAKES Stake account F1LB3bJWQE6hEhmhUZxVHrkUqfHqEDrgZw1RRxq9Ds44 is activated:  0.120892018
2026-08-17T04:26:20.171Z STAKES Stake account F1Nvk3cEzdsM9dUf5CVur7U82Xqqvo69BBbwgXz1hBoP is de-activated:  0.19032942
2026-08-17T04:26:20.171Z STAKES Stake account F1cQie2BBhSNtYf3V4T469E4SJNP3keQTrMTy5vGZ6r8 is activated:  0.02228179
2026-08-17T04:26:20.171Z STAKES Stake account F1uEPoibNB5aCBJA3h3m4dvmJvGTJLTNQueEfZZimo7b is activated:  0.004709793
2026-08-17T04:26:20.171Z STAKES Stake account F22yyyMvaxEfA3TH1XWzcEWRakBtsK2kFPCUuuV1WzL2 is activated:  0.002573197
2026-08-17T04:26:20.171Z STAKES Stake account F27kC4ZdX64PQAhKi834sfJ758mPz9cU3cb38aeV48wD is activated:  0.060096368
2026-08-17T04:26:20.171Z STAKES Stake account F2fiKbuQRZrSQAPnG6bmkDuuVQZk7gfpnZgQwvwXLCcU is activated:  0.023432973
2026-08-17T04:26:20.171Z STAKES Stake account F2twjQ9ko7txbVJDnBPH39bTwMJKQorjFc659StAKne1 is activated:  0.011488269
2026-08-17T04:26:20.171Z STAKES Stake account F2v8HdZaDkBVNeebu5PoEeVkMkYh4zEcAqeFfHa81wAC is activated:  0.002282881
2026-08-17T04:26:20.171Z STAKES Stake account F34D8h7kTZbsZtsyLDhhqYcN7C5mGjnGuKgEpR4UBA5z is activated:  0.011644686
2026-08-17T04:26:20.171Z STAKES Stake account F38FJQWQU3yxgDnU7EmZFzWAopxYqbipVggMmK6Pj5D7 is de-activated:  0.502255444
2026-08-17T04:26:20.171Z STAKES Stake account F3PSCEt1phrLRhzC38TVVVVuNQBAV3kf4Ws5g7pzitKs is de-activated:  0.019298749
2026-08-17T04:26:20.171Z STAKES Stake account F3RoEMAAzeStNZGMeRRUMCMfRFwpyvL8TGUFkLQu4WEw is activated:  0.018809104
2026-08-17T04:26:20.171Z STAKES Stake account F4evvu5kSjh6qtkopa4WEAHx2c9PPiqyiBDjz2SJNieu is activated:  0.303007546
2026-08-17T04:26:20.171Z STAKES Stake account F4kbD5WAkb1Njhx8DMCMRCyt3i3Sdh9vzufus3gsGAo5 is activated:  0.005917081
2026-08-17T04:26:20.171Z STAKES Stake account F4sUra56XPYXheLAetVQ5YQum3G1KDzHMm7w2hJiA8zN is activated:  0.01164495
2026-08-17T04:26:20.171Z STAKES Stake account F4vQhu531hfrsUpejVPvM1W3A8zrTFcg6FQ9qFDfbQw9 is activated:  0.029577019
2026-08-17T04:26:20.171Z STAKES Stake account F5L4PTonVcSwcYR2J6Rk1Jop19Fid3KezVLwrHSAUf27 is activated:  0.606199616
2026-08-17T04:26:20.171Z STAKES Stake account F5SbBJUj53P8kjJ3UyLVp7zsyVN5AKQrTMAwnte2kEEx is activated:  0.021350794
2026-08-17T04:26:20.171Z STAKES Stake account F5VB4mVv8DQyk4BeMrcwYpfekqB1R6E3wjxh6hotVcrD is activated:  0.120947473
2026-08-17T04:26:20.171Z STAKES Stake account F5fuV9K58VRg8t2R8NpDwhjmhGwsSTGLoiAfaAZLnqvJ is activated:  0.011636401
2026-08-17T04:26:20.171Z STAKES Stake account F5i7KmMGCGZyaH6cdxWobaTN4qKxrtg2PZtQh9k4YdRp is activated:  0.286501872
2026-08-17T04:26:20.171Z STAKES Stake account F5oWo4vZwpnZCFT1ttsza1P4gffoGuso6CevLu3rqfXd is activated:  0.015014357
2026-08-17T04:26:20.171Z STAKES Stake account F62BEx9iK8gKfE35Tpdu2Py4ovEnxeZVB7jLVLrArc3M is activated:  0.011988126
2026-08-17T04:26:20.171Z STAKES Stake account F6Un71HrDba9mdSGtA65Mk3M18B4VB8AYNKkTTf6NBnB is activated:  0.002889137
2026-08-17T04:26:20.171Z STAKES Stake account F6WJvoSh7DKwHEY5Dzo1Mf8MdfxCDsgdp6WVrp2j3FW7 is activated:  3.066324072
2026-08-17T04:26:20.171Z STAKES Stake account F6iBUX1NM6P3MQdSRCRxcTiL6s3dok3AJuUFTP1ehgdv is activated:  0.002282881
2026-08-17T04:26:20.171Z STAKES Stake account F6wNZ18QZkwHfwrkDFT6mMCZ2wwAtyxN3W75kuJvCPfX is de-activated:  3.470638079
2026-08-17T04:26:20.171Z STAKES Stake account F7EReuWZdd3j6yVTQ8FEK8kPCnhiKHacrPXgPSXjCHXU is activated:  0.002282881
2026-08-17T04:26:20.171Z STAKES Stake account F7HJCuBuN2NYhqkddbCDArNWsb66RtZQmMj6nCgDZJfa is activated:  0.39345037
2026-08-17T04:26:20.171Z STAKES Stake account F7Lzt6SKTBcUhKEb5EZHjjTHrpK8Pnav5HhpCQvYSfpX is activated:  489.314202423
2026-08-17T04:26:20.171Z STAKES Stake account F7NqWoy37ACkzrieFYbPzbEh7XFe5ptpRB1YeWD3XLCd is activated:  0.002282881
2026-08-17T04:26:20.171Z STAKES Stake account F7nYiMgLE74FyWFaCSkQA7UgXhnKeMn45TAf6LAxQjxm is activated:  0.120786808
2026-08-17T04:26:20.171Z STAKES Stake account F86Q4GXjastkSNNSrLKvBv94pwE2zncgAY4HXryFeLHq is activated:  0.014409384
2026-08-17T04:26:20.172Z STAKES Stake account F88Jo7vz9DYauH3GBbaiDiaoxBmfwGzRxiU8DnAjBnK7 is activated:  0.024716772
2026-08-17T04:26:20.172Z STAKES Stake account F8Q8roaiLGYF6KMuedJJRnbFQ6DMp7TewLF4r2u784jw is activated:  0.01164495
2026-08-17T04:26:20.172Z STAKES Stake account F9C5RPLLtiMrVKAL7aVXpQFdztsHeHhBEqTi7KpmH1ux is activated:  0.002282881
2026-08-17T04:26:20.172Z STAKES Stake account F9KQwENn8zh5ab8Gfc93TbvYxgityf4TNsjse9HFr7wE is activated:  1.530631268
2026-08-17T04:26:20.172Z STAKES Stake account F9ehn4BPDptgN4AJ5nWKsgmtp3x9g5VYQCEBHWvau3on is activated:  2.140495432
2026-08-17T04:26:20.172Z STAKES Stake account F9pgDFELh84rsZ8FkvRRvD3G7K6zH3ZhNkb7QBkPSnf8 is de-activated:  0.002282881
2026-08-17T04:26:20.172Z STAKES Stake account FARN2FsMGMfoS7pTDj5JUKQ8jKdCPnq2SYQMVC8ZhLJZ is activated:  0.13153361
2026-08-17T04:26:20.172Z STAKES Stake account FASxKuR3rQ5jbD7jP5KvUiFiZoBLAxqfQd9NfMc6qkgm is activated:  0.011640899
2026-08-17T04:26:20.172Z STAKES Stake account FAwmUehgt15sBDecUgG8muTxJtndNSn5GdUdSRqMFwSu is de-activating:  1.00228288
2026-08-17T04:26:20.172Z STAKES Stake account FBAeTfSBg3ZYFM8rj5TwjLiAKKXdFWBXpMEP9JP6UjLg is activated:  0.005583735
2026-08-17T04:26:20.172Z STAKES Stake account FBMPbkqkHFNK7gJXVoTXBs4t9Z2p66X6Cxh6EMpmYQvV is activated:  0.370490686
2026-08-17T04:26:20.172Z STAKES Stake account FBf2DDyeXjJpkN8WWV66ExM5bCgEgryppMAGWd11j5c5 is activated:  0.005775897
2026-08-17T04:26:20.172Z STAKES Stake account FBn7WBvE5GCFrJawsWmEF3Zd32gYfykoxLpKdWvKuQo7 is activated:  17.043637287
2026-08-17T04:26:20.172Z STAKES Stake account FBqKfdUfrQoiNcA711yPeKWYhiwH7csu44MniHkJmCyr is activated:  0.120953286
2026-08-17T04:26:20.172Z STAKES Stake account FC3Sp4rF7BHLVYRWxVHPsAZPwq1EvQN3hWYzCvZKBSLx is activated:  0.002282881
2026-08-17T04:26:20.172Z STAKES Stake account FC9uqj9MF5vLrD1YzNRtPgYGJUFdQhxfKy2KJb2Ct1BN is de-activated:  0.606175972
2026-08-17T04:26:20.172Z STAKES Stake account FCGopRBZ7Tgjyo2orAAwV7mUPM4BB7YsmxJmCqaQ6np4 is activated:  1.245516618
2026-08-17T04:26:20.172Z STAKES Stake account FCPZ4S8NKXTFBGri3yN1K5LeDysHtmnD6Qc4m7PZFEWo is activated:  0.011653785
2026-08-17T04:26:20.172Z STAKES Stake account FCpF3bDMKx2jtM5349qbwVgsjrLK3e6x3iCvYCtYCTKE is activated:  1.214193506
2026-08-17T04:26:20.172Z STAKES Stake account FCyrJwuUAYJuV9Tnfewe2BiBGqyPBtagkY3rsYtqHYvG is activated:  1.213507196
2026-08-17T04:26:20.172Z STAKES Stake account FCzfqTWbkc5dr1ALfha2W18sNokTXg49rvvxbEm1oGcg is activated:  1.214193508
2026-08-17T04:26:20.172Z STAKES Stake account FDQDhgnNvwNWgLmJLNke7gvp5MuPzPENniM29EEkKqpB is activated:  0.005578769
2026-08-17T04:26:20.172Z STAKES Stake account FDVd483yGgiJV1kXKTVKjyGWvM7cv4yUGQXwxawzewSB is activated:  0.120733105
2026-08-17T04:26:20.172Z STAKES Stake account FDY28VnKFsJ8ACcfGjH8AqsNnTWpKJtj5ssw9puBBsnm is activated:  0.004706552
2026-08-17T04:26:20.172Z STAKES Stake account FDbBCwXZcvhi7uoCjZZX7bhkon1LygbPCaSwfDfVWGXw is activated:  13.922196557
2026-08-17T04:26:20.172Z STAKES Stake account FDhLeZn8iETFR8qnTECwiEeGUF8TzKZofGkfs4p9k6dA is activated:  0.120733105
2026-08-17T04:26:20.172Z STAKES Stake account FEGeFzSQEa6KfRVyz12HXn1oK3SDEyaDS5XdKbPTAHDZ is activated:  2.515166792
2026-08-17T04:26:20.172Z STAKES Stake account FEdFF4ZNnMRtEyGLTzHxrys1MwxPc51kWaVXoar7rHSe is de-activated:  0.992065524
2026-08-17T04:26:20.172Z STAKES Stake account FFEMfuVDDvo7fEMiXnrA7jCbL4Td1WKe9MiptQZpdUQQ is activated:  0.002282881
2026-08-17T04:26:20.172Z STAKES Stake account FFJMLpoMLUFReciaLReAcg7PpdXpj2ZGhaQGp9TMBnA9 is activated:  300.102800019
2026-08-17T04:26:20.172Z STAKES Stake account FG9AwkoW43aZ8WUmzUmMteGB4ERkZCZmVRKKYUccAQUx is activated:  1.214102581
2026-08-17T04:26:20.172Z STAKES Stake account FGEHB3poX7uC8xWdgkqLpaAEppYPtmSVkG7MhxjZZAA9 is activated:  0.120892019
2026-08-17T04:26:20.172Z STAKES Stake account FGcEzppRVP21QsEL3mYooi3mTPMbkBAJPSQCRkkC8sMT is de-activated:  0.035529725
2026-08-17T04:26:20.172Z STAKES Stake account FHH5RHNifDkmRxDjArk5M8Fg3Q2ciyUS9VWU2QfZB7sj is activated:  0.002282881
2026-08-17T04:26:20.172Z STAKES Stake account FHS8iu9KqEoZcCVZvtJBhJfwfLhAQmYtpL9csKSsSPxT is activated:  0.01164495
2026-08-17T04:26:20.172Z STAKES Stake account FHUhG8NpizxSRUa9RASuZuBW2RoQgVDaDSTb7MJZ96RU is activated:  0.120729754
2026-08-17T04:26:20.172Z STAKES Stake account FJ6XGB1EpytcF2p9vMAKnjCYuxoG2zMZw9J995KEnMr2 is activated:  0.120888664
2026-08-17T04:26:20.173Z STAKES Stake account FJKtjxX4tcQuavsYioor7FJwQNyQ1TgehXaoYYRYcxao is activated:  0.606701756
2026-08-17T04:26:20.173Z STAKES Stake account FJsL6yk999BvPLBGRNvqXtfZX72zENhkKzwmTn2bvhp8 is activated:  0.060197431
2026-08-17T04:26:20.173Z STAKES Stake account FK1xKsgrUWcyb7nwXAD4EjY64Hx2YMyFtc9W6wmMtdZC is activated:  0.008353498
2026-08-17T04:26:20.173Z STAKES Stake account FK3n586aLCdTCc5VjecU5T9fJs9yPRo7ka1VbB5kmQWH is de-activated:  1.081120657
2026-08-17T04:26:20.173Z STAKES Stake account FKT3wyS5DrVM9dbYVKpzdcUDnfs1ZqZCtEvxWwwdPxFf is activated:  0.002282881
2026-08-17T04:26:20.173Z STAKES Stake account FKVZA1ta3UBkAvBr88uw6iq7oxar8ooKLcC2BC73tXAU is activated:  0.002282881
2026-08-17T04:26:20.173Z STAKES Stake account FKapXE3xeeR51Fx8YfZFt2YuuwGXYYLvYNsCcMs6d3J8 is activated:  0.606442306
2026-08-17T04:26:20.173Z STAKES Stake account FKg32rBg59XF53H8hTRtSUBSABMJW7D2GrmbuvadTqo1 is activated:  0.002282881
2026-08-17T04:26:20.173Z STAKES Stake account FKioBcCJNhD752aYPSXUA9s2NozuDF9P7fGyLz5znUK6 is activated:  0.241979976
2026-08-17T04:26:20.173Z STAKES Stake account FKm2RkWFfWGYQ8H2EFsyXCmUCwXV3DkoqrmbMrUkgM1W is activated:  27.266849718
2026-08-17T04:26:20.173Z STAKES Stake account FLBQMxTVkKCC8D5PUXHbDpqXnPY1M8W9iLdQiK15se2w is activated:  0.01164495
2026-08-17T04:26:20.173Z STAKES Stake account FLBcgpDuznL1MkacvaUGkvDBNMD2YC1b8Q8RJpYb9TfG is activated:  1.214102581
2026-08-17T04:26:20.173Z STAKES Stake account FLUUyMcjYfrwWE3MgVm3ZCzg2HYmvhWBTtRnC6viYwKe is activated:  2.798057567
2026-08-17T04:26:20.173Z STAKES Stake account FMDgx1mm9hSZzQMnFrgBbDZwStnK1N3V1QeuGoofLsL6 is activated:  0.120733104
2026-08-17T04:26:20.173Z STAKES Stake account FMFAnJXzAgsTz3xkartTbRQBMtn5KLfaiqG1zBfiCjQF is activated:  0.006524732
2026-08-17T04:26:20.173Z STAKES Stake account FMga3WsHaUqK24yW4tbGCER86zcsG5mXKw8ChfzVUr4H is activated:  0.043906598
2026-08-17T04:26:20.173Z STAKES Stake account FMtq3dheicLvLvhtFA7UBdm1AbbELGeuLRfhgeeFdLQk is de-activated:  1.020892971
2026-08-17T04:26:20.173Z STAKES Stake account FNCLF7uB63Yx3wBRM9jtot69ytPHg2cq9NWsogXN6LCH is activated:  0.011632354
2026-08-17T04:26:20.173Z STAKES Stake account FNYHk6UC56RpqfSDaYvU8ud98fJgsbeYt7PsBjs8FqU4 is activated:  0.002888897
2026-08-17T04:26:20.173Z STAKES Stake account FP16m7pW1ekSFP7DXfv2KSa5K5fKNbtJGp7eU8iLUaQs is activated:  1.213673278
2026-08-17T04:26:20.173Z STAKES Stake account FPHWR26XszgsTY3oRAidEEo1NDHjqEZqV8mBeYojCF7i is activated:  14.554144511
2026-08-17T04:26:20.173Z STAKES Stake account FPSCkss6HbfS2xP7JNJsggya4moCAt1YpdTNFdHZUKhb is activated:  1.235799091
2026-08-17T04:26:20.173Z STAKES Stake account FPoMA33oGoPtxKTDLcrnNbmSSnav3igwTB1WsALR1abp is activated:  0.003439246
2026-08-17T04:26:20.173Z STAKES Stake account FPrgLhuiEF1eXSyQ899jaARDGiDpvfdbgtt1NUYE6nNN is activated:  0.120841124
2026-08-17T04:26:20.173Z STAKES Stake account FPszVNqTEUYaneZax8ZDdYFrtwXGC9bVo1MpRse9KuJw is activated:  9.496707058
2026-08-17T04:26:20.173Z STAKES Stake account FQ58j4nwTMPanzoG4bcp3q15A6o8AyaPKrgcCzrPHNcn is activated:  0.053797634
2026-08-17T04:26:20.173Z STAKES Stake account FQBSvNeStXVFgEtAN6HKybjUVDrY9bQu1GqRaCHfbaed is activated:  0.120841123
2026-08-17T04:26:20.173Z STAKES Stake account FQYru1L86CN7Gdyz7wYLPAERrnGhoZrP9rWAC2okiFbh is activated:  0.242392643
2026-08-17T04:26:20.173Z STAKES Stake account FQsmHRtn85XWiBNMVuc2A51KhDFPfpZkhSi98FnxWY13 is activated:  0.12083777
2026-08-17T04:26:20.173Z STAKES Stake account FR7xh5BZWA1HjBDwjNjHjRNHL6BdKYYT37DBTiv3pwSG is activated:  6.073542456
2026-08-17T04:26:20.173Z STAKES Stake account FRB81H4E224vyhRgyfbDGrRigCCMyQ7QgLbWBotU6H9Z is activated:  0.060172556
2026-08-17T04:26:20.173Z STAKES Stake account FS5QJQ3BPBPAacrU81wQL8vHHbwFkHKE67ndGGGotjSz is activated:  0.030213001
2026-08-17T04:26:20.173Z STAKES Stake account FSxEpNNuhBaTcDuKctrssvXUweFsqjiK33Xhn24mxDZx is activated:  0.026569883
2026-08-17T04:26:20.173Z STAKES Stake account FTsaA4bxtiNzrD687zCcxWdrMNkcU7PXZCfhXGQiS7Xx is de-activated:  0.10795323
2026-08-17T04:26:20.173Z STAKES Stake account FUBN9vqwzZ16Dr6warSdNX6UaaH9n5796fbr5m8rrYfv is activated:  0.047758914
2026-08-17T04:26:20.173Z STAKES Stake account FUGGENF8PtBmNZnd3zKobzXg5yhJqgVwDoqShbAoD89Z is de-activated:  0.057411701
2026-08-17T04:26:20.173Z STAKES Stake account FUGacQAcTbNbrEqhW5rG2wJiQXkP58uqMCgAY6Q3QtbJ is activated:  0.002282881
2026-08-17T04:26:20.173Z STAKES Stake account FUzjBUAijnw365moPSnZwcTZzkEj9YFhnUjt7RUSzqDz is activated:  0.369978151
2026-08-17T04:26:20.173Z STAKES Stake account FWADBFmujbkYC52Gz56xyykGWGYQqf6Ahwsw5CJvYbr3 is activated:  0.034446721
2026-08-17T04:26:20.173Z STAKES Stake account FXCnUawBWMrBx7st6a3mRu4PHTyzePsNFVUSarJDyua7 is activated:  0.120720204
2026-08-17T04:26:20.173Z STAKES Stake account FXM6tUdymBMuCTGC9GiHqoeGdwPFpJLVU56x3tKV2Lcm is activated:  0.002282881
2026-08-17T04:26:20.173Z STAKES Stake account FXri7qyrWpyduvfWX37Z4szzNZ9wXLFSVr43gJtBKR4E is de-activated:  0.002433053
2026-08-17T04:26:20.173Z STAKES Stake account FXwuV7XMqETEEprvesrSSTwTBfZ4uSEduJoWjs8RPSpg is activated:  0.002756821
2026-08-17T04:26:20.173Z STAKES Stake account FXxztMyEKUdGyVKHyzf6MXrkXS8cqpLJXrenbA1gTVpJ is activated:  0.005916979
2026-08-17T04:26:20.173Z STAKES Stake account FY3g7Az3t7y1VegX8eMf7ykDn7Yy2xzwqtAkXJGnwHEy is activated:  0.023768008
2026-08-17T04:26:20.173Z STAKES Stake account FY89xPCAGj3hC1ppG4tfkFGPgoQAf6HUog86V3c2qynP is activated:  0.004365565
2026-08-17T04:26:20.173Z STAKES Stake account FYC7ax4F7CT32jUz6V63ViGfgWdAWK9285SAAiCzrcNt is activated:  0.011488529
2026-08-17T04:26:20.173Z STAKES Stake account FYQjFwuqcD71NSKF5x6ozZyCSjZqiHRbd6SxeWojKgec is activated:  0.608677504
2026-08-17T04:26:20.174Z STAKES Stake account FZLNaWyvWQEFSKrHBce4PqyJZqzzvTigMipxoeHmRPE8 is activated:  0.002282881
2026-08-17T04:26:20.174Z STAKES Stake account FZascSPxxYVyKiPzSnyzJpKsRmG4L4D25L1yE6pNdky5 is activated:  0.605908844
2026-08-17T04:26:20.174Z STAKES Stake account FZb9VMuhTuxQGy3zhB4TL3T6cD2itGjjUT12z32xwRm5 is activated:  0.008260992
2026-08-17T04:26:20.174Z STAKES Stake account FZcL8nXK3zSEcaE4LMBVBRJEBaQYDYtEzdHFsUWbhNUp is activated:  0.120991337
2026-08-17T04:26:20.174Z STAKES Stake account FZkMkHgAVMxT4jmS7JYGJqUoQKhn9fev279q3qmgjpoS is activated:  0.363909086
2026-08-17T04:26:20.174Z STAKES Stake account FaAtBGVrvhnJxLNxPpZAzrLxGfjJZEadzNGeGvsqZeH4 is activated:  0.011648945
2026-08-17T04:26:20.174Z STAKES Stake account FaQdZJsvrsULNGcuuz35UM4c7RCRsRcyuaNE3rSRippy is activated:  0.012599177
2026-08-17T04:26:20.174Z STAKES Stake account FaR9v4yrzXNpys7j8bsW2WpScpD7MGaJNzFZSa7zeRC9 is activated:  0.120733106
2026-08-17T04:26:20.174Z STAKES Stake account FavDex9o3p6EWn9bsSiuTbHoWjsqSUmbnTrkxdjn5Jzr is activated:  0.012150747
2026-08-17T04:26:20.174Z STAKES Stake account FbD3tmaNH6kXrVEFMA3M3U4x2NCsnjb6LiP3xveGT1XJ is activated:  0.060228944
2026-08-17T04:26:20.174Z STAKES Stake account FbF7zDKv3kmsfE4ZyMuC3gQykCRJ6DHkVocK3ZQiA7Dc is activated:  0.048041866
2026-08-17T04:26:20.174Z STAKES Stake account FbQEEt1KkDbquF6RMpkF3Wa2dsEPmdY7F5iBAogyjLM2 is activated:  0.032190634
2026-08-17T04:26:20.174Z STAKES Stake account Fbs4M9fRE17iGm1qLqLpmM8BALZnZHAJmGA1QqPvcXpv is de-activated:  0.100948873
2026-08-17T04:26:20.174Z STAKES Stake account FbxGaAEuHoz9deb8BAmJYFQdZWucqXRFQZ1PEbhnP2Ke is activated:  0.216443685
2026-08-17T04:26:20.174Z STAKES Stake account FcT1GvZZjPoc31ptLq4AjpUNmM8WFUtPPx91fApHmcxu is activated:  1568.697992276
2026-08-17T04:26:20.174Z STAKES Stake account FceyG3hVPsS3agwY7KkWiW8DKv4DqkRWag8Nik3cwGUM is activated:  0.241979976
2026-08-17T04:26:20.174Z STAKES Stake account Fd7tjr4cGbZFZYwHVw2ttNa4YXJF7fXUXkXxriNHq2Vh is activated:  2.426985939
2026-08-17T04:26:20.174Z STAKES Stake account FdMQBy5XpHQVWjBG17zBQsynt55jKcvDtpq22RWhW6ZZ is activated:  0.060196232
2026-08-17T04:26:20.174Z STAKES Stake account FdWGbwXmDXkLvVwQCMNmXgPNDd3RJQXbUZd7nGBVAdFb is activated:  0.305624217
2026-08-17T04:26:20.174Z STAKES Stake account FdabQmSxSyFBWE3bZm2QKdKtr8k9FodYWDhA6YZ6EQAj is activated:  0.241979977
2026-08-17T04:26:20.174Z STAKES Stake account FdgisemAedi1JVghdQGxGMghWxRVXa7UCuFoTBvtGh5u is activated:  0.004139409
2026-08-17T04:26:20.174Z STAKES Stake account FdwYz8bPYKMwNoJk9UFQBQ7UXuJH2BcfyNLBRc5M75Lh is activated:  1.225288855
2026-08-17T04:26:20.174Z STAKES Stake account FeEErhtYe9SJD62CnWR6A77xZsY7RLyeNk6sV5K9ZBye is activated:  0.363688861
2026-08-17T04:26:20.174Z STAKES Stake account FeRMi4ooxi2e2wUAMnVuJtehA2G9JuyDUx3RSkYZNMyY is activated:  0.01164495
2026-08-17T04:26:20.174Z STAKES Stake account FebWr7edLjXA9tYWEVpj1uDweXDyVyLFdovyRe7e6TBn is activated:  0.0080077
2026-08-17T04:26:20.174Z STAKES Stake account Ff4dcMS7tdfkW2C6iYzHj2EwmxRWRPa1mHaHwR4r17Us is activated:  0.663891176
2026-08-17T04:26:20.174Z STAKES Stake account FfYpc46GNUx5KYvtJWM3SM1QT3hzef8Sf262kJU9Fpzr is activated:  0.120790156
2026-08-17T04:26:20.174Z STAKES Stake account FfmfWfkcEcVTLQBGNwgB74sJtYHRimWw1PJGckaC6sbV is activated:  0.242301638
2026-08-17T04:26:20.174Z STAKES Stake account FfyhvAfq9JirBQh7HE4coGD4gDfXjUnRV9PpaoS5Xd3k is activated:  0.002282881
2026-08-17T04:26:20.174Z STAKES Stake account FgBdifuEbbvVn9ZtuMQt7uR6Fn4QoA1NUhPhH4de5CFn is activated:  0.241979976
2026-08-17T04:26:20.174Z STAKES Stake account FgxvMR4VGeb6RDRUwXHXo6dsaC256amYKo6hfcynk1Rs is activated:  0.119852832
2026-08-17T04:26:20.174Z STAKES Stake account Fh75DCqUj1hFaiyL4ojedxHtpYFDfrBZYnLVhNubrh9m is de-activated:  0.216351857
2026-08-17T04:26:20.174Z STAKES Stake account FhHsp6W8bwrMZkprgUhPbPW3gg7p9YPA9pwWAiEvUBtz is activated:  0.060464344
2026-08-17T04:26:20.174Z STAKES Stake account FhS4s6xGcRtCcFk4sVWttKwsALQZ93ksB3tYt11NyeYH is activated:  0.062942156
2026-08-17T04:26:20.174Z STAKES Stake account Fhqjw5YbT2ZBwGxnNXfnYhfvUPnFV9YbMXRGMTYfiv3G is activated:  1.214687344
2026-08-17T04:26:20.174Z STAKES Stake account FiDzGnnh7wctoadKG687afdSLi5FGXqK8cKzpCJXKVrT is activated:  0.01164495
2026-08-17T04:26:20.174Z STAKES Stake account FiNBGkedx5oNN361oiC4MBzb9RVUAy3Gk55f3bTD5B4t is activated:  113.631605799
2026-08-17T04:26:20.174Z STAKES Stake account FinWc7mbGs3JWV74V9BnHRw2hqxLn8o44G7Qtte2VyNe is activated:  0.011509916
2026-08-17T04:26:20.175Z STAKES Stake account Fj39jjGPMu4qRV9S5rJK92xxE56NrgySAQvFzz3a3vrv is activated:  0.120790158
2026-08-17T04:26:20.175Z STAKES Stake account Fj8tb2v94WYbJ1YbxHxQyi2BfbeEQUqXRNb5X3N7SKQK is activated:  0.120832223
2026-08-17T04:26:20.175Z STAKES Stake account FjEG5WWAk6YsxLAVRQF1uQd9L83TonKHRQX7ZgZX8ZKZ is activated:  0.534163219
2026-08-17T04:26:20.175Z STAKES Stake account FjLmGpMvZmEsY344dsjDup47UrZQWa8y2P3PaAExYdBS is de-activated:  0.102394001
2026-08-17T04:26:20.175Z STAKES Stake account FjgUCAnJGuKJxJYSoaaBN3Cz8K4bLT8LR4JgvxCJZmm2 is activated:  1.216966484
2026-08-17T04:26:20.175Z STAKES Stake account FjhhnafJbLNSUyouCHD5CQTtxLuHVZnq5kFGZmMtEB4x is activated:  0.120841125
2026-08-17T04:26:20.175Z STAKES Stake account FjtCkSzzpsZAugogg5gTKKbns7xAbYMkrTjs66ip72C3 is activated:  0.002282881
2026-08-17T04:26:20.175Z STAKES Stake account FknJKMG3GDSgieVs2CF2v1oNMXLGzp8XmWg9qvUBNav6 is activated:  0.01164495
2026-08-17T04:26:20.175Z STAKES Stake account FmUftnN1NDX5MX26UM5yEby7tWo4Sx3NmMC72G83iAnq is activated:  1.213673277
2026-08-17T04:26:20.175Z STAKES Stake account Fmj4eSw76ZDXUfA8gs73BPSeMgp1L9dXT9jLA1b6sQoa is activated:  0.120790158
2026-08-17T04:26:20.175Z STAKES Stake account FmqbwjQXSz1DA3g2c6GjgQszHzvW5UxPwRUQ96AnYumL is activated:  0.120892017
2026-08-17T04:26:20.175Z STAKES Stake account FmtjPCNmfgziS6y3y7J59MAfh7aWYKRke73EvkPXmAcs is activated:  0.06012145
2026-08-17T04:26:20.175Z STAKES Stake account Fn1A25Ai3ABSy3AMCYvvCoXNBdfX58V9FwbWq7NaQy1X is activated:  0.072649737
2026-08-17T04:26:20.175Z STAKES Stake account FnQ7EnZmCRGZHL5zakVhqUqssquQad7ebtVaMzGRB4dk is activated:  0.00288888
2026-08-17T04:26:20.175Z STAKES Stake account FnX2pz9czCBBEjnAUeV1KnVTSMUthfgq6v7mnm8dFTcR is activated:  0.131887483
2026-08-17T04:26:20.175Z STAKES Stake account FndDMu3ZoX8a1H3QWe2TfZfPtsZhMvfd7Fx7rXauN6q9 is activated:  0.002282881
2026-08-17T04:26:20.175Z STAKES Stake account FnhBBRyHKkfqtiraFKD2v3VY23NawgT1YG38fu5kmBCW is activated:  0.072679919
2026-08-17T04:26:20.175Z STAKES Stake account Fnz55kczo9Ra3aNS57ypTmzv5pnfwimpV53TF6fj9q18 is de-activated:  2.035166214
2026-08-17T04:26:20.175Z STAKES Stake account Fo2TrKCvvUg1zpGZ2b696mK1o3XZ8MfpD5w6DpHjnpxG is activated:  0.002282881
2026-08-17T04:26:20.175Z STAKES Stake account Fom9s5EpVcdBnjJBr4ymoLLRKgduTYnEpqdzzDaXwHNR is activated:  0.002282881
2026-08-17T04:26:20.175Z STAKES Stake account FovLTX2uefoJeepM3TxXjwBdyDNM88fPvqbqMCxuj2MG is activated:  0.005580204
2026-08-17T04:26:20.175Z STAKES Stake account FoxdWNQt5DZ1XDxBGFRuUkzxeJfisYTd2vGZs1sRWtk6 is activated:  57.269460729
2026-08-17T04:26:20.175Z STAKES Stake account FpJqMLZiarUNyZd5gLDtMBavkXqqBvxAhEEcu41HCx5j is de-activated:  0.002282881
2026-08-17T04:26:20.175Z STAKES Stake account FpXQ7iMqTAYVf2AdBnEmyGoszLtqLP6E1WkriHMKBBqP is activated:  0.32758007
2026-08-17T04:26:20.175Z STAKES Stake account Fpa6SbfnzuqyV5so4yjmXNCMC6CYBEfGQ659JNRg77Ks is activated:  0.002888621
2026-08-17T04:26:20.175Z STAKES Stake account Fpbd9ujd4BiRMw7peDby45uyQyxwnTwgjzvQacwmWiH9 is de-activated:  0.00228288
2026-08-17T04:26:20.175Z STAKES Stake account FpbpEgZ6T3h5JR78jtqeFSdBjkcF4VHBT9KzYrfrehcd is activated:  1.212044587
2026-08-17T04:26:20.175Z STAKES Stake account FphEwhPYZdnCFoWkpDHn8ng3yPRq3T1yfowWWjsgTyXW is activated:  0.034443218
2026-08-17T04:26:20.175Z STAKES Stake account Fq7GzWjSe4YFhdeQYy8J4V3iVek5DyaKT7ycSXPRtSbG is activated:  0.014055533
2026-08-17T04:26:20.175Z STAKES Stake account FqbVDepQk9yxXYwebjjMdn2Hn4wM6QNemz3XERiBw2JK is activated:  1.213152442
2026-08-17T04:26:20.175Z STAKES Stake account Fqm6PzHU4v2MHAmfX7DpagRaZqMhJ3SZ2cg7o5Q43rry is activated:  0.011295047
2026-08-17T04:26:20.175Z STAKES Stake account Fqrxzdc5eoSEGV6EXvb8NfduVznjRLVF5i9s4ybK9jqs is activated:  0.154626739
2026-08-17T04:26:20.175Z STAKES Stake account FqsJ3ow4c8PHjPsXvxTtSo8GkJDRs2b9wCgjvcELp2eW is activated:  49.161389398
2026-08-17T04:26:20.175Z STAKES Stake account FrvamL1X5EFroiMqwBVPqp3a21T1pJgfzGKBeh53U1Cd is activated:  0.201276426
2026-08-17T04:26:20.175Z STAKES Stake account Fs7gWCFSnProRMPDdx1px8XiVUXps99wAVcFG48G4VzG is activated:  0.004102133
2026-08-17T04:26:20.175Z STAKES Stake account FsB5nvgGWgQfCdHWKwmYUZhKsKAVecGT2rNEHhVQxEGv is activated:  0.048365257
2026-08-17T04:26:20.175Z STAKES Stake account Fse8UWVSPjrC6WmRDjTNh6HhSfN7fzxAwHtPxtKavYgk is activated:  0.002282881
2026-08-17T04:26:20.175Z STAKES Stake account Fsh7ee5oyS1QVaH1qx39skztBVV5iihWKGMSfDCEiRDD is activated:  0.002282881
2026-08-17T04:26:20.175Z STAKES Stake account FsxxDySrXnSrGcf8JYqa4emCXuhdwBZ7UahbsDeEmHCC is activated:  0.380985875
2026-08-17T04:26:20.175Z STAKES Stake account Ft1HNrHVCnvpSdquoVgUs5jkTpY7NZgC22RRuL6nMGLz is activated:  0.007888796
2026-08-17T04:26:20.175Z STAKES Stake account FtPBesXV9bCGKWn88zRfyL2AiWJMYPAT2Hyt6NQjBnqx is activated:  0.606718844
2026-08-17T04:26:20.175Z STAKES Stake account FtkWYAtkz5knPtGchvtGzjSDxbPVn1JQVhhJ16tKC9K3 is de-activated:  42.897198209
2026-08-17T04:26:20.175Z STAKES Stake account FtrEbNeumfddksdb8hhiv24UgrNHp59j1Tzqk8PzJmyB is activated:  0.067794946
2026-08-17T04:26:20.175Z STAKES Stake account Fu2wUpZ8BL7eT8HFgaYDyiowxW8hPs64ybmXWwVqs14m is activated:  0.011644248
2026-08-17T04:26:20.175Z STAKES Stake account Fu6mT2fk2xrNSiid6Qh1BmNdxNH4z2oCCKoKtWHMbABk is activated:  0.229673136
2026-08-17T04:26:20.175Z STAKES Stake account FvDcT6QTYP37cJqKaPyU565ahEpjJDP4fPQM36vVuDa7 is activated:  0.008351042
2026-08-17T04:26:20.175Z STAKES Stake account FvJ8CiMHpAxVaEUgeBagdBT61Q8RbB1DSR5AwXpvdJRS is activated:  0.038642117
2026-08-17T04:26:20.175Z STAKES Stake account FvWe7eQDVcoX1nSrJiSqshSeRxxHAWmeiubPs84LkZDF is de-activated:  1.206551977
2026-08-17T04:26:20.175Z STAKES Stake account FvZxBqDd5Hwc2s9Kxmn7pSuPdNvzFyKvKrwcbaf2sQCf is de-activated:  1.023874965
2026-08-17T04:26:20.175Z STAKES Stake account FvhTWzrYryXnmrZjSzKYMKWpBwPr2bxEtYVHpmyXpJ5k is activated:  37.476613715
2026-08-17T04:26:20.175Z STAKES Stake account Fvu3AKGJuj28CH69zY9HJV3HB5zv9H5CjKHDbAtU63mK is activated:  0.011653785
2026-08-17T04:26:20.175Z STAKES Stake account FwM3gtqQ9xP4Y47DpNhHDWpi3AcDQCGK446iodED3H7y is activated:  1.214134178
2026-08-17T04:26:20.175Z STAKES Stake account FwTcw5iPigvKw4VkzMVXris3t5smYsSs43J8GwAB5qzw is activated:  0.247869913
2026-08-17T04:26:20.176Z STAKES Stake account Fx3xNnLwWrjzPfGXeq9AUK2CoL5PknMnHn84up2pRhYT is activated:  0.011653785
2026-08-17T04:26:20.176Z STAKES Stake account Fx9xnwXzhPH5jSSYAcZfJ8L8WDGdQHRQR5kXmzpHcgxr is activated:  0.14053296
2026-08-17T04:26:20.176Z STAKES Stake account FxC3tHoyGCLHnaMXJg4psbPVTTeFKCsHnXhVWjfAczGc is activated:  0.007589839
2026-08-17T04:26:20.176Z STAKES Stake account FxSvPV44mnrWTywLW6qwtPjti1L4HziUVvG3wkeexBZs is activated:  0.120841124
2026-08-17T04:26:20.176Z STAKES Stake account Fxa83vQgVRLrceWSZyZvFUajLn9tMGLRNqauFfdkrkVa is activated:  0.013200017
2026-08-17T04:26:20.176Z STAKES Stake account Fxb9CwKaMT7FkXqBKfL5UQJbRhrnjK1TtzFmN5zNvnQT is activated:  0.120892017
2026-08-17T04:26:20.176Z STAKES Stake account FxcaJ1U5jjLRJKHkP1EDi2VGx9R9x4UxgypE7vnP1tBn is de-activated:  0.120888663
2026-08-17T04:26:20.176Z STAKES Stake account FxfPGsQ2EkPX5PcSCZJgUjY3Sjc394K9vrbepGEDdoNX is activated:  0.165435434
2026-08-17T04:26:20.176Z STAKES Stake account Fxz2DM9MSg499kWR52psHgSpjujCbXY5grytYE4LugLf is activated:  1.277108608
2026-08-17T04:26:20.176Z STAKES Stake account Fy99CYH32VG7UoTan4UKb6Qgkk8TWPWAaVJ6hFCZJnpr is activated:  0.121739589
2026-08-17T04:26:20.176Z STAKES Stake account FyQwWdvtHBiQvbPovomMWfLsqx4ABMgSVDCGPvsJepha is activated:  0.002282881
2026-08-17T04:26:20.176Z STAKES Stake account FySMXC8YAS24GcXwJ1pbUEeLaoneAykcFGoMgVwybpac is activated:  0.002282881
2026-08-17T04:26:20.176Z STAKES Stake account FyWMMvfNi43yNcrYHfLEc5TGFTjrW2gvMkAEpQVS5caN is activated:  0.120790157
2026-08-17T04:26:20.176Z STAKES Stake account FzRPtTLNsiLA87yM8TKMo3g8HKBD3hKMDSQdpi8URdSa is activated:  0.002282881
2026-08-17T04:26:20.176Z STAKES Stake account FzWUWJ2Wj1Bk6nBNuiCJTQXT3cRZ9U35CiEv3paNXPDF is de-activated:  0.732785219
2026-08-17T04:26:20.176Z STAKES Stake account FzWsFRoV9YZGgWyzmQDiDkimKmWJar44jnbDVGBbDfcp is de-activated:  0.00603662
2026-08-17T04:26:20.176Z STAKES Stake account Fza2Z699oZcduWT4GUctzTtvaRCWBZMen7Hvp3hJsJoL is activated:  0.188009014
2026-08-17T04:26:20.176Z STAKES Stake account G1AhqowUSA7YkNMphyKU9y1a9n866hXtN6X116HYsFVL is activated:  1.182244152
2026-08-17T04:26:20.176Z STAKES Stake account G1MhiEpeZuDsChixGAP5qxdF7ZmjhKo5i3UQLxGJ19ZN is de-activated:  0.002282881
2026-08-17T04:26:20.176Z STAKES Stake account G1RY9hCVMT2bhVBMjVTyuEcejPrTWaH8csURgXEy9zgX is de-activated:  0.010564044
2026-08-17T04:26:20.176Z STAKES Stake account G1juJ9sDk2xHPQAY22B7v4Rq33roMJc5LTnqnXgJFiRP is activated:  0.048005504
2026-08-17T04:26:20.176Z STAKES Stake account G1qhESi1JirzREHVbhSWgSBrMo3jJrG8946M2jXtaVzn is activated:  0.023533316
2026-08-17T04:26:20.176Z STAKES Stake account G1z1wBeNzS1QyAgKipSSobWavaFTxsPcdiqUnYni4xfo is de-activated:  0.118492565
2026-08-17T04:26:20.176Z STAKES Stake account G2NKHyn3H4F1VdL9hEzAmrssjfPrLhrRv97x2v4Ejzzm is activated:  0.060068992
2026-08-17T04:26:20.176Z STAKES Stake account G2RGKxo6vy8xJbPyqB4N42A9A5YmvxypZKbWrgcZSPT8 is activated:  23.885820412
2026-08-17T04:26:20.176Z STAKES Stake account G2XM6yCQRoYBFXBfBJoUmMBx8s7EMQMof8XmjydU7rhM is activated:  0.011639178
2026-08-17T04:26:20.176Z STAKES Stake account G2mgphHTdpPBZUKnGbPymoKGtJVTz5VNfFR8aPVbFfRS is de-activated:  0.018221513
2026-08-17T04:26:20.176Z STAKES Stake account G2zT4xSDuFbhB2tbvcqsJDHbK338xE3rkFT63BwvvVF1 is de-activated:  0.10017539
2026-08-17T04:26:20.176Z STAKES Stake account G311fpUdYGeogN54xoLSi6EQvQq75MebcrGRShXqb1N5 is de-activated:  0.002282881
2026-08-17T04:26:20.176Z STAKES Stake account G3FLJWFdavMindgLuHPhFB284BBhEmUvhMsgs2JNx3Gi is activated:  0.011653785
2026-08-17T04:26:20.176Z STAKES Stake account G3FVRZiZpSZf8J3NTanYYFXr2PCMsg6DTyUtVLKAXa6d is activated:  0.241142022
2026-08-17T04:26:20.176Z STAKES Stake account G3Hk13XYL3DftgWuqw4hpDmD5gbdHXdwRGKjZWzYAcMk is activated:  1.210896171
2026-08-17T04:26:20.176Z STAKES Stake account G3XxdR7opi1wgUxB8RFm6mk8VUrUfs4byQ8HyVGmDRMz is activated:  0.017914253
2026-08-17T04:26:20.176Z STAKES Stake account G4JV1J8FAJg9nKAJRLreKsPX3WBSEfBSbVyYDEB11CCc is activated:  2.4277784
2026-08-17T04:26:20.176Z STAKES Stake account G4bmZ5tjvdfKczHFTVKufT7dLhLRjDg5xyzjrf5PwqKV is activated:  0.002282881
2026-08-17T04:26:20.176Z STAKES Stake account G5SKQ9Sqpr7QriS29FHv4B1VXq7i8HjwiHAGr2KhTFUR is activated:  0.002282881
2026-08-17T04:26:20.176Z STAKES Stake account G5W6K74Ut4uxZj4kiTCuaQSf4J7tCWrXdZMmdgUrq57e is activated:  0.011648945
2026-08-17T04:26:20.176Z STAKES Stake account G5aXmLHwv3mHVQgbAqvXWWGt5sDfYsvntUPQwKytoqVV is activated:  0.002282881
2026-08-17T04:26:20.176Z STAKES Stake account G5dvi6bJ8FGBWhS5g7YfqUTjA1j5qq8HiQw7PsYGztxB is activated:  0.120953287
2026-08-17T04:26:20.176Z STAKES Stake account G5mMwPM71uyg6jwqtWz8ZNxPERMMRJbQfE9PjBJ8kvSZ is activated:  0.017447686
2026-08-17T04:26:20.176Z STAKES Stake account G5udvcVCreZkGrj3EZgpP43uWamnB77xuS1RvLzmp1LL is de-activated:  1.012135166
2026-08-17T04:26:20.176Z STAKES Stake account G63U3XzhZsiKQ9TCqDE3ZXQ8bzy8yf59UDBsoSJyYjwS is activated:  0.014438428
2026-08-17T04:26:20.176Z STAKES Stake account G66pL8DyFjiLPq43P9m7tHKiknqA7Vaw2fsnBX3QJKdq is activated:  0.120729753
2026-08-17T04:26:20.177Z STAKES Stake account G6E2ZnfinpwZMkTFXe45bY11GTZWD25r5ds2zcQKPpJM is activated:  0.002282881
2026-08-17T04:26:20.177Z STAKES Stake account G6VQjRrzVoSSRA7Sg3YBhs2aLcyXfKXdi4x3njaWhoHb is activated:  2.139712219
2026-08-17T04:26:20.177Z STAKES Stake account G6Wh68ZdvhBvoSra7U1MRtbiV6WEY51unWvNNQwQA8bB is activated:  0.003494842
2026-08-17T04:26:20.177Z STAKES Stake account G6dckDtAU6NhVo1HJkT5EYkL57xE2AP8AzubSy9o3YJ2 is activated:  0.002282881
2026-08-17T04:26:20.177Z STAKES Stake account G6ePB5rQeUt8awXFMMaaWi2Fix79yzfB648ES8Cpz1SJ is activated:  0.363722437
2026-08-17T04:26:20.177Z STAKES Stake account G7Nwy4AmgR5yzcxUoDyYnLyuVsUgSvZJusfn5zjjWyW9 is activated:  1.457849637
2026-08-17T04:26:20.177Z STAKES Stake account G7QsjvNfsdsxBaXmppauNetfU5k2TjzxeAP8RCVZfbV3 is activated:  0.130778547
2026-08-17T04:26:20.177Z STAKES Stake account G7aAFo4BQwPbe8P51GBRLz9fTxuVPqjBDoGQ27PUvYPt is activated:  0.004338201
2026-08-17T04:26:20.177Z STAKES Stake account G7gXno5wxGRSxXXvWMqx3YwubWJt2GGdFrAkSSc1WaeN is activated:  0.12083777
2026-08-17T04:26:20.177Z STAKES Stake account G8QMhDYR7hwmWLWARQEF2c9ue7FHASeeuJZjUMm7wQCg is activated:  0.011640899
2026-08-17T04:26:20.177Z STAKES Stake account G8dj7hpU4vgg9rB6JygKp2KxAoAQ9cCLbMfpDK8febyt is activated:  0.238985397
2026-08-17T04:26:20.177Z STAKES Stake account G8s96dg4SsRT8qBHpuFQ9HTWvickM7hynGxcinfqpQMe is activated:  0.01164495
2026-08-17T04:26:20.177Z STAKES Stake account G9LVU18yguDFMMfLmt5275kryRdknUu4rKRc7aJ325Zx is activated:  0.605908845
2026-08-17T04:26:20.177Z STAKES Stake account G9vP5w6S8yy18nHhmVVSbnqyRSaWDFm6BXxyuxvAmkkJ is activated:  1.517254875
2026-08-17T04:26:20.177Z STAKES Stake account G9zAjW8MAFzL47MT6BkSigc37TBnCddg18oKNRuxfa6j is de-activated:  0.011880679
2026-08-17T04:26:20.177Z STAKES Stake account GA8CWnNqFDF5oRkKA27wfoo2h4USu4GrgY7uSsoYhN4h is activated:  1.212569459
2026-08-17T04:26:20.177Z STAKES Stake account GADJzteMPoKf9wH3HS5LCPwSPDnYoAzb896BSEvssAco is activated:  0.060227306
2026-08-17T04:26:20.177Z STAKES Stake account GAHBr3L6QuD6SFGab5cJeSywSUAtKGBkXNTNvDnAL7jm is activated:  0.34737628
2026-08-17T04:26:20.177Z STAKES Stake account GAUdK5bdxQxFsKMnCBZXjddnSMmnWpRMGAwc1b2zsJFk is activated:  0.130062063
2026-08-17T04:26:20.177Z STAKES Stake account GB7Mbe6Dztxu79Ua81qRteevqXsHScEAuAQmoe97HGQ8 is de-activated:  0.010031544
2026-08-17T04:26:20.177Z STAKES Stake account GB95zBcBxN2DtWDYLZ9dbwuPrjxkNqxndzSHC7JmWvNk is activated:  1.212569456
2026-08-17T04:26:20.177Z STAKES Stake account GBKnehK56vWk2ZAF1mPwMCRSTXXNKd18YddhtY9vC21a is de-activated:  0.045918932
2026-08-17T04:26:20.177Z STAKES Stake account GBUzVLHFxu32NA5PCsFPtAkgu993jJFYey2gdNW1j1uu is activated:  0.014361191
2026-08-17T04:26:20.177Z STAKES Stake account GBmYysj3DEy6PsBc1cGoXHS3NGTQZQh1zVj7AVRCwzbh is activated:  0.002282881
2026-08-17T04:26:20.177Z STAKES Stake account GC4UR4i9NhfPS5QLonecLdajDu6xGYZD1bbEgJxszb1L is activated:  1.27419303
2026-08-17T04:26:20.177Z STAKES Stake account GC4Z6CBFs5JDxwT52XqhszLdFZDiyshzdqLmngc4mpyW is activated:  0.016827816
2026-08-17T04:26:20.177Z STAKES Stake account GCXFzhBnKQgs1hgZmf5gJRwaieF5d4HzzmVo5agWLjZi is activated:  0.022273123
2026-08-17T04:26:20.177Z STAKES Stake account GCsf1nU2NczmLKwX8M2uYPcBmgy7QqAzPdG8Yty8AbUf is activated:  0.173290306
2026-08-17T04:26:20.177Z STAKES Stake account GCviozVLJUZUSDvx8Us2ZbKDHHPYsQF58xDK2s6L45Ur is activated:  0.01164495
2026-08-17T04:26:20.177Z STAKES Stake account GDqaBnS6ZbJNtVJ1V2QRTGbvda9v45uThemeQAdzUzra is activated:  0.035878928
2026-08-17T04:26:20.177Z STAKES Stake account GEDNXAD5ig12CGRWtoP5CaNsvBmhXTwVVpSstUowQyjc is activated:  0.340708796
2026-08-17T04:26:20.177Z STAKES Stake account GEGac98oncBj56W9Kor4vtWJCUUuoCyin7HtvjeaeBAZ is activated:  0.017717701
2026-08-17T04:26:20.177Z STAKES Stake account GEYTYs9eKFpjxo7kSuap33rnWAsELsVFgAs6idSYc7Aq is de-activated:  1.228533553
2026-08-17T04:26:20.177Z STAKES Stake account GEdCdJo3VP4tg61gA1JPZZZ4Ez7huTYzX7W4Lk17cHwY is activated:  0.118011299
2026-08-17T04:26:20.177Z STAKES Stake account GEo9EzypBaMpMispWxwZdTebAq9zv2pZN1Z1Auc7ZsCo is activated:  0.002282881
2026-08-17T04:26:20.177Z STAKES Stake account GEpgpyDPJmTDS7THoDCBMnX5KvtYP57cExicRjBXvNmW is activated:  0.647164392
2026-08-17T04:26:20.177Z STAKES Stake account GErq68qtyVuWqUNxN2y6FrEeBkDQombfSmQeqyzYwbqw is activated:  178.180513446
2026-08-17T04:26:20.177Z STAKES Stake account GFD9FMiFAUF3ebphDaeBuf4wTkU465LaedaX3BEQJrk7 is activated:  0.002282881
2026-08-17T04:26:20.177Z STAKES Stake account GFhQ7CKoHNs1WgVX6vuFfDGgMCZUAbo4BaUHvwidye6v is activated:  7.160042584
2026-08-17T04:26:20.178Z STAKES Stake account GFo4KaHxsev9VGkJZFri8PFKij3onppmy3TDpbgrHvuh is activated:  2.90475936
2026-08-17T04:26:20.178Z STAKES Stake account GFqX9YawD4KhrGaynju5PjPEQCYQU4rZo1KWVsvXwVoM is activated:  0.181688714
2026-08-17T04:26:20.178Z STAKES Stake account GG1pdTdDDTRu5BvwRLKKK4dV2RAMtLyXsMxMcEdL1itd is activated:  1.274942939
2026-08-17T04:26:20.178Z STAKES Stake account GG73u1ZpomdWEtBXkmLeuS7dYsn4gDVZdtuQcAdWPxzW is activated:  0.606442306
2026-08-17T04:26:20.178Z STAKES Stake account GGEyzHa3Frx97moxvLqrx2ea1VaaX6UdBoNVR9PyqSJN is activated:  0.021379057
2026-08-17T04:26:20.178Z STAKES Stake account GGFcNvXXHJL4T366evyaZ6CNpTtBRrrvYs82eQ3pV2hy is activated:  0.007741686
2026-08-17T04:26:20.178Z STAKES Stake account GGQJzZXvZAT2tjVvHgMj8CcJcnyfkLs2jYGmoePayZCT is de-activated:  2.001933389
2026-08-17T04:26:20.178Z STAKES Stake account GGWv84K3d461SrN1wJzMbBn8hbGmadSEkZPZMCwKKUks is activated:  0.120940365
2026-08-17T04:26:20.178Z STAKES Stake account GGcmnKCrgJRUgKTp2qJzsPXuRTX1URyrCVw1t6RBkXXQ is activated:  0.120837772
2026-08-17T04:26:20.178Z STAKES Stake account GH4BGTWcdS8yAGHyKngoeVQnAmXDmJWHhGnMZ7oK8rTL is activated:  0.011636401
2026-08-17T04:26:20.178Z STAKES Stake account GH9JJR9pz7J96Ppn7vMdbZME9EvfHToByR1qvxHinhqu is activated:  1.214627992
2026-08-17T04:26:20.178Z STAKES Stake account GHGjPW9vBXznkQwiatcG7N44Jd65WwegcobWjpHRNbL8 is activated:  0.060174193
2026-08-17T04:26:20.178Z STAKES Stake account GHMU4fDYHp3pwnpsDD6VyWCzP47mhpkrQuTHMY25mmWL is activated:  0.109699396
2026-08-17T04:26:20.178Z STAKES Stake account GJK7cSQbB26se3L3aV9k419JbJyebjRwu4si36dxBmHd is activated:  0.096571153
2026-08-17T04:26:20.178Z STAKES Stake account GJMZMtLTUKScNFER9kDh1Nut7kw92CGqpXiPNdDw3hAw is activated:  0.023732444
2026-08-17T04:26:20.178Z STAKES Stake account GJSoaM7YWveQXAwjwc4eKPTUV9WPS2GMkhSaE4qJ3WcF is activated:  0.002282881
2026-08-17T04:26:20.178Z STAKES Stake account GJzcboezYHfhKjXtqWMUxTALkZdAS9VJQ9RL8FcAr7X6 is activated:  0.011983969
2026-08-17T04:26:20.178Z STAKES Stake account GKHwT9GN79sBWGU35N8YEDvD1Me5d6aRBcV7tEuv5u1t is activated:  0.041991662
2026-08-17T04:26:20.178Z STAKES Stake account GKPVKWCUXE3djch29sJKHEFSV3Y3NJh23HKep9xXXrVX is activated:  0.982563197
2026-08-17T04:26:20.178Z STAKES Stake account GKZi4CVE7opR1gPZCvis8B3W4tecDBTYfmRznFsgpqE4 is activated:  0.606459386
2026-08-17T04:26:20.178Z STAKES Stake account GKaLka4jKzyyoCXwLp7LbrWXWLmRxtebyjcfL9Hn7ZMm is de-activated:  0.002282881
2026-08-17T04:26:20.178Z STAKES Stake account GKpe1toDu6y7GFD83GEsuzdJj6UAxQzRxt1Zb6t5eZNt is activated:  1.214193507
2026-08-17T04:26:20.178Z STAKES Stake account GKxQJAkPXyXoUjbxAyQT3MCFYCxLmuGVUbNunTXgFBAa is activated:  0.005052302
2026-08-17T04:26:20.178Z STAKES Stake account GLm9NcvrEc6N1Z5PGdE9cArhuNZJLCRaHw2m1xN5Gun8 is de-activated:  0.010208986
2026-08-17T04:26:20.178Z STAKES Stake account GNbLd1vzz6AfCyeKdrh3f1ni8xciWem7JZmvZqd7a9NM is activated:  0.007503436
2026-08-17T04:26:20.178Z STAKES Stake account GPygwNABfZfuBMaBRkxo7cDZ25kv3QoqQ78kBPaprR64 is activated:  0.002282881
2026-08-17T04:26:20.178Z STAKES Stake account GQ8exYRDvhtcvdqGCVC5GLJHWD3eLh9NWqPg1mykkUPY is de-activated:  0.100133244
2026-08-17T04:26:20.178Z STAKES Stake account GQGA3NT5DdemvA2AHLdFWZGToWD31sNw2bJEspuvwsma is activated:  0.01164495
2026-08-17T04:26:20.178Z STAKES Stake account GQGKiCgJZcN7V43zGos9fFnomRz19Kxt8ptJeHrhNrjN is activated:  0.011484333
2026-08-17T04:26:20.178Z STAKES Stake account GQJYqC4X7XzzFkvi36qKYEvMtKDAnLNdnHhSP4jZ2JcQ is activated:  0.002282881
2026-08-17T04:26:20.178Z STAKES Stake account GR3tW4JsLgtFoNaLC6dJbVTrSqLgzDegJrQJKetef4AF is activated:  1.213152443
2026-08-17T04:26:20.178Z STAKES Stake account GR6cysQubNRY1b1mGwjcjHiTRFAhesQVosRtSwXRdccF is activated:  0.060228944
2026-08-17T04:26:20.178Z STAKES Stake account GR8UH24NZ7biMUmdCgqAJoAGajT1yKQd7LRhmuusuaXY is activated:  1032.736253727
2026-08-17T04:26:20.178Z STAKES Stake account GREyQs57yqnz1xBBhbccpJ8KfEW4R9k8bh3iUCsGuNvU is activated:  0.118891534
2026-08-17T04:26:20.178Z STAKES Stake account GRaAr5PZixgZPn7d1KWsV3sxV3iinoepXLn5kchRTUhC is activated:  0.018054293
2026-08-17T04:26:20.178Z STAKES Stake account GRiH7yJmUprgB9VLunQ3zXVGHiMrFobPcdcVnaVwYKAf is activated:  1.216966481
2026-08-17T04:26:20.178Z STAKES Stake account GSDNkEQFnQm2HrhjJuHnxHvsaKz2tDowpXjtmbGxteBr is activated:  0.007135194
2026-08-17T04:26:20.178Z STAKES Stake account GSFGi9zNg7wKAHQfDEPRxMjrKR7ViveGWww65ZbKZEE6 is activated:  0.053189082
2026-08-17T04:26:20.178Z STAKES Stake account GSK7YgARPNiqF5bF6sprHGVFboJT1qWj8YJCpspawQZj is activated:  0.042300574
2026-08-17T04:26:20.178Z STAKES Stake account GSNwjf752id4hMpgc3DVcZiwstYLyVnkbJSdhRUzrwzq is activated:  0.004121225
2026-08-17T04:26:20.179Z STAKES Stake account GSTGer3x5phWLh8yWa9eF77aaLsgKG3urU9hekdyDTFH is activated:  0.002282881
2026-08-17T04:26:20.179Z STAKES Stake account GSXmVn6YrRTRihK9aQjEhmxPtDjscBt6V2esxQWbbXkH is activated:  0.002282881
2026-08-17T04:26:20.179Z STAKES Stake account GSoa1yZfSDpoQBwyLMADpZK51U7p4Y6Qt9c5mNci4fyt is activated:  1.214193506
2026-08-17T04:26:20.179Z STAKES Stake account GSoxacwyuUFp9BWrpBYCdTWxbNYmUYymxormrF8Pjmuw is activated:  1.20147479
2026-08-17T04:26:20.179Z STAKES Stake account GT3ytDA9cM5VTGABjh6wvb3JvXG5meYZKCxUvdUTbsdp is activated:  0.072306525
2026-08-17T04:26:20.179Z STAKES Stake account GT587RLHmC2UKdkzwK1MTuRN9jF2x6fKRQ5ftDgcBBiw is activated:  0.023607229
2026-08-17T04:26:20.179Z STAKES Stake account GTS2gtFQMEAHHsaGyDTSYXL67UuphdxoYht4xTigCBR3 is activated:  1.212569457
2026-08-17T04:26:20.179Z STAKES Stake account GTWRrbuX9nNpP1tEsfRUhWURtDVWsH8WpviJbBYWfXQq is activated:  0.023755323
2026-08-17T04:26:20.179Z STAKES Stake account GUET5mTtEuTcKAVqSBYFLwHcCNDiFCdXXsKa2Sf6B6oF is activated:  0.01164495
2026-08-17T04:26:20.179Z STAKES Stake account GUH58LVFvAxvQvMHpXm98yux2KANjGAP2Uubd8vt8yMG is activated:  0.120723952
2026-08-17T04:26:20.179Z STAKES Stake account GUakxHKUdrcECBtVopvKXTyjTd2sbhXtnXzuXYVAeMsa is activated:  0.002282881
2026-08-17T04:26:20.179Z STAKES Stake account GUwFzcRygkpC19bJEzPFAvtcnVqPgj3QCuuShb8C7jVR is activated:  0.160183895
2026-08-17T04:26:20.179Z STAKES Stake account GV1PmUyj2DJMLUJHu86fiW5RMPTrqoV5VmuNXBzuhEPP is de-activated:  0.007230182
2026-08-17T04:26:20.179Z STAKES Stake account GV8dzsA9BrLq4efRTFu4ondSPCeFuTLn538838v3XYWj is activated:  0.006461801
2026-08-17T04:26:20.179Z STAKES Stake account GVKdf7yoz3iJzWuon2bUjKCDEBZUwDjCj7zQnt928YvC is de-activated:  0.01019239
2026-08-17T04:26:20.179Z STAKES Stake account GVNQFVQtFzPDdxkj2KF554Wzg7XkzbGV8B76iaoyRuXN is activated:  0.005577279
2026-08-17T04:26:20.179Z STAKES Stake account GVjjBTHGE7Jy8pvfaufmh28fp2tq7EMNZMtgz561V7Gg is activated:  0.002282881
2026-08-17T04:26:20.179Z STAKES Stake account GVymEkJNfi6t6MZHx8i42q6MdeZiDo5ABQ51XnxQ9V2i is activated:  0.051390299
2026-08-17T04:26:20.179Z STAKES Stake account GWUrUHnQZXYm7pL38REiXiSQiYkNgqDfzPWU5GhMK16m is activated:  0.120832223
2026-08-17T04:26:20.179Z STAKES Stake account GWcYAyzLnGGukpKrM8vdfic8CbyCc4fN7yrQjd9xeHi5 is activated:  0.120828211
2026-08-17T04:26:20.179Z STAKES Stake account GXKSq5VY4KBJiu17G1FvNVhGXA1AG6hbzbEB7wZekzFB is activated:  1.274942939
2026-08-17T04:26:20.179Z STAKES Stake account GXjHBQJEupHNJPR9ALJcpwJjkuEgyPiChH9Aiswak8bV is activated:  1.335588168
2026-08-17T04:26:20.179Z STAKES Stake account GXnuqRhGeXsYZC7haeQbN9p8F9vwCTa5FbYBjqZYQ2dN is activated:  0.096267318
2026-08-17T04:26:20.179Z STAKES Stake account GY3zPKCrEskJT4ibZBmt3UnTmCQbpVioxvLVt9XqkEm1 is activated:  0.606673485
2026-08-17T04:26:20.179Z STAKES Stake account GYBW35doWfGR1b3mZTFuwTRKQMzWTSNkdcH2nYNC6n51 is activated:  1.213673277
2026-08-17T04:26:20.179Z STAKES Stake account GYi9xkowqogAX9fAiRMBfGfShztse5aBZs7mKbdrWSjp is activated:  0.118807769
2026-08-17T04:26:20.179Z STAKES Stake account GZ3JsGE3GL9NqJ5oo8qpm6q1q5wMKaLDJYKsLYUhUgkc is activated:  0.098646303
2026-08-17T04:26:20.179Z STAKES Stake account GZGsvYVRACyt7NKgnvEqk8AEshhFkRMGiNytjmy71xjk is activated:  0.488587094
2026-08-17T04:26:20.179Z STAKES Stake account GZLDfprdSa3cnF34cs9Bc8XvkXQPnY5ZtNNTyzvYFHT9 is activated:  0.002282881
2026-08-17T04:26:20.179Z STAKES Stake account GZQSjspjDnWkSuecrfzhDcqpdYHRr2isfEeiuaxjyXYZ is activated:  1.211289245
2026-08-17T04:26:20.179Z STAKES Stake account GZWvh3j6TYykExnfhXkbSpUqtMSv4wLqTkiAuiiagnBK is activated:  0.120841125
2026-08-17T04:26:20.179Z STAKES Stake account GZcAMCGX6Rqn2XiZ4Joc5VgQqWHiFo35E3YDbWTptN6q is activated:  0.157251565
2026-08-17T04:26:20.179Z STAKES Stake account GZhNqgJNqup8mhqxfb1iYoVV2ohxpxFmiVmkRppbAHi8 is de-activated:  0.002784001
2026-08-17T04:26:20.179Z STAKES Stake account GZy5QB2Az9hvGaVguBrYLNavuALyh58eWzBfvdEQon3C is de-activated:  0.24983734
2026-08-17T04:26:20.179Z STAKES Stake account Gaf1aUwPzARfyBBpuK8TrZmHEg4KaBEBJTxnthYyngLL is de-activated:  0.025134631
2026-08-17T04:26:20.179Z STAKES Stake account Gb2R69TuJChSssmAGNuSbtqXYHaQ1TrmtETSuYHpqWjX is activated:  0.297825456
2026-08-17T04:26:20.180Z STAKES Stake account GbtrZrinm5LzVPzGrra8aioNJRPAPESzMf3YqwcN9RCc is activated:  0.063576791
2026-08-17T04:26:20.180Z STAKES Stake account GbvjZ5UMwQkFB6Zxe9612t9aYZyXn8bALRkNJbNUj9K2 is de-activated:  0.11014688
2026-08-17T04:26:20.180Z STAKES Stake account GbxLaQ6Ed8EqNzt2VJfeUvA8hwNoGBs4VdJXHFtQbBSm is activated:  0.023797587
2026-08-17T04:26:20.180Z STAKES Stake account GcVe2v9i6sJqZPy2GXiV7mjRVxpk5sQGUQuCKGL6EvDp is activated:  1.213673278
2026-08-17T04:26:20.180Z STAKES Stake account GckUGfjE8Uj3x4DxV9XdFrx29i1qZ7j7goLE8yMWGKBg is activated:  0.120733105
2026-08-17T04:26:20.180Z STAKES Stake account GcuAG6tnugF5mTu9R1WvBe6d2izGeEzJiuTt8Hi1FMLG is activated:  0.014426081
2026-08-17T04:26:20.180Z STAKES Stake account Gd5N9ZCUC6U5XdYXiGUMkPm7rU74xsWB3cqrYjxn2AFu is activated:  0.242425583
2026-08-17T04:26:20.180Z STAKES Stake account GdHQaBvSg6Ur5d8xopRNWtHRqxVHTwX2RWHyzrZhNV3j is activated:  0.002282881
2026-08-17T04:26:20.180Z STAKES Stake account GdKHeWxzv5wCyJXUDjLj4eNgbReL85sptrxr6KTSztTr is activated:  0.606199615
2026-08-17T04:26:20.180Z STAKES Stake account GdR5DwktDa7hRskQTPDDV4e5zbRjaNjysfX6JthzQyEQ is activated:  0.002282881
2026-08-17T04:26:20.180Z STAKES Stake account Gdegs7HVrELJhb4kiy5PVp1yxqP3RM3ZyZQ8WMhgCd8h is activated:  0.606459385
2026-08-17T04:26:20.180Z STAKES Stake account Ge4qvuGu6eBu3AUUKb8L8ATq1XBc3KGbCVvTfHHjdwAN is activated:  1.213152444
2026-08-17T04:26:20.180Z STAKES Stake account GeVWhNt4dtwgYQ6YzgtQgkvukeXR25iMnKJTa7MvkSf6 is activated:  1.213541434
2026-08-17T04:26:20.180Z STAKES Stake account Gehi7LJJ721vckvVYdxJbb3cnUuLcy34GbJngjSBUS4c is de-activated:  0.300128238
2026-08-17T04:26:20.180Z STAKES Stake account Gf1fgYSKUNZN3jPHdyhdiWkW1CgVtFrrjWHhZdETbLM8 is activated:  2.234260082
2026-08-17T04:26:20.180Z STAKES Stake account GfLo3wzwHuMmBJrEpFrP1YCfjYsFpMWDuH7aosXG8BXM is activated:  0.011640899
2026-08-17T04:26:20.180Z STAKES Stake account GfaUwgjq8dgmsrJL7PcKEMVVR3JBaGG6yLexFCK3kw5M is activated:  0.002282881
2026-08-17T04:26:20.180Z STAKES Stake account Gfg9hYf3oDdXvbpd4DDVWXxxHmdvCgojRaFkJBgx3Shx is activated:  0.070829859
2026-08-17T04:26:20.180Z STAKES Stake account GfyMKoHahmnwGGHrtLrw2bwCbENCeNGUntUbRoEZ4ME3 is activated:  1.217593707
2026-08-17T04:26:20.180Z STAKES Stake account GgJ4KgqTQopkXGLb41bigkTyf1ykA8pq5j5MhrN4ap63 is de-activated:  0.050838612
2026-08-17T04:26:20.180Z STAKES Stake account GgMjtb8UqA91bbx3xv8Y2h1xyWnKX19HPxbnGXKk2Rpi is de-activated:  0.495030978
2026-08-17T04:26:20.180Z STAKES Stake account GgeHYkGAKcvQT17hv1iSK2frB1D2E71QU9qikYJX37u5 is activated:  0.24567993
2026-08-17T04:26:20.180Z STAKES Stake account Gh1P7NDeDqSPdVMM3ViEzJzrDDgzqhF4ztcEgzMuv157 is activated:  0.18151913
2026-08-17T04:26:20.180Z STAKES Stake account GhbPwjdAdHSCV34PwtWivJN5wUEpZrsewTCFc7fDtfQ7 is activated:  0.005575781
2026-08-17T04:26:20.180Z STAKES Stake account GhjMFfyYMTqN2eVcLPSv4LBNyLqAAh59ST4FakQy4mhn is activated:  0.090588456
2026-08-17T04:26:20.180Z STAKES Stake account GhxtfyY5rrmm1aDPbPXCkNiG12MnwpmWC81zurR3s3sL is activated:  0.002282881
2026-08-17T04:26:20.180Z STAKES Stake account GhzzLYaQn6aagsFFd892x4nPVsC3sLWeBmKnoPybQUk1 is de-activated:  0.238514508
2026-08-17T04:26:20.180Z STAKES Stake account GiA6R13TrT7PXYnrQDWuo7NupTabJgpAM6bDQeEJMwBd is activated:  0.004101344
2026-08-17T04:26:20.180Z STAKES Stake account GiJzgko7UzvHt5pkTpzzJFekYzXXFXXu3eD1BrpvCeDc is activated:  2.427960381
2026-08-17T04:26:20.180Z STAKES Stake account GjMBELc9ccqAG515je56HAA7Ywy3ApW3CeYD24yyCLQE is activated:  0.0119751
2026-08-17T04:26:20.180Z STAKES Stake account GjRjMozyv46JUA75fVaZ46aR5s2xr3mBxKXtK2UdhvY3 is activated:  1.21367328
2026-08-17T04:26:20.180Z STAKES Stake account GjWwH7ChB19pTmA2uCyBDcnALpPyX3z6cCBcVKhoXKdW is activated:  8.448450606
2026-08-17T04:26:20.180Z STAKES Stake account GjXHSoBBQgwUCbhwUK6gGjGNggEJqKtKSXqk6xQYb5xz is activated:  0.240066897
2026-08-17T04:26:20.180Z STAKES Stake account Gjaa8TUGK2MinwrYFa38X6YPq8AecRAK1z21TRQrJZ4F is de-activated:  0.006377016
2026-08-17T04:26:20.181Z STAKES Stake account GjjVHtgU7XmYxeCUqrz7pf7rYkJLmk6aj2DJ8ntBropW is activated:  0.003496068
2026-08-17T04:26:20.181Z STAKES Stake account Gk1ottJ781Hg5qMKtjkGtEXHKwQCzjGYMsuFNpD4SJa4 is activated:  0.048041866
2026-08-17T04:26:20.181Z STAKES Stake account Gk7JD9wxQg793FyFAWwxgtqXHAxJpgxrkZxfWWGAPrUF is activated:  1.194983423
2026-08-17T04:26:20.181Z STAKES Stake account GkB53cVutQt7J5PMqsALNfhzCzRU2AkaktPirCCie6yT is activated:  0.021207547
2026-08-17T04:26:20.181Z STAKES Stake account GkGaLq6afshuyJoih88LsmrsG9gtwmt5Krv35NWWPmZ4 is activated:  0.002282881
2026-08-17T04:26:20.181Z STAKES Stake account GkXNpTsAU9EAKoaWx7LCWGQMAU4WrEdzzcPQPTS7Cw5D is activated:  0.36323807
2026-08-17T04:26:20.181Z STAKES Stake account GkYuyEYennJkP9cqPnR9biGnEUZmY6zJLZu8da4ffZxE is activated:  0.01335476
2026-08-17T04:26:20.181Z STAKES Stake account GkpQpMCLeCLzLnBxfbtxQtwHiXJXdvsBdyZ54F9TfApa is de-activated:  0.200269607
2026-08-17T04:26:20.181Z STAKES Stake account GkuPWiGLDswXdMwugNgz87M7YkCo3pWJRmzkP3C9BwTQ is activated:  1.213152442
2026-08-17T04:26:20.181Z STAKES Stake account GmKx64KnDhKLUADwFnyjtzAF8oEJ36VYKFRodQzNt198 is activated:  0.016536391
2026-08-17T04:26:20.181Z STAKES Stake account Gmakti8PHk9vHwJmMkwehjnhUfjxEpfiedfSDiMnKXrX is activated:  0.010688168
2026-08-17T04:26:20.181Z STAKES Stake account GmanS8jzkh93Ctk7BEestMwSc7LKQQkQJDZj68NMHn8P is activated:  59.118018774
2026-08-17T04:26:20.181Z STAKES Stake account GmmF75q1kbBgNSymeFiVMH1zWD3kbZdrbn63fnkJK3iw is activated:  0.120953287
2026-08-17T04:26:20.181Z STAKES Stake account Gn1WwB94H7FjJiQw3TUzinGcBWMmJWajQDSmahhVwYNt is activated:  0.041938455
2026-08-17T04:26:20.181Z STAKES Stake account Gn2VFc8iGuhqiQ5RoNz1wvRfcuLEqE6xf8sA93usaJHt is activated:  0.013807998
2026-08-17T04:26:20.181Z STAKES Stake account GoDs2e9BKdVS7xNgVfDKh4Tv6jdgYcTbZ3GWDkNmAWAZ is activated:  0.060511052
2026-08-17T04:26:20.181Z STAKES Stake account GoJVhsdQoBS1gCDpDC6qYYcW86SGtMoN1RQUVKMK7r2X is activated:  0.018039918
2026-08-17T04:26:20.181Z STAKES Stake account GoMDq53mC73fuSEcw8jy3cQ2fSxkeyQs5Kfq2R9hTSng is activated:  0.014071383
2026-08-17T04:26:20.181Z STAKES Stake account GoQ7UYwLmevRynhKpHyvEMvuUE9gUd7CKf9fynmi88ye is activated:  0.016841056
2026-08-17T04:26:20.181Z STAKES Stake account GpEbk6fDX8xFDAfxEiHSQZEw2repPQQukbAo98XyRc6Y is activated:  0.120841123
2026-08-17T04:26:20.181Z STAKES Stake account GpXYqJhNYPSodkwMRpQSTRbDsB333Cf3wFwsHn7Ls8kv is activated:  0.144911506
2026-08-17T04:26:20.181Z STAKES Stake account GpdFXGLSBx4TE5igeePDBf9FNxzKCGf9U6Qj9UafKxNN is activated:  0.294254355
2026-08-17T04:26:20.181Z STAKES Stake account GpgDjuMT9nZVsHjJ2n8Mpb7vkGw7q7p5HPkziA5JqTdQ is activated:  0.011488529
2026-08-17T04:26:20.181Z STAKES Stake account GpiKwYVJBU8wQRvCsWab5JvNRC2aA6GDLGCQQrfg4r3R is activated:  35.510927734
2026-08-17T04:26:20.181Z STAKES Stake account Gq2sT6XypXp5puZbLQiZ13seVD6hBRX1wDcw7uu95yfR is activated:  0.485014346
2026-08-17T04:26:20.181Z STAKES Stake account Gq6AP1gvwW7WFnHcf2rJxGTm2nV3jnaFqbEk8dxNMdAU is activated:  0.606718843
2026-08-17T04:26:20.181Z STAKES Stake account Gqr6JjcDmnifBtxC4sbkHQGcEwcNdZT5thLWdrx9YQZW is de-activated:  0.050450615
2026-08-17T04:26:20.181Z STAKES Stake account Gr3zVz2Tgv4sPSjh217YGTfFTLHSGu11tX72h1t4aqPs is activated:  0.023786482
2026-08-17T04:26:20.181Z STAKES Stake account Gr66u6PjsYDZ3jz7KznVescXD9rXUfL3aXZ8pSfvpkAV is activated:  1.211466696
2026-08-17T04:26:20.181Z STAKES Stake account GrAwjc9Gx9i5AsR7JT3wxgVRnpRki2dL4BjEKSJJ9qLV is activated:  0.002282881
2026-08-17T04:26:20.181Z STAKES Stake account GsecZjR1Drmu3fikJ5KhW3LMPZqyGfJgZDYcvsU4PbBd is de-activated:  1.076270097
2026-08-17T04:26:20.181Z STAKES Stake account GsojTnQDFeDc1ZBVgFhe8fKAR1j7k4eiTmbEgx95iH4v is de-activated:  1.797628486
2026-08-17T04:26:20.181Z STAKES Stake account GsvT6rR1CWBNqH9nDFLf8azcANiMZPFWeEJ4o9Y4999u is activated:  0.124161696
2026-08-17T04:26:20.181Z STAKES Stake account Gt46KcPQtC68uFECbiPaAqn78QuCnBuiXMRURs4rQMbz is activated:  0.002282881
2026-08-17T04:26:20.181Z STAKES Stake account Gt7z3TgSRbEZmcqpw96dJtegCYRgZHMwrNe3PmogE2KN is de-activated:  0.097637692
2026-08-17T04:26:20.181Z STAKES Stake account GtBf9kJhPUReVBBrZEn1L1vFXCNjtpdutCcG47Xy2Ka5 is activated:  0.01164495
2026-08-17T04:26:20.181Z STAKES Stake account GtaLbAKK2tGa9tgTPVTgukJUyaEzYJq6c4S9SS5Sxzpq is activated:  0.263669747
2026-08-17T04:26:20.181Z STAKES Stake account Gtii3GzSN3nt7BqiGg51mZr2DvC9fxRzCACowQ3rY82z is activated:  0.016558184
2026-08-17T04:26:20.181Z STAKES Stake account Gu1WDM5ja6isYHNc3NREJihHg1F4qXgEzCFm9j2HiCSF is de-activated:  1.174734543
2026-08-17T04:26:20.181Z STAKES Stake account Gu1h7qkMtQErntNW2fGsqLCvjf88KtWYYnPCKRvuZzj2 is activated:  0.120841123
2026-08-17T04:26:20.181Z STAKES Stake account GuXELJxom6D2QcYuxis3VsqzkY3ZLgnhVBt1b8GSVjmG is activated:  16.552438509
2026-08-17T04:26:20.181Z STAKES Stake account GuxCZRyohkh9jjyKZpgZZ2RK9GUkduKKzRzuw6XRZL45 is de-activated:  0.514743951
2026-08-17T04:26:20.181Z STAKES Stake account GvHAjHfApLo86G314odrugFE9Xjj74KgKpisPpSPj7JH is activated:  0.032819939
2026-08-17T04:26:20.181Z STAKES Stake account GvSXGv2QR4dXoDpLkFbQzbrYujJRXQUXiY7qFUKLYVbQ is de-activated:  0.111670954
2026-08-17T04:26:20.181Z STAKES Stake account GvtuC9Q4i4c16DMdyJhzu49p3jxeFGptou3Th95fSiFb is activated:  0.023777247
2026-08-17T04:26:20.181Z STAKES Stake account Gw2EDo5ketAvwxhzk2MUHtfc747G45zhcMbtippLZCbN is activated:  0.013212857
2026-08-17T04:26:20.181Z STAKES Stake account GxAfSt6jyhpgDuGfHHWpXXSRxW7w821jAup4iMPaQBuB is activated:  0.002282881
2026-08-17T04:26:20.181Z STAKES Stake account GxFkXGCAxjMD86LFPAZVXkNRRbKXdhaTf7CCfsnW3xuu is activated:  0.444524247
2026-08-17T04:26:20.181Z STAKES Stake account Gy9HPTtFRXDSWN6YTuUWb2TYRXF4EhbBMeFH45NDNy2R is activated:  0.022491039
2026-08-17T04:26:20.181Z STAKES Stake account GyjN6QaCn8fD2ARVBG3uGE892uhii2dk6Bg4JSG87y67 is activated:  0.002282881
2026-08-17T04:26:20.181Z STAKES Stake account GywfHzzApEQ1DG3e57vYhLFtjKUk5gjejxnYx1HB5f2P is activated:  0.002888897
2026-08-17T04:26:20.181Z STAKES Stake account GzS6VFieJBEXNhwBVWTfhPubJz1Jn6N74E7RabT2Aojq is activated:  0.120733106
2026-08-17T04:26:20.181Z STAKES Stake account GznedEV4jj5nLhH7nS568usAMeq72uJr6nq893kcoqCf is activated:  0.004691991
2026-08-17T04:26:20.181Z STAKES Stake account H1BdhWTx5q7CnD46R74z76nADvzBKVRsC9pyCpqB5M4p is activated:  0.002282881
2026-08-17T04:26:20.181Z STAKES Stake account H1EjmiqYynBaGQJTsuHtbXPgT3H7hZZcA2HswJCx31SD is activated:  0.12730444
2026-08-17T04:26:20.181Z STAKES Stake account H1VS48K94cgK7sAHbQiCCmL1qqV5ry6vTyZ9r12VSqsV is activated:  3582.345993441
2026-08-17T04:26:20.181Z STAKES Stake account H1bypjcLjQAKtGjPkWBXXsiW8vhy4nZ9gY52uK7izNoa is activated:  0.132715755
2026-08-17T04:26:20.181Z STAKES Stake account H1fPo6svmUsXawoFgnFqEHhzCqnkx7QimhWHSTpBxqyg is activated:  0.02637136
2026-08-17T04:26:20.181Z STAKES Stake account H1w5kZEcLCRE9g9Nb1Lz9F2G8poXmYBKmJxQtgGoMW4q is activated:  0.123545549
2026-08-17T04:26:20.182Z STAKES Stake account H1zGCC1u5rP6P6kdAju3NarkqHWxT6HKuHBnAtZquWk1 is activated:  0.120892018
2026-08-17T04:26:20.182Z STAKES Stake account H29BiaZRjyBPK5Dw4SUHexm1DNAE6QsJgakmDq3mQMNT is activated:  0.002282881
2026-08-17T04:26:20.182Z STAKES Stake account H2M3nQhqu5pT88Gh1cfPmkUNsgPVpgJBkCxH6zDnxva7 is activated:  0.120892018
2026-08-17T04:26:20.182Z STAKES Stake account H2dqkxup2dNgacDu74h81YLtLYQQfErCMpjNaJAfPTUV is activated:  4.439715337
2026-08-17T04:26:20.182Z STAKES Stake account H2gfs6TJoqz318dk7CpTYVdu1if36mDUJQF4fdAD1KgS is activated:  35.275264296
2026-08-17T04:26:20.182Z STAKES Stake account H2inkCH86sfM5rvcMm5DZSM37SpoEhx1TXRyhsxjfG6F is activated:  0.005315355
2026-08-17T04:26:20.182Z STAKES Stake account H2p6idKSRx5KnPx3k6C3sEG1wHBEtTDvyNH6P4qDommP is de-activated:  0.002282881
2026-08-17T04:26:20.182Z STAKES Stake account H33y5RjRqrzfW6uVkmFBgRTATvFWCNF9u3jV49mF3WUk is activated:  1.15294591
2026-08-17T04:26:20.182Z STAKES Stake account H34onfy9W8XbF9a8fKbFuHKFutzgJAeqcSS1kt8rj8zA is activated:  0.002282881
2026-08-17T04:26:20.182Z STAKES Stake account H3BFK5Dttu6c1vzxLxTp7ZeRMFRKFvawNdabMD44C5Dg is activated:  0.111060305
2026-08-17T04:26:20.182Z STAKES Stake account H3FRkbCzrK4gmhvk3wNNwB9UFQg2Wuaf6TbZUb1bAAv8 is de-activated:  0.002282881
2026-08-17T04:26:20.182Z STAKES Stake account H3Sk8RLppNojwSKDL2AYqJ9qLXMMSiSdhht82AX7VpEs is de-activated:  1.001377935
2026-08-17T04:26:20.182Z STAKES Stake account H3Xf9eACqE2gnwCJf98XgZRjR1ZQ3hziBNthwuUNiZzA is activated:  0.018667933
2026-08-17T04:26:20.182Z STAKES Stake account H3j9ekyKQmmyioofWryBzA357Teprm7KkS3XeX6Yt4wA is activated:  1.213673278
2026-08-17T04:26:20.182Z STAKES Stake account H3p89m9Rexr76Sfo7vTbiEpDHgcMikcUnJg7xdiAdvhE is activated:  0.01161195
2026-08-17T04:26:20.182Z STAKES Stake account H41QHVL59tAx2LbkxNKo3oTEjTctfnBfkH1gj2pNs9np is activated:  0.021008795
2026-08-17T04:26:20.182Z STAKES Stake account H4Bm9zwWKpuGsmc3CNsgp53gdDeXRsFtngtGLsvdcnVG is activated:  120.943950253
2026-08-17T04:26:20.182Z STAKES Stake account H4Y1FQqpbYUkeNyMcU83cfAAMELibGMPj5P2MiamSrmv is activated:  0.002282881
2026-08-17T04:26:20.182Z STAKES Stake account H4u1xgPnNSVuCsvLE5MUm2GxMFbHeivx6A8PVxkfNbdc is de-activated:  0.591285395
2026-08-17T04:26:20.182Z STAKES Stake account H529uT3w4kj9EbWf8hubfoSr8AKAVwV2N68DV8gdaKWp is activated:  0.011640197
2026-08-17T04:26:20.182Z STAKES Stake account H57HK1spG5pjjftTkNWnLYbhWC929X7DQysuUKzcCLAt is activated:  0.120837771
2026-08-17T04:26:20.182Z STAKES Stake account H5LCRtvjzUx7jh9mC4EfkNGEVPi48u1JGh9ZbLR9KkwE is activated:  0.002282881
2026-08-17T04:26:20.182Z STAKES Stake account H5efmvcJEYMUhURtTfENu7fnp9kPWEy5WbnDU8XRUy4E is activated:  0.006530213
2026-08-17T04:26:20.182Z STAKES Stake account H68b2qpF3uaDbzWpszbiSGdj8QFXTYryBm6ENJae3bYo is activated:  0.132975483
2026-08-17T04:26:20.182Z STAKES Stake account H7FfCRa5vvTDZbB6AgqxFSS4F6hW1pBCSpVvmDNkPRaa is activated:  0.302613056
2026-08-17T04:26:20.182Z STAKES Stake account H7NFeAotiGvUPr2V5wYTAg6hWw3YMqkHcYKcWvgY1bHK is activated:  0.732197495
2026-08-17T04:26:20.182Z STAKES Stake account H7oepY9Q6rhYbQFx7pKvdgfxQPqyeYLzUYkFQ569mphF is activated:  1.214819301
2026-08-17T04:26:20.182Z STAKES Stake account H82pmt2BUUBdYAWgtFeeDrNfTbPjLUXerVNiLQ2BBfsH is activated:  0.133031609
2026-08-17T04:26:20.182Z STAKES Stake account H8MWPDDAsTaQMaHuxZxVhV88jaaghooB7Mn8pKuCHh29 is activated:  0.011648945
2026-08-17T04:26:20.182Z STAKES Stake account H8UW1xaWyShzCxJkCFkGx3UKhu5Kc7wD3ZZGrFTRNUbu is activated:  0.004102133
2026-08-17T04:26:20.182Z STAKES Stake account H8wMb4N4uLeXeJQPrqPJeY1Wi5SVKqRedyHQd8Fye3CH is de-activated:  0.45228288
2026-08-17T04:26:20.182Z STAKES Stake account H99w3U5NXipgQG3izCyRy22djVd4TcnS9xAq2Swi8iD8 is activated:  1.263736949
2026-08-17T04:26:20.182Z STAKES Stake account H9ENeXH7eC8CnpKTonrYX1TidJUyXSqcs7JYEqMJ22fu is activated:  0.127862415
2026-08-17T04:26:20.182Z STAKES Stake account H9GYMAHmikkSVt1RGb3ii7bV8D69pbGeqJKbsNungiNp is activated:  0.120892019
2026-08-17T04:26:20.182Z STAKES Stake account H9eKu8HXZ8Hucd7YD3spuoo6Vf27GCeE2Rg3tyUMk6dU is activated:  0.01164495
2026-08-17T04:26:20.182Z STAKES Stake account H9kUrLL8NuxDPNjW36nrYKUBrqvhighDu281pn9DVCwR is activated:  0.002282881
2026-08-17T04:26:20.182Z STAKES Stake account HA2WGqddxebku8QsZdFkzBSgjsj7VM4KqH3ZDwmsQ43z is activated:  0.002282881
2026-08-17T04:26:20.182Z STAKES Stake account HA6zxVp3YJUQy98gXiFrdHC3MDNL8bJmd7A17enEiEQA is activated:  0.002282881
2026-08-17T04:26:20.182Z STAKES Stake account HAC5ANS6Q4RWSnMJ6Lk2gHSRmdi9YmXBDCeFdA92uodE is activated:  0.003468269
2026-08-17T04:26:20.182Z STAKES Stake account HAUvcyV5vo81jT9WcXp9Qv2PMym9qsRbcGSNvDPp3EFR is activated:  0.010903835
2026-08-17T04:26:20.182Z STAKES Stake account HAb2WJjFJpZ5ALCBDnQ3DSsfjvfu51XfbD2CMH4jzHZV is activated:  0.084474118
2026-08-17T04:26:20.182Z STAKES Stake account HBJNsFNqopT3dknpJ5KzGSZdnMCVogHnkQ4zC5AcroNu is de-activated:  0.130585577
2026-08-17T04:26:20.182Z STAKES Stake account HBpvKQVoTieBqN8arwJ8K8QrTp6DYSx9qzh54hFJcFPe is activated:  4.255330886
2026-08-17T04:26:20.182Z STAKES Stake account HBsPUeQhdvNyJqctfmKZCEwd5qb9a8CoZkTJRJ4Lkym8 is activated:  1.820661067
2026-08-17T04:26:20.182Z STAKES Stake account HBzse2uxdTcQRcnjg1aoRrnbFiPHv9MuFdaTzbMEhFKX is de-activated:  0.07162366
2026-08-17T04:26:20.182Z STAKES Stake account HC8Wc1gLMuKLx75n4vY3vcWCUz8vBuJFGP8pRhV3Zehf is activated:  0.119046467
2026-08-17T04:26:20.182Z STAKES Stake account HC9bxZqNnrRyaoLjgxFFvtEFvezH9MPM4GVDwfpgWqQV is activated:  0.002282881
2026-08-17T04:26:20.182Z STAKES Stake account HCKCnLrucWsDSXFHDhFezzvhcH9GwPd1AdgQSaXZctSk is activated:  1.213673278
2026-08-17T04:26:20.182Z STAKES Stake account HCPDZ7Lfyh74BgiwxFtbJW8kiXjbCGVSM3rXBRSUn418 is de-activated:  1.001377935
2026-08-17T04:26:20.182Z STAKES Stake account HCbeXb4nZQdypKs1VY9K5F8FY6r33wNhGWs4hkTHvxsg is activated:  0.120883112
2026-08-17T04:26:20.186Z STAKES Stake account HCbk9X2jxb8XvJFrcBihFEtA48mro2aiy9gys8soXn6m is activated:  15.942311966
2026-08-17T04:26:20.186Z STAKES Stake account HCcCABsTbCf5BPMfhPhzGDZ1Xjnkz5knAThjSN49EHun is activated:  5.881899713
2026-08-17T04:26:20.186Z STAKES Stake account HD4sCJ3ziH63M6g9rNHYAw7FxpUCzW7nxKLZJanhy6Zp is activated:  0.002282881
2026-08-17T04:26:20.186Z STAKES Stake account HDMKJXbHuiwWGBLHfgk2G8nwWkygrh9ggHDbSZb8is9h is activated:  0.011636137
2026-08-17T04:26:20.186Z STAKES Stake account HDxRnxQNbCfbjR3BT6AfnFBHRQwuzDWHRNgbKQCwCDZF is activated:  0.225037958
2026-08-17T04:26:20.186Z STAKES Stake account HE1VsLjVqVNWLjMj3XMiHGTsKs2ko3nMYMCyXQT9ypEB is activated:  1.229118312
2026-08-17T04:26:20.186Z STAKES Stake account HE1YNTcajPUQnMCJ2vUwLWqLRgSTPRTFf4rVbAn7JTF2 is activated:  0.002282881
2026-08-17T04:26:20.186Z STAKES Stake account HEC8KTDZVrKpTbhGcQVDFPBUUidr84VW1mosXNLmzcdS is activated:  0.120733105
2026-08-17T04:26:20.186Z STAKES Stake account HELgKZdX445r8iw8fdVozFdkixSFHiHVbDv4bgMzFbuh is activated:  0.060174194
2026-08-17T04:26:20.186Z STAKES Stake account HEj7GQYyBw4NZXog3KpzM7FDcHgDX1Y8TeRBnd47p3os is activated:  0.127742975
2026-08-17T04:26:20.186Z STAKES Stake account HEoZDUn2CZDmDmo8KxXyuP4dUNWUiGWwP4J2qRWBAVsn is activated:  0.002282881
2026-08-17T04:26:20.186Z STAKES Stake account HEpaAahfBZckGB59FmBj1ZRirRDYfqBnxHqV97BRekGi is de-activated:  0.007651987
2026-08-17T04:26:20.186Z STAKES Stake account HEsgRtguyh8NXTZBi8quoKp8aKU4FYYjcbs32cJ42dFD is de-activated:  0.00228288
2026-08-17T04:26:20.186Z STAKES Stake account HFFifZ6V8oQwGSKM3XCfDCnagVYmHm4e6qxtYfJURTFu is activated:  0.0080077
2026-08-17T04:26:20.186Z STAKES Stake account HFNZKHgBvvHMfJpWecBQnDXykDXkGmTqVfkGf2X5sUzF is activated:  42.219448593
2026-08-17T04:26:20.186Z STAKES Stake account HFb2cb59YUWUHRwVAoHSQYbzvoAu3fkf4Bs5jD8vBDR9 is activated:  0.011987852
2026-08-17T04:26:20.186Z STAKES Stake account HG2MoHqLy3FUAcgPcV5S9W4z315Zqcgz5KVsTeKVDvy2 is activated:  1.226972424
2026-08-17T04:26:20.186Z STAKES Stake account HG4BL2y7f7Eoc3MKDQrfskMyib3xp5ZjQCJA74pbkCsr is activated:  0.006526782
2026-08-17T04:26:20.186Z STAKES Stake account HG9WJkhFYPfphaY7ZBs8NWxWj9SqDV8gEwtXLAe9ujxH is de-activated:  0.033730666
2026-08-17T04:26:20.186Z STAKES Stake account HGEqb3JBfJWHZG1YDWVM13k2AgffuGtsdFjnaaVrXK9z is activated:  0.044156746
2026-08-17T04:26:20.186Z STAKES Stake account HGVownaeJBeoDC8LC8utBzRhMNCyMNqBy7BViaVxPrF3 is activated:  0.676634147
2026-08-17T04:26:20.186Z STAKES Stake account HGz9wbEX19DN1GP8QusjdFRa8rRqQCnP3sRWFSehQgNZ is activated:  0.023786482
2026-08-17T04:26:20.186Z STAKES Stake account HHLM3R9LHFs4LDnymbgKXeYhxK1LMQsVdV7h1qaJ9eCp is activated:  0.007696289
2026-08-17T04:26:20.186Z STAKES Stake account HJC5egvCYW9rSnqziSf5rZZCHdbRGJEiuSnasz181x23 is activated:  0.016234439
2026-08-17T04:26:20.186Z STAKES Stake account HJCUutQmEBAtaqpnJbfxwqhL9MevXnMdWTrYb2afdh3N is activated:  0.037480085
2026-08-17T04:26:20.186Z STAKES Stake account HJCbXhpN7BFsmAQQrLdz95jHzQcifGWc5pkCt7xNKgzw is activated:  0.120841124
2026-08-17T04:26:20.186Z STAKES Stake account HJhYdyyoAY2nz5pLjVCbbKPnhEZKoji6EFoYM8vbGR3t is activated:  0.060174191
2026-08-17T04:26:20.186Z STAKES Stake account HJjyZhmCDwYC6rziqKvMiP2VAGZuDUbnckXkR2vHFpVT is de-activated:  0.005790538
2026-08-17T04:26:20.186Z STAKES Stake account HJuTQrsQVMmG1SkMCZfCLJSJxLYCphCohqPxgmbavjGs is activated:  6.082815675
2026-08-17T04:26:20.186Z STAKES Stake account HKBUtGqyriuDw2M2MVt6ZVauyPp6jRUFJpCAJM6JYDwH is activated:  3.023937433
2026-08-17T04:26:20.186Z STAKES Stake account HKY8wTj9YkjggGogvB1ZD5HNuzUjDtTRQGPAZnZ4avDn is activated:  0.333662457
2026-08-17T04:26:20.186Z STAKES Stake account HL62DnpcAfofK6vhV59WoZn1preFmtPURHWUbRAnCu3u is activated:  0.002282881
2026-08-17T04:26:20.186Z STAKES Stake account HLdm5ansTE8SjBn2vTeQ1GhzdxoQZcAuTQQ2VSPNicbv is activated:  58.28532407
2026-08-17T04:26:20.186Z STAKES Stake account HLjrNMu8P5yHzBGHDk6tEeEkzoNSp4Lmxn1BAwnw2JMf is activated:  0.060174192
2026-08-17T04:26:20.186Z STAKES Stake account HLkEq6whpzRNmftADZukpift7AHAZC7d8nq41Z8tnvHk is activated:  0.006670816
2026-08-17T04:26:20.186Z STAKES Stake account HLqqpnYnjq3VmssehAP7z3TdtWTLYdRwoA8Kz95PoQ39 is activated:  0.143625541
2026-08-17T04:26:20.186Z STAKES Stake account HN4rLQW2JaXGw4ya5f7vyVe1PkAtcnciWFJxwipAq7d9 is activated:  0.011648945
2026-08-17T04:26:20.186Z STAKES Stake account HNDDkxte9mJ8DUECfxCUFvETZAVVwN5aZz1ERMoshgGF is activated:  0.36356729
2026-08-17T04:26:20.186Z STAKES Stake account HNUceeLdMzDCbXiKXTcadftXP69urYL8t6ppNpPZh9CS is activated:  0.011636137
2026-08-17T04:26:20.186Z STAKES Stake account HNVmaJKqRJWNMM93X5y9e5ygD78Z2VwaZHhEaRh46kt4 is activated:  0.065361658
2026-08-17T04:26:20.186Z STAKES Stake account HNZzweJv6tQLfzvLj8vBoF4gBJzUjpj5G394EbUiGY9n is activated:  0.144987595
2026-08-17T04:26:20.186Z STAKES Stake account HP6hKo44CZeZGhLkadZXDrf14hnWzhNLs8x4Bq5J14rY is activated:  1.206084959
2026-08-17T04:26:20.186Z STAKES Stake account HPMVFZ8vgrnfmNyRqwn5RHci3tZgQkU1kwUhTwV2GHki is activated:  0.023768008
2026-08-17T04:26:20.186Z STAKES Stake account HPQ895R1qqf4nzwwUvUJn8TBP389EQHnxgDDfFCyWgdd is de-activated:  0.10795323
2026-08-17T04:26:20.186Z STAKES Stake account HPird9M6hBUjFTLTCHQuL5puD6aCxEqC1Kh5GuNaeWnw is activated:  0.01164495
2026-08-17T04:26:20.186Z STAKES Stake account HPmFNruR2NCotW9aDwbfobAHRC1T3SPT2ZmQ5jbrMLp1 is de-activated:  0.010003361
2026-08-17T04:26:20.186Z STAKES Stake account HQ9jXRmfUu3pNUnj7FuZNUWyKQ1S3jQ3DrY1YsoGk7Zu is activated:  0.120733105
2026-08-17T04:26:20.186Z STAKES Stake account HQcmbTwGF27msyJgjqtBoSecKmzTUXxMsgiP6CMKm1xs is activated:  0.013812612
2026-08-17T04:26:20.186Z STAKES Stake account HQjnv3cGtqLkqJQLWsc1GbfsgCX2RbMY4DCyScuugSxW is de-activated:  0.006430706
2026-08-17T04:26:20.186Z STAKES Stake account HQmXmxjrs5nuxAgsVNqhs7DQXfgGyp4W5fjAprpmwHDr is activated:  1.147241527
2026-08-17T04:26:20.186Z STAKES Stake account HR5yhf78xSGQHRLQ4ktxEYoxi5UM86JdNc9y9Z6Z8FHT is de-activated:  0.002888337
2026-08-17T04:26:20.186Z STAKES Stake account HRWEFnpZLEjTvjVmrt4ZDXrfPgc2QN7fu8tk39B9sScE is de-activated:  0.101852335
2026-08-17T04:26:20.186Z STAKES Stake account HRWWattXpopecRSTt9ubgcMarKFKKXwApcWmBLeF5kfT is activated:  6.523371532
2026-08-17T04:26:20.186Z STAKES Stake account HRrKvDxa29PK42CXM7UcLqnGYbsRdCVH44fUZD5zgmn9 is activated:  314.835301992
2026-08-17T04:26:20.186Z STAKES Stake account HRuQeRHxGbxoHRjjMMykR6muMBjpexUvfU86JfJZotsW is activated:  0.310230369
2026-08-17T04:26:20.186Z STAKES Stake account HSHXoSNsmxncM9Fsdc497A65rLmQ8UL5fZy1wBnejuA8 is de-activated:  0.004964054
2026-08-17T04:26:20.187Z STAKES Stake account HSjLbvDcRgzCaodzEf3a8rkxhdopAz8PmGGK8p68PPwu is activated:  0.013506569
2026-08-17T04:26:20.187Z STAKES Stake account HSkyv4HRUH6RvvKh8yeuCekVtchFMtJXqprfLQkEU3p6 is activated:  0.242172488
2026-08-17T04:26:20.187Z STAKES Stake account HSqccLqDn1Y4q5wEkqX8vnskLqrTeYDb5rN9KHKcm9vN is activated:  0.120892018
2026-08-17T04:26:20.187Z STAKES Stake account HSs3Fh3aboXErSMnkhR6Sa4nLi1g2go93YnsoXf7MpHc is activated:  1.213061595
2026-08-17T04:26:20.187Z STAKES Stake account HSxDdGhPjn5Z23NuucPpEyQ37LEqSWmkc8QEwZBM11vn is activated:  0.033248947
2026-08-17T04:26:20.187Z STAKES Stake account HT2swb3EgWRMcJTZMrZormfkjzWGHFyzydtEYMEYq1j2 is activated:  0.003152508
2026-08-17T04:26:20.187Z STAKES Stake account HTFEU4MfthfAPNmGYKwoxgdpkUTcngkhL2h8M8AcqFK1 is activated:  0.048361797
2026-08-17T04:26:20.187Z STAKES Stake account HTTM3AU12XYvnC6kdPzBvLyV31qCNGKp7HvwMQd6JJvY is activated:  0.131883819
2026-08-17T04:26:20.187Z STAKES Stake account HTu7haUc9AAfGK9HRotazpgT4ymAdTxy1w6gpXZifjpK is activated:  0.01380302
2026-08-17T04:26:20.187Z STAKES Stake account HUC4pCc2jH96FtxPnAUkgbjDVXghmyD3jWfNHq7d8132 is activated:  0.002282881
2026-08-17T04:26:20.187Z STAKES Stake account HUPM34ZyBdv1ULJyBYk4pobh6Z578AQTqDnfiHbJaTym is activated:  0.060149313
2026-08-17T04:26:20.187Z STAKES Stake account HUXDi2HYQGRqURsG3FvVXmfqmJuNdMxrfnzXW7VnwfJu is activated:  0.120841123
2026-08-17T04:26:20.187Z STAKES Stake account HUeaM9oPhVNTs4DRWZ9vP6pbBMxctPKVNvYQchP63guU is activated:  1.503223854
2026-08-17T04:26:20.187Z STAKES Stake account HUn61dh8iKAGacQzwBc9u9wmDZYGxSjH2tXXaBQLBogE is activated:  0.120841123
2026-08-17T04:26:20.187Z STAKES Stake account HUvae7fmk9krNE3eWmV1hs3BYksxQcDboXsdU5CYDChu is activated:  0.013812938
2026-08-17T04:26:20.187Z STAKES Stake account HVGgFR89chcMXqu7qcBFNeCDjtLH1rsnZKc8YWbFD8oF is de-activated:  0.339374263
2026-08-17T04:26:20.187Z STAKES Stake account HVeEBDyWm3QA5fa9hXpZHZPxZf7Dkg3XJvWZUQrd5dFe is activated:  0.053862899
2026-08-17T04:26:20.187Z STAKES Stake account HVkCUZ4wsmbKzS1v91qxpscjizN3Mm4K9D6zKKRJiLPz is activated:  0.002282881
2026-08-17T04:26:20.187Z STAKES Stake account HVvMXLNScYi2vLa85PakjHZ6D28tmciYbfU4nTx3i131 is activated:  0.124703354
2026-08-17T04:26:20.187Z STAKES Stake account HVxBySiaR9fa9i8r3sX4UcrEYaDHAfFYiWfeBRZroEm5 is activated:  0.01164495
2026-08-17T04:26:20.187Z STAKES Stake account HW2oaRBBA5Ln1YwsTVAmCLoXA3uMua4MEieyQ5G8pZFC is activated:  0.002282881
2026-08-17T04:26:20.187Z STAKES Stake account HWHSd6Depd34xVUpJozRw9gdniB42n5mMCFhJ3b58LRX is activated:  1.240050516
2026-08-17T04:26:20.187Z STAKES Stake account HWQA9s65zfyzw1nrbqjwPMDSicJHrTMqPEU5goQCfnUw is activated:  0.608883991
2026-08-17T04:26:20.187Z STAKES Stake account HWuCTgoEEBHmLL8Tt2hGkY21a9Mda1TmHrHZ81VT2cyZ is activated:  2.429070619
2026-08-17T04:26:20.187Z STAKES Stake account HX9CRCRJ5Ni69QYgzuojsyi6JC5GQDweYRuHvmLYSWif is activated:  0.014775156
2026-08-17T04:26:20.187Z STAKES Stake account HXbkC8Cf3jKEaRWLnwSZj8WPXWjVg3jjh8nVVYvxrdgA is activated:  2.666977845
2026-08-17T04:26:20.187Z STAKES Stake account HY59wsUqiofdRLpnLupJQ3Zv2azWYdxQhNZjLvuxrsg7 is activated:  0.002282881
2026-08-17T04:26:20.187Z STAKES Stake account HY77TuS4HV3XRpu2nVgyZwnFvGW9zgUsMKaZxkn19FQL is activated:  0.106681734
2026-08-17T04:26:20.187Z STAKES Stake account HYKDzy6CRZRySuVsyTSnaevWJGz173omBMg6BdzB5qLa is de-activated:  0.155256459
2026-08-17T04:26:20.187Z STAKES Stake account HYgZmrVYeBWkK3xZKMXkfKVf8b4AFANGSMnzqt3y7EMT is activated:  0.123594275
2026-08-17T04:26:20.187Z STAKES Stake account HYsbXnJFSL9YXJF92X5WL9op6S7Axyf1FZN92z28a7ys is activated:  0.002282881
2026-08-17T04:26:20.187Z STAKES Stake account HZ3Veim4Gdbyvx4gwHYGwMZSayRSLjTssNZLi6VtYwJB is activated:  0.01164495
2026-08-17T04:26:20.187Z STAKES Stake account HZPDFE6E5KBgijxuKMcmnydubpry3GMUAodrSfNroWCi is activated:  0.023777247
2026-08-17T04:26:20.187Z STAKES Stake account HZbi5zu6M7r6jnqQ8BUD8CEmoNiwQsut9CNFiuhKAWV1 is activated:  0.120828211
2026-08-17T04:26:20.187Z STAKES Stake account HZhbaoBi1LwBbN358znEmNAmvZEVarWJYEoXgqACqu58 is activated:  0.002282881
2026-08-17T04:26:20.187Z STAKES Stake account HZvF4UnyJsSFvjSTZDt77EqWkuLLnoYj25s41DNHVfXG is activated:  0.242198614
2026-08-17T04:26:20.187Z STAKES Stake account Ha7rNVZzptiidFj7gGysGjKKNCJboiKEjWnBLiQn7vGw is activated:  0.606673487
2026-08-17T04:26:20.187Z STAKES Stake account HaWztWeEtRqzyaRgcLq2DhQpz54E1eT4UTWjuTPsrxPq is de-activated:  0.008816616
2026-08-17T04:26:20.187Z STAKES Stake account HauzmRAkdVeh6ydJuxyPGUzL4hBpHhTTLrDGW761Xksf is de-activated:  0.305676783
2026-08-17T04:26:20.187Z STAKES Stake account HazRKwrqQhF8GPt9eEfnGk8NkKLVqaVce4zYRBPS59ek is activated:  0.120790157
2026-08-17T04:26:20.187Z STAKES Stake account Hb5XYiNVq9uoPuLBqTgdc4XegAqquPrtkJeUqo3PVzGu is activated:  0.002282881
2026-08-17T04:26:20.187Z STAKES Stake account HbQJspqDd4iWsQDKKALRHY2TitQqRwSvTVMNuyqaHd8y is activated:  0.120883113
2026-08-17T04:26:20.187Z STAKES Stake account HbUX5q2TLiWgjn6zMps7RhLsoR7tGLL3ogNCQ9kRMR97 is de-activated:  0.465807605
2026-08-17T04:26:20.187Z STAKES Stake account HbZa9787Z17AFsWi8X4D4crUJGD1dfZwsBxTmUM98yMQ is activated:  0.053153143
2026-08-17T04:26:20.187Z STAKES Stake account Hbp7uUcEYKwLhBYF7wcfusADbDbtPjfXiNDo9T5pKWjq is activated:  22.990172027
2026-08-17T04:26:20.187Z STAKES Stake account HbqZfdgCZXzEQMGPcE4LZGeoknxGN9BVm6Gs6jmeGBSx is activated:  0.241973196
2026-08-17T04:26:20.187Z STAKES Stake account HbtiSUjacjY9GDax52HPWzb7kCP1vjgSJFosyreTw72v is de-activated:  0.00228288
2026-08-17T04:26:20.187Z STAKES Stake account Hc4Z57Azt2BFrGRccEnh2tmrFftYZn6VKbXhpCXmsCDB is de-activated:  0.011458141
2026-08-17T04:26:20.187Z STAKES Stake account Hcks6iEpzWLEauhfarQWbR8tcwDnBiu3MAiJCX4vL2FY is activated:  0.133099152
2026-08-17T04:26:20.187Z STAKES Stake account Hd2wfTEg4zxVwFAWk2we7YVkLSrHzbVVHwt4n3K5ToWf is activated:  0.006304866
2026-08-17T04:26:20.187Z STAKES Stake account HdZmdu6kN4sNSmZZqYscLVmvvVjiuXYEMMJ1fMLbLu79 is activated:  0.003496068
2026-08-17T04:26:20.187Z STAKES Stake account HdZowNDvDtsbtmqbgvpoXWkVLcWPJRyM3sUBiLQAENKz is activated:  0.021602907
2026-08-17T04:26:20.187Z STAKES Stake account HdyZzp8Xzm4T67C7r4MpsURKiFPfALrQcUxWJrUKp8Qb is activated:  0.011471717
2026-08-17T04:26:20.187Z STAKES Stake account He3WLRHe9aUq35DFcECxcWg7sbTXgz98WocXpe7UB11y is activated:  11.977128861
2026-08-17T04:26:20.187Z STAKES Stake account HeiaUcDhXoC5hmWrYxXvvn1xapAqpBJ6fue2Kznh1Jay is activated:  0.002282881
2026-08-17T04:26:20.187Z STAKES Stake account HeurpJANmGpnUcqJysKGh66Y1r7LqdC7qB3PTQuDBcSZ is de-activated:  0.100042572
2026-08-17T04:26:20.187Z STAKES Stake account HfWokFXMCPUmb9pFhHdpEvgi6uY2nk5bxaVANFuufHco is de-activated:  1.123760706
2026-08-17T04:26:20.187Z STAKES Stake account HfqVbA4d19LZ2E33dNbRK5zJgRfnGGFYX9o6NZHTfxd9 is de-activated:  0.122010963
2026-08-17T04:26:20.187Z STAKES Stake account Hg3DzoNUmfUmTH1AmbvbQaRS2tSvub4mEoPHuy9TnZBL is activated:  2.11382887
2026-08-17T04:26:20.187Z STAKES Stake account Hg5jrLaiNLEYgqSURFdtGWEpSvzviF1r26q6GwGdcCbd is activated:  0.091416457
2026-08-17T04:26:20.191Z STAKES Stake account Hg6wmB19iYLB14rXbkfjeLfRWNSCpMqSuxFkwopV2pP6 is de-activated:  0.110422293
2026-08-17T04:26:20.191Z STAKES Stake account HgKqQL9gqYSLzP44VBrAnDJZeFG3vktPj6n9dGSg4bp3 is activated:  0.302218896
2026-08-17T04:26:20.191Z STAKES Stake account HgSJtQuCi8GqWKviGVoymbNUsvWpYvWciPV9RZiNjMq7 is activated:  2.425818589
2026-08-17T04:26:20.191Z STAKES Stake account HgSk2yxAsdFEsjB3hQUhiAgkPAq2fZcTbawpHW4DNoPf is activated:  0.120828211
2026-08-17T04:26:20.191Z STAKES Stake account HghX5wTVx2MBYn5pwe3ZyBVm2BuAPcy5FqETRaRkjHAP is activated:  0.002282881
2026-08-17T04:26:20.191Z STAKES Stake account Hh84suQx9MJzg41Da6aP3p1kozU1KPzFwM98WyE2oDJc is activated:  0.24219183
2026-08-17T04:26:20.191Z STAKES Stake account HhSqF7jwYnPGDzRGN39hKi16DzoP1aKisomE6RFF3qXR is activated:  0.120841123
2026-08-17T04:26:20.191Z STAKES Stake account HhwzP6RbjpmjqPF8zMGUMKq5NkU6ywtJHVfSd8USFz14 is activated:  0.002282881
2026-08-17T04:26:20.191Z STAKES Stake account Hij497sa2q4yEtk82FstNcoZkuK7cggEpVzFJvE47MaE is activated:  0.004102133
2026-08-17T04:26:20.191Z STAKES Stake account HixDTQbuvUFzTMq2upmJhmdHs5Epp27VTkD488eErG91 is activated:  0.003495539
2026-08-17T04:26:20.191Z STAKES Stake account Hj1n3A1yTTSYeMrbL4HYxSr8uj6gDxZTXf7d3qHnKwAU is activated:  36.47826295
2026-08-17T04:26:20.191Z STAKES Stake account HjBpDkCWJ4kc6nud213BX9JVtMReG7B5vVn557iopU8g is activated:  0.030793214
2026-08-17T04:26:20.191Z STAKES Stake account HjPdGWbVxd5pemHmkAGY1X2spyKBYvCHsxJ6CAWdCbCB is activated:  0.01164495
2026-08-17T04:26:20.191Z STAKES Stake account HjTj3YS4x7wXtum8k7dZRE2L6YPwhYPWNZbkKrt34esc is activated:  0.181442064
2026-08-17T04:26:20.191Z STAKES Stake account HjcZFCNiUjEeHVdKyKo7L71kg5zNSDeYpDTemJxk4iFj is activated:  0.120790158
2026-08-17T04:26:20.191Z STAKES Stake account HjfxotszV2t9KXcLKA8asPm9NqtxxiRWxeoNKerJ3pk1 is activated:  1.823272048
2026-08-17T04:26:20.191Z STAKES Stake account Hjg6dXFzCd8yaZ14yVQZ89WdDHaULjPV8bi5dZ6xbRwH is activated:  1.214785033
2026-08-17T04:26:20.191Z STAKES Stake account HkHmCvSaXrNAMFuVTrpxg3BJXiVP9JUyEeSXQj5JYiFi is activated:  0.002862207
2026-08-17T04:26:20.191Z STAKES Stake account HkSSshdiow8MRc4s5aEV9nHFsAM1YMP5PBgUquGY7NvU is activated:  0.606442306
2026-08-17T04:26:20.191Z STAKES Stake account HkYMR4gHESQT6VUGfxKwqmBe8v4XDvVxaRZMUwd97Z4S is activated:  0.011632354
2026-08-17T04:26:20.191Z STAKES Stake account HkhvNQybWzWeY23Y7dRT995atXVkRtGZwv8jvJceFy4v is activated:  0.169800507
2026-08-17T04:26:20.191Z STAKES Stake account HmKRcFi2bH38XQ9JmjCR9xcHhU9HntGLV6DQWkqb1LZ1 is activated:  0.208472684
2026-08-17T04:26:20.191Z STAKES Stake account HmMKK5CprTv6xfuKXmR1aqWDwA8QwVtRfEKobSmMxRaB is activated:  0.363704734
2026-08-17T04:26:20.191Z STAKES Stake account HmUsYRmDUSSapHwjzUUqLgkPChd5UkPbmk8RkQwpjsMG is activated:  1.214193508
2026-08-17T04:26:20.191Z STAKES Stake account HmzVN7on3V9WQQ6h6Qc7oTBz9bxn2US9dHFiWhXPRALH is activated:  0.008551112
2026-08-17T04:26:20.191Z STAKES Stake account Hn9Aoy9FHxou6o3kN9dJ6VaZL8P6ZDJ19MPzBRsQnjL1 is de-activated:  0.101180496
2026-08-17T04:26:20.191Z STAKES Stake account HnZdt2bhLbcTCwp53xEQ59n5G7QxZgg7gW2Pwypa2d19 is activated:  0.120841124
2026-08-17T04:26:20.191Z STAKES Stake account Hncv49bo6HBjC56FS98GuAFg9fDExonuPfr6uENp8Ai1 is activated:  0.003545207
2026-08-17T04:26:20.191Z STAKES Stake account HnfFrYcdJTpxqoWyHcqQAbJyMeDooHsKzk5rQAgv4nJB is activated:  2.427764944
2026-08-17T04:26:20.191Z STAKES Stake account HnyrtSGnWxbw1W9TPukRSq7AVLjx8bYY91AnZjpJo2Sn is activated:  0.002282881
2026-08-17T04:26:20.191Z STAKES Stake account Ho6pPaN3oVLB7wHvnu56LTWoBzeYAhmS1CX9hVd1TK5h is activated:  0.120953287
2026-08-17T04:26:20.191Z STAKES Stake account HoFsqLNKaRNTdwKqCG3PBoYNwmbxw9ZmFvCh84n7E4Qh is activated:  0.164927166
2026-08-17T04:26:20.191Z STAKES Stake account HoNRoiB6jUK6gufP4EoVdqKuL9DbqdR4zrTYbYaVvYjB is activated:  1.212569457
2026-08-17T04:26:20.191Z STAKES Stake account HoQEWwokg2MUnEYs1KJuc2nX2LUMsXdZShAG6x5TQncM is activated:  0.120892017
2026-08-17T04:26:20.191Z STAKES Stake account HoZhbmp5LkXXcAjmN24VQJBettBRuVTgGGrMMdfhsaHc is activated:  0.002282881
2026-08-17T04:26:20.191Z STAKES Stake account HoubDMc5YixJBkuok9jREtSyqngDMVxaUJJsS2zFJoed is activated:  0.413910484
2026-08-17T04:26:20.191Z STAKES Stake account HpMJCDKDVW8zRpeyEFFVEsWTCW6pvbhrXb9VExR5Ly4N is activated:  1.213152444
2026-08-17T04:26:20.191Z STAKES Stake account HpSYPZqudWg5S2bc84bXmiPbEmPrBKSfC8VEotw3iSEB is activated:  1.212569457
2026-08-17T04:26:20.192Z STAKES Stake account Hpq72CX4ExzomS4c9J9dHENyiJoosdddk5b2kH6iU5fX is activated:  0.011648681
2026-08-17T04:26:20.192Z STAKES Stake account Hq5WJ3x14x2moT8fEG6mHzgpBCpxhmF5nBuBykz3jSsD is activated:  0.120790157
2026-08-17T04:26:20.192Z STAKES Stake account HqBUffn298pMvrv8VJ1vjvidRGhLQfotc73Xwg9dzQeV is activated:  0.606965131
2026-08-17T04:26:20.192Z STAKES Stake account HqZ6Rs8d8CkeR6j42SsAFnRoseSH4pcXtKJi4FFLp1tp is activated:  6.065406662
2026-08-17T04:26:20.192Z STAKES Stake account Hr8zBDSLoEcBgUjGqhWK9oaiuVFsZ4YTjQwSekuMpbGr is de-activated:  0.928520885
2026-08-17T04:26:20.192Z STAKES Stake account HrMGcCL8PFkRj3k5VEmhCxGnJkU7AxCUedTghT9HabcL is activated:  0.010001805
2026-08-17T04:26:20.192Z STAKES Stake account Hrg96ZQvasANnZChWM3Q2hcekVQukkpDWtausiu4bEwh is activated:  0.568560207
2026-08-17T04:26:20.192Z STAKES Stake account Hrv4kp3QPPHBLzCRS4TbrSsXxGwZnV3LgKQHfdAKxDSL is activated:  0.002282881
2026-08-17T04:26:20.192Z STAKES Stake account Hs8CxMkYNBHYcAgxPCPLJEVDA16JQLDv7TVSbPEC7kVH is activated:  1.243694566
2026-08-17T04:26:20.192Z STAKES Stake account HsAqhusaD55iFpPM3KdXy2GLNKip6ytho8ruybLa6PGb is activated:  1.212569457
2026-08-17T04:26:20.192Z STAKES Stake account HsUGbwi4XaS7JE2dAt3HKAPtwhqtfkPc6g1mLgq3wafQ is activated:  1.209502595
2026-08-17T04:26:20.192Z STAKES Stake account HsXJrWz8qXcHCobevhXwE5SENdrLgds7URPNKXmgp7Zv is activated:  5.7895097
2026-08-17T04:26:20.192Z STAKES Stake account HsXvmVppuaVQUEXdqsPNhbywBpnNaQL16wwB2ciy7pYT is activated:  0.075060732
2026-08-17T04:26:20.192Z STAKES Stake account HsfsT3H511RC6njbNvoPVJDAtrSvcA2hvg5wG3csEDm8 is activated:  0.120892018
2026-08-17T04:26:20.192Z STAKES Stake account HtCnkFiz5m96HeLshdiR6yjZaXAbakszrbYpUHRqYtuv is activated:  1.811573808
2026-08-17T04:26:20.192Z STAKES Stake account Hti1iktVazUB45oAQkivBjYEWYQSWh3rZAQh2kNmzUkt is activated:  0.120733104
2026-08-17T04:26:20.192Z STAKES Stake account HtjLfT2VsCGd4wrNWdeN8xd9D8pSfPyGh4MoJ19pdi4M is activated:  0.011652765
2026-08-17T04:26:20.192Z STAKES Stake account HtwNkpjht8Z8wzxNwEgvh8FqcRovwRgDUK9oTW9e7p1t is activated:  0.363549595
2026-08-17T04:26:20.192Z STAKES Stake account HuKspyQGe5kmA9aQEGr1GTNoVMKoEEzo9duuSw8Ydcke is activated:  0.120733105
2026-08-17T04:26:20.192Z STAKES Stake account HuU61QGh7VoLDALKwkm8S6qr6mk7N8KpD1ZTTZzSLGd3 is activated:  1.190389124
2026-08-17T04:26:20.192Z STAKES Stake account Hug2ZJCY2fRU4pZBzG8xn4h5NzPpeNZhTNr1Ye6kk1qv is activated:  1.213673278
2026-08-17T04:26:20.192Z STAKES Stake account HvDRoLNuvoqTAyxgfAZi1Bjk9UEpWZfRuQ74ZCLexsps is activated:  0.002282881
2026-08-17T04:26:20.192Z STAKES Stake account HvGVQGA4vpbogx3PDBZg3Dtke2sQTMXvzBxeTYfC5Fpr is activated:  0.011640635
2026-08-17T04:26:20.192Z STAKES Stake account Hw4Lf7wQ7FHgtRxjbVuihZ4PY9LtB9tVwgQrhU7BUo31 is activated:  0.002282881
2026-08-17T04:26:20.192Z STAKES Stake account HwBkBAnqsESXBpL1c4TYU8xJBk7muXXVzs6fZa3zQ3yG is activated:  0.023757055
2026-08-17T04:26:20.192Z STAKES Stake account HwNH9GvghWN13L6BWy9Z6xy2MpJwSS7WM2UDP2zWUZhn is activated:  0.002888897
2026-08-17T04:26:20.192Z STAKES Stake account HwcgU3Lkqrx2WvUCX4wuwPwC1PmmF7aASoZkppnHC6Wf is activated:  0.36354017
2026-08-17T04:26:20.192Z STAKES Stake account HwtwgkYZ5p14EirNrK165Cxt2DPhXXn5iV1vE5qonSaN is activated:  1.192513203
2026-08-17T04:26:20.192Z STAKES Stake account Hx5qCad4zkSDG7NijTo8aEUkrrWLjDQp9fYpifX7ujfR is activated:  1.281418093
2026-08-17T04:26:20.192Z STAKES Stake account HxANgtfuSg92w1WkcUnN22vJ8SqFoxV5eRgZmypxPGUg is activated:  0.131371932
2026-08-17T04:26:20.192Z STAKES Stake account HxCk8ge5eBB7br5r6p2jC72XJeApimqiBi8CrcqbGVFj is activated:  1.190611108
2026-08-17T04:26:20.192Z STAKES Stake account HxF9kHavvxarQYncJcdcQr9oLSZJigkAT89goTGV44ay is activated:  0.002888621
2026-08-17T04:26:20.192Z STAKES Stake account HxKkAiXVgr73Q4SVTQXttjMWdNxpxWpjmsZnUFSfPsPn is activated:  0.023757662
2026-08-17T04:26:20.192Z STAKES Stake account HxQ6zUdriKGvu8KMU9AfBmgE6jHYLXRQKRVF6MJ2w5VF is de-activated:  1.010255298
2026-08-17T04:26:20.192Z STAKES Stake account Hy43gXjHGDMB8zEiBbheopDkHYFpFPaCAJ9uFjSzuA1F is activated:  0.009516846
2026-08-17T04:26:20.192Z STAKES Stake account Hy6DYEKJHrZFzLS371UHMUJerLmBe9j96kdxWUgt1PZU is activated:  0.607013862
2026-08-17T04:26:20.192Z STAKES Stake account HyKjY2W7aY12kNfNbKDHWPB52tFSZUq4cV4qUTv7Urba is activated:  0.018281426
2026-08-17T04:26:20.192Z STAKES Stake account HyUMRaA6V6Wk9kHbWf7kpyxUUWaP2YZxLrb1XKe7ovoN is activated:  0.009564039
2026-08-17T04:26:20.192Z STAKES Stake account HytsQLYmfjEq4zYebWt2jDiZYNk3i32F4tfdW3WhaJUe is activated:  0.023766395
2026-08-17T04:26:20.192Z STAKES Stake account HzAWxSbmqLYaJhTai2NoQQtGBnHzvSoLte46SLarfboP is activated:  4.614889506
2026-08-17T04:26:20.192Z STAKES Stake account HzPaZRLvizvPXsnRX4Yw39zPxYR9Z3Z9fwRkzfFj9sRN is activated:  0.002282881
2026-08-17T04:26:20.192Z STAKES Stake account HzRFcLG4Rj6ESRVXMzjprex6C2wGhuoFwDTAw3iwSwu3 is de-activated:  1.001790832
2026-08-17T04:26:20.192Z STAKES Stake account HzaD7316Ru9znsN6SHsyLFAbVANgv7YSKfuv1hweG4Fj is activated:  0.242283621
2026-08-17T04:26:20.192Z STAKES Stake account HzeqGnnzMUpX8sEBFFgvA2gEcw49WUcLyeQmszmbLV6Z is activated:  0.060174192
2026-08-17T04:26:20.192Z STAKES Stake account HzgA6mJnyzZTyAWgJHUwvtZNHYSbGgnnhaq6FwMrMdoc is activated:  0.004102903
2026-08-17T04:26:20.192Z STAKES Stake account HzoYXuSKMp87YnmKTM4eR2uLwyXbmL8UZY585muJ6MuM is activated:  0.002282881
2026-08-17T04:26:20.192Z STAKES Stake account J17ZGwKue8mAJM2jorcN9gEbFbcFz82z3GuGQSz6gpqd is activated:  1.529133867
2026-08-17T04:26:20.192Z STAKES Stake account J1CkidFN33MqEfvizs9dL7f32JTJ5DAVbUaK7z3MhR39 is de-activated:  0.051000918
2026-08-17T04:26:20.192Z STAKES Stake account J1Km3Aq1CMvyndJuMP2k4FKtkQ1prvmtfDxPi4rLY9ac is activated:  0.04110568
2026-08-17T04:26:20.192Z STAKES Stake account J1QTPAmiYmsfU3z1uPicdcayqbjQTbA7zHfUKnKkUXLY is activated:  0.018039918
2026-08-17T04:26:20.192Z STAKES Stake account J1rS52pGgHjfYfbUAfK2iRmtowjLLc1wDPvEmAqq4ufe is activated:  0.022916079
2026-08-17T04:26:20.192Z STAKES Stake account J2VGWUDobVE186XqrgeDdy4NZ4qzv3Y4nF7pt7owzX8t is activated:  0.002282881
2026-08-17T04:26:20.192Z STAKES Stake account J2zJfGWTiENZpaS5EXqC6tiw4CFWm2zWL9WFB2j9UWc1 is activated:  0.263641283
2026-08-17T04:26:20.192Z STAKES Stake account J33J1PDc6aB8HTkZ9rrbCPFkPtuNZnMUhiZAoPns2pcV is activated:  0.002282881
2026-08-17T04:26:20.192Z STAKES Stake account J3HwRpKhn5iYJUApn2pFoJ5XQvSuysJ4h5fdUdUpf8Gk is de-activated:  0.111521472
2026-08-17T04:26:20.192Z STAKES Stake account J3WtbZPAYm6MyLbgazQnfx86SxvX8tgvXeLgdiZPthSz is activated:  0.119743097
2026-08-17T04:26:20.192Z STAKES Stake account J3vubvohpWYSNr4qB9V7QjjDeMTVBK6Yg9aX8hjJSGTH is activated:  0.293044844
2026-08-17T04:26:20.192Z STAKES Stake account J3x3TaJLTH43YKqpzAhGKXrkmoDw3Hwn3o7N7WAxMo1f is activated:  0.004099693
2026-08-17T04:26:20.192Z STAKES Stake account J3xtwGsP4Y6rD3HH4FfpfndZ7f12kqU6YTTFfTTJmsDD is activated:  0.002282881
2026-08-17T04:26:20.192Z STAKES Stake account J3zWCphaWJRva8x9sEQyNuV4t8J31ATrZc9k295RQwuw is activated:  0.153331517
2026-08-17T04:26:20.192Z STAKES Stake account J4FaaUJfzYkaVbhr6k7c5MbsVRHhf4UGQbk4Y6GrwXzh is de-activated:  0.00228288
2026-08-17T04:26:20.192Z STAKES Stake account J4MYsn7HE19SmbRanxyCMDG2S6mgca1EYGn2c28c29nw is activated:  0.002455372
2026-08-17T04:26:20.192Z STAKES Stake account J4ShqFQKycbasjKbWvhBxDvyAu26ex29n3g5iYvbULiY is de-activated:  0.002282881
2026-08-17T04:26:20.192Z STAKES Stake account J4kixP8N2q1QutYydERV7dB6vr7kdVtJjJZJ2Zin5syT is activated:  0.002282881
2026-08-17T04:26:20.192Z STAKES Stake account J4zQNeFrZc2Ju3FSegGy5ixxm4Hz3TqRyoTDivRaU5Dw is de-activated:  0.450540344
2026-08-17T04:26:20.192Z STAKES Stake account J5e5AGQ1yr4KveDi1RSuyefeJ5tnQ3QBcX5Aciw95mFQ is activated:  0.060228944
2026-08-17T04:26:20.192Z STAKES Stake account J5yH4HigYwtjymktYCukTnAsyF6HmJNxGD5PbF9HCqxu is activated:  0.084175409
2026-08-17T04:26:20.192Z STAKES Stake account J5zgnXLYd1twUhNKnExp2gZD4Z5jCacGU5xG9mopHYSk is activated:  63.737604702
2026-08-17T04:26:20.192Z STAKES Stake account J61gaScxgKmSqAJoMC3foLfgZ8K7SdVFMKxzBkCQnrt7 is activated:  0.072336577
2026-08-17T04:26:20.192Z STAKES Stake account J6KMYp9E5B6MzdpTy4rUb2ks4hEnZmj6qHxt1dyoSTUt is activated:  0.023757662
2026-08-17T04:26:20.192Z STAKES Stake account J6NRWqjHbFKBiyQSKEnUJSogoGBKwMpV12bpgQAiBL1A is activated:  0.011648945
2026-08-17T04:26:20.192Z STAKES Stake account J6o3yqBhAom2qoy2HCeHV2AAuSCJAgEnJpQFLzEma8bS is activated:  1.212569456
2026-08-17T04:26:20.192Z STAKES Stake account J6ucXQfWG3m8VDaK9WKHBDA6xmLbPSDyM3pBNVPkvWGP is activated:  0.014414263
2026-08-17T04:26:20.192Z STAKES Stake account J6wtqeRmqvhjcr6pCwqNnXpDkJGJ3Sw4RF9LAYjiQiDu is activated:  0.087851838
2026-08-17T04:26:20.192Z STAKES Stake account J77H7J2WRZXtcXJtoDds9gCX4HT78oBrJRqsHYvD9FoB is activated:  0.401528718
2026-08-17T04:26:20.192Z STAKES Stake account J7WdFecrNYAvAMUzjtTxGLr3WZxxrmFeXDzyAekNSyjG is de-activated:  0.012573191
2026-08-17T04:26:20.192Z STAKES Stake account J7cwrV4pk9ueKCiB4mxyjG8gDqgMYEDG4PVTcwCmf8ir is activated:  0.011640899
2026-08-17T04:26:20.192Z STAKES Stake account J7sxvuLa6XUqLevRSgx6egP24HN1uRAZtNnWWbZNp7dZ is activated:  0.042960894
2026-08-17T04:26:20.192Z STAKES Stake account J8TLHrP15UnnSWk3wVfoNsjwdxAqV1pEsjAYbSwsuZmJ is activated:  0.302886966
2026-08-17T04:26:20.192Z STAKES Stake account J97Du8aEpMVHdxD5my75RZXNFqAoZheJ3fbWtdTce5Nn is activated:  0.006528601
2026-08-17T04:26:20.193Z STAKES Stake account J9bfXugmoqUjRbV9NdTuhLEo39bYp9Dj1bsivVqRTzKi is activated:  0.014426081
2026-08-17T04:26:20.193Z STAKES Stake account JA5Dg3chthYEh5wqukC7JrMKHMZbBGHsCuDAENmvmxej is activated:  0.003143433
2026-08-17T04:26:20.193Z STAKES Stake account JALMytiYDwASWTnhkBABrbMSNqh7tC7m6zGVkKXy63Py is activated:  420.246763234
2026-08-17T04:26:20.193Z STAKES Stake account JAj3W9DvzwTxSKbCj7F2356RN1DNQNcNJBkMrPLJChqG is activated:  0.120775456
2026-08-17T04:26:20.193Z STAKES Stake account JAxoZCRzGq6GLgGob1QDf2xZ1dbqz5smTdtFEE5hxLt5 is activated:  0.120733103
2026-08-17T04:26:20.193Z STAKES Stake account JBqr87mG4roVFwbbSAxGzB3EcpcSCKswixJNs5zKNv4c is activated:  0.002282881
2026-08-17T04:26:20.193Z STAKES Stake account JByMGrtx31G6DkMuYs4C8PGNRugcscqgfipCwHLnnEQY is activated:  0.191569412
2026-08-17T04:26:20.193Z STAKES Stake account JByfUhneTCxDYFSVFdo7FR5YSVxZyHS3zb1jMTTuecBQ is activated:  0.129235394
2026-08-17T04:26:20.193Z STAKES Stake account JC1bq9J879kYst9SuXnJW5kM5Jw8wjpuqzf3615agGnh is activated:  1.212569456
2026-08-17T04:26:20.193Z STAKES Stake account JC5GcUTiw69J7iRgQMzaB1SB8m8pxbZGuANPWqdfuT29 is activated:  0.021685647
2026-08-17T04:26:20.193Z STAKES Stake account JC6PpLk1Srsfzc4HCV34nXZK5MEENHGaRQ9Zgj96uZX5 is activated:  0.015615673
2026-08-17T04:26:20.193Z STAKES Stake account JCJ6qFM91rNSXJvNxrtDF7HskmJqwRmck7Qszsw9wjz5 is activated:  1.214759947
2026-08-17T04:26:20.193Z STAKES Stake account JCrrjHC29e94cVUD7nJ27WSv6kJq4PwqSqY8Df6Vxr9C is activated:  0.0237454
2026-08-17T04:26:20.193Z STAKES Stake account JCttJ8va6nAFvg4MaNGMUhgmFTnE4ZqkuzKXatWK1NTq is activated:  0.520241046
2026-08-17T04:26:20.193Z STAKES Stake account JDVbam6G41yy2XdeyF1TWqCAagymJJuSQDFVwivywMkA is activated:  0.002282881
2026-08-17T04:26:20.193Z STAKES Stake account JDjQpYvkSCDCvswwZY7ZWjxJhXQ2HskhnGzB8LQjqy3V is activated:  0.002282881
2026-08-17T04:26:20.193Z STAKES Stake account JE62MuLNE59C4e39fa8hUQyeCdyr5veSkAbqrtMJR8ZA is activated:  0.002282881
2026-08-17T04:26:20.193Z STAKES Found:  1487  accounts that can be de-activated delinquent validator J1to3PQfXidUUhprQWgdKkQAMWPJAEqSJ7amkBDE9qhF
2026-08-17T04:26:20.248Z DEACTIVATE Blockhash: GHvfC5e6xD8v6kTNv2jPoY13LPA36pjCAeaSd8BjrYRB
2026-08-17T04:26:20.334Z DEACTIVATE Sent tx: 4unSwbMnNzqrCEwyXeWxYraAk5ShdxNQVhT8vWM6enP2fR6deRZU8BBLtfix9LWMwSyS2wrkQZEsBmRyJXDiAzj3 https://explorer.solana.com/tx/4unSwbMnNzqrCEwyXeWxYraAk5ShdxNQVhT8vWM6enP2fR6deRZU8BBLtfix9LWMwSyS2wrkQZEsBmRyJXDiAzj3
2026-08-17T04:26:20.514Z DEACTIVATE Sent tx: 318JKSFJSRw9gLWeDTRoVpkpu3r3S9CEZriKYynSGnVL9g71Deq3bAhMReJiGVUhXTz9TdZbK8K5WRQbz9pzXnW8 https://explorer.solana.com/tx/318JKSFJSRw9gLWeDTRoVpkpu3r3S9CEZriKYynSGnVL9g71Deq3bAhMReJiGVUhXTz9TdZbK8K5WRQbz9pzXnW8
2026-08-17T04:26:20.770Z DEACTIVATE Sent tx: 4i6SbyaEk1oxA48Dzb8RuK2o6zntuF3YPPzEr7mGxinH59ro1zAm9AeWF7fcGGNbk3PP6asricjwKDN2pMP7UMZc https://explorer.solana.com/tx/4i6SbyaEk1oxA48Dzb8RuK2o6zntuF3YPPzEr7mGxinH59ro1zAm9AeWF7fcGGNbk3PP6asricjwKDN2pMP7UMZc
2026-08-17T04:26:20.945Z DEACTIVATE Sent tx: 63a85apEXp8JFVT3Pvzw9Xm793iT33uCn8wKopfLPYNmxg2RdkjVMs5wowWWQCa5QDz4P14yyE92gzPZkLDxLx5x https://explorer.solana.com/tx/63a85apEXp8JFVT3Pvzw9Xm793iT33uCn8wKopfLPYNmxg2RdkjVMs5wowWWQCa5QDz4P14yyE92gzPZkLDxLx5x
2026-08-17T04:26:21.121Z DEACTIVATE Sent tx: 3nFtaU4Tu2fAxCvJDDjqmMYU1EDtXn9BAihydyCGwv3Dwkb9rxNCCpHYGPcvXHT69BSbRNa4DqZEfo2K8sPCsKZ8 https://explorer.solana.com/tx/3nFtaU4Tu2fAxCvJDDjqmMYU1EDtXn9BAihydyCGwv3Dwkb9rxNCCpHYGPcvXHT69BSbRNa4DqZEfo2K8sPCsKZ8
2026-08-17T04:26:21.297Z DEACTIVATE Sent tx: 4EcLSLz5hh8PmUB7viofboBQXikN2hcVZ91FtU928jEFDAVGUf3suSV4S4keQRem18tt1nmrWhwwy2T2pqu3jQU2 https://explorer.solana.com/tx/4EcLSLz5hh8PmUB7viofboBQXikN2hcVZ91FtU928jEFDAVGUf3suSV4S4keQRem18tt1nmrWhwwy2T2pqu3jQU2
2026-08-17T04:26:21.482Z DEACTIVATE Sent tx: 2aWixSituAgk3WT9hSaEgLtzK6G1MYhQ17JYNYrTc5ZSqfjP694yUYk1DEaxYdPzLaosSWe8HdLkxUsX71CCAzvA https://explorer.solana.com/tx/2aWixSituAgk3WT9hSaEgLtzK6G1MYhQ17JYNYrTc5ZSqfjP694yUYk1DEaxYdPzLaosSWe8HdLkxUsX71CCAzvA
2026-08-17T04:26:21.658Z DEACTIVATE Sent tx: 3VSUXsNrvNYob7QAiJ3RrWbbCsUcUqLUTEvcg1PdkiKQpVzgjhX7dn47QjMfoWrCwcXpGHskAmdfkmyywM78Q12C https://explorer.solana.com/tx/3VSUXsNrvNYob7QAiJ3RrWbbCsUcUqLUTEvcg1PdkiKQpVzgjhX7dn47QjMfoWrCwcXpGHskAmdfkmyywM78Q12C
2026-08-17T04:26:21.834Z DEACTIVATE Sent tx: 5GHEExQsVBSJopEL8Qx3guy1fEgLa9K2aop5Qrk1B3s1MADyExmGmASGKAcgqtNUgC5HEH4TNHFoV2grdAvDgn35 https://explorer.solana.com/tx/5GHEExQsVBSJopEL8Qx3guy1fEgLa9K2aop5Qrk1B3s1MADyExmGmASGKAcgqtNUgC5HEH4TNHFoV2grdAvDgn35
2026-08-17T04:26:22.008Z DEACTIVATE Sent tx: 3KmDvmMeugxppELnR95CTwz1Dj9L5vSx34JU3gDhg9zfJeCC61J4sR3y9Kak5TUZyiU5rqLpZG2NfyvkbztjQUDo https://explorer.solana.com/tx/3KmDvmMeugxppELnR95CTwz1Dj9L5vSx34JU3gDhg9zfJeCC61J4sR3y9Kak5TUZyiU5rqLpZG2NfyvkbztjQUDo
2026-08-17T04:26:22.184Z DEACTIVATE Sent tx: 4DsGERyTHtaG2BLBema3TMFDU3Eepy4V763TA5L9dE6szGjjHbkM6DWuNpQTztLXkEzJnBUri8rXwyR7jPqcxz4K https://explorer.solana.com/tx/4DsGERyTHtaG2BLBema3TMFDU3Eepy4V763TA5L9dE6szGjjHbkM6DWuNpQTztLXkEzJnBUri8rXwyR7jPqcxz4K
Server responded with 429 Too Many Requests.  Retrying after 500ms delay...
2026-08-17T04:26:22.416Z DEACTIVATE Sent tx: 4HRdaznTLr2gWV7bYEeFYVwqic9FPpPLrrYuHLkrm3UtoCazcxC6c3Q4zEJt4jKJPmPZbnR3zLA4bvNkHqPmj89h https://explorer.solana.com/tx/4HRdaznTLr2gWV7bYEeFYVwqic9FPpPLrrYuHLkrm3UtoCazcxC6c3Q4zEJt4jKJPmPZbnR3zLA4bvNkHqPmj89h
Server responded with 429 Too Many Requests.  Retrying after 500ms delay...
2026-08-17T04:26:22.673Z DEACTIVATE Sent tx: 2zFLJkEX3Y4cVo8FiSRycisHLGic3oiGdhDQH3mUHmjjj27NT5rY8Mw2AgrL7YYeQhjtZe5SSu7MkRXioPepJvBN https://explorer.solana.com/tx/2zFLJkEX3Y4cVo8FiSRycisHLGic3oiGdhDQH3mUHmjjj27NT5rY8Mw2AgrL7YYeQhjtZe5SSu7MkRXioPepJvBN
Server responded with 429 Too Many Requests.  Retrying after 500ms delay...
Server responded with 429 Too Many Requests.  Retrying after 1000ms delay...
2026-08-17T04:26:22.846Z DEACTIVATE Sent tx: 3QvsSEVYqNcRzSKJXLBM2RuYXR9xfCuwjVKPbhVdYFvzLauPnbDLBrs291pwdGQDuNgobtMQAGhfbAer4jpwJiHw https://explorer.solana.com/tx/3QvsSEVYqNcRzSKJXLBM2RuYXR9xfCuwjVKPbhVdYFvzLauPnbDLBrs291pwdGQDuNgobtMQAGhfbAer4jpwJiHw
Server responded with 429 Too Many Requests.  Retrying after 500ms delay...
2026-08-17T04:26:23.018Z DEACTIVATE Sent tx: 29gN2PW7QVkS7WRrLdQGmQg5yhgeaaZL1DiqovyuoeJd6CKtSGrs7JRKe1JUguHDGALUEXyqEeHjkTTmhDms5aKJ https://explorer.solana.com/tx/29gN2PW7QVkS7WRrLdQGmQg5yhgeaaZL1DiqovyuoeJd6CKtSGrs7JRKe1JUguHDGALUEXyqEeHjkTTmhDms5aKJ
Server responded with 429 Too Many Requests.  Retrying after 1000ms delay...
Server responded with 429 Too Many Requests.  Retrying after 500ms delay...
2026-08-17T04:26:23.254Z DEACTIVATE Sent tx: 4yqy3nd2cVS3tDunkr7bkt5mkkfcBahwTjituz2gHBXeoAZgFwvU59sPsYNpBYMhjwVpgfLZwWQ3FhrVUu7Bf86R https://explorer.solana.com/tx/4yqy3nd2cVS3tDunkr7bkt5mkkfcBahwTjituz2gHBXeoAZgFwvU59sPsYNpBYMhjwVpgfLZwWQ3FhrVUu7Bf86R
Server responded with 429 Too Many Requests.  Retrying after 1000ms delay...
Server responded with 429 Too Many Requests.  Retrying after 500ms delay...
2026-08-17T04:26:23.485Z DEACTIVATE Sent tx: XMzWBrAvrV3E4aNyZjLEjP9tT5Dh8FcwmaiSLnELfj9GQg94DK9wwfw6geNZiPLgEL2uoqpSCnXxXGtsmq4PCba https://explorer.solana.com/tx/XMzWBrAvrV3E4aNyZjLEjP9tT5Dh8FcwmaiSLnELfj9GQg94DK9wwfw6geNZiPLgEL2uoqpSCnXxXGtsmq4PCba
Server responded with 429 Too Many Requests.  Retrying after 1000ms delay...
Server responded with 429 Too Many Requests.  Retrying after 500ms delay...
Server responded with 429 Too Many Requests.  Retrying after 1000ms delay...
Server responded with 429 Too Many Requests.  Retrying after 500ms delay...
Server responded with 429 Too Many Requests.  Retrying after 1000ms delay...
Server responded with 429 Too Many Requests.  Retrying after 2000ms delay...
Server responded with 429 Too Many Requests.  Retrying after 1000ms delay...
Server responded with 429 Too Many Requests.  Retrying after 2000ms delay...
Server responded with 429 Too Many Requests.  Retrying after 1000ms delay...
Server responded with 429 Too Many Requests.  Retrying after 2000ms delay...
Server responded with 429 Too Many Requests.  Retrying after 2000ms delay...
Server responded with 429 Too Many Requests.  Retrying after 2000ms delay...
Server responded with 429 Too Many Requests.  Retrying after 2000ms delay...
Server responded with 429 Too Many Requests.  Retrying after 2000ms delay...
Server responded with 429 Too Many Requests.  Retrying after 2000ms delay...
Server responded with 429 Too Many Requests.  Retrying after 4000ms delay...
Server responded with 429 Too Many Requests.  Retrying after 4000ms delay...
Server responded with 429 Too Many Requests.  Retrying after 4000ms delay...
Server responded with 429 Too Many Requests.  Retrying after 4000ms delay...
Server responded with 429 Too Many Requests.  Retrying after 4000ms delay...
Server responded with 429 Too Many Requests.  Retrying after 4000ms delay...
Server responded with 429 Too Many Requests.  Retrying after 4000ms delay...
Server responded with 429 Too Many Requests.  Retrying after 4000ms delay...
/home/runner/work/solana-deactivate-delinquent/solana-deactivate-delinquent/node_modules/.pnpm/@solana+web3.js@1.87.6/node_modules/@solana/web3.js/lib/index.cjs.js:6474
        callback(new Error(`${res.status} ${res.statusText}: ${text}`));
                 ^

Error: 429 Too Many Requests:  {"jsonrpc":"2.0","error":{"code": 429, "message":"Too many requests for a specific RPC call"}, "id": "e6761e8a-f07a-4630-b2ec-e5c1fbacbf7c" } 

    at ClientBrowser.callServer (/home/runner/work/solana-deactivate-delinquent/solana-deactivate-delinquent/node_modules/.pnpm/@solana+web3.js@1.87.6/node_modules/@solana/web3.js/lib/index.cjs.js:6474:18)
    at process.processTicksAndRejections (node:internal/process/task_queues:95:5)

Node.js v18.20.8
